document,focus_node,focus_type,focus_label,segment_id,segment_text,previous_segment_id,previous_segment_text,next_segment_id,next_segment_text,same_segment_entities,previous_segment_entities,next_segment_entities,current_hasParticipant,current_participationActors,current_resolution_status,audit_flag,original_review_status,original_reviewer_note,suggested_review_action,approved_target_xml_id,approved_basis,approved_confidence,participant_review_status,participant_reviewer_note
cab-001-002,https://w3id.org/leco/data/co-ahrb-cab-001-d002/event_cab-001-002_cab-001-002_s004_a003,leco:Appearance,compareció,cab-001-002_s004,"El Alcalde Juan de Pineda compareció ante la Real Audencia para apelar la sanción, argumento que se encontraba gestionado lo de su nombramiento como Procurador.",cab-001-002_s003,"Los señores capitulares, acordaron ponerlo preso y encargar en su remplazo a don Pedro Vasquez.",cab-001-002_s005,"Se ordenó investigar las acciones y comportamiento del señor Pineda, para fallar por su incumplimiento con el deber de Alcalde Ordinario.",person:person_cab-001-002_cab-001-002_s004_a002|Juan de Pineda|before; org:org_cab-001-002_cab-001-002_s004_a004|Real Audencia|after,person:person_cab-001-002_cab-001-002_s003_a003|Pedro Vasquez|same,,person:person_cab-001-002_cab-001-002_s004_a002|Juan de Pineda,,resolved,resolved_same_segment_before,explicit_recoverable,"Propuesta para revisión: el segmento cab-001-002_s004 contiene persona(s), grupo(s) o institución(es) explícitamente vinculados al acto «compareció». Recuperar al menos un leco:hasParticipant desde la entidad ya anotada. No asignar un rol procesal más específico salvo evidencia textual.",Comprobar que la mención anterior al acto funciona realmente como actor/participante y no como autoridad/destinatario.,,,,pending,
cab-001-002,https://w3id.org/leco/data/co-ahrb-cab-001-d002/event_cab-001-002_cab-001-002_s005_a003,leco:Adjudication,fallar,cab-001-002_s005,"Se ordenó investigar las acciones y comportamiento del señor Pineda, para fallar por su incumplimiento con el deber de Alcalde Ordinario.",cab-001-002_s004,"El Alcalde Juan de Pineda compareció ante la Real Audencia para apelar la sanción, argumento que se encontraba gestionado lo de su nombramiento como Procurador.",,,,person:person_cab-001-002_cab-001-002_s004_a002|Juan de Pineda|same; org:org_cab-001-002_cab-001-002_s004_a004|Real Audencia|same,,person:person_cab-001-002_cab-001-002_s004_a002|Juan de Pineda,,resolved,resolved_previous_context,explicit_recoverable,"Propuesta para revisión: el segmento cab-001-002_s005 contiene persona(s), grupo(s) o institución(es) explícitamente vinculados al acto «fallar». Recuperar al menos un leco:hasParticipant desde la entidad ya anotada. No asignar un rol procesal más específico salvo evidencia textual.",Relación contextual: confirmar continuidad discursiva y conservar provenance/confidence.,,,,pending,
cab-001-002,https://w3id.org/leco/data/co-ahrb-cab-001-d002/event_cab-001-002_cab-001-002_s004_a006,leco:Appointment,nombramiento,cab-001-002_s004,"El Alcalde Juan de Pineda compareció ante la Real Audencia para apelar la sanción, argumento que se encontraba gestionado lo de su nombramiento como Procurador.",cab-001-002_s003,"Los señores capitulares, acordaron ponerlo preso y encargar en su remplazo a don Pedro Vasquez.",cab-001-002_s005,"Se ordenó investigar las acciones y comportamiento del señor Pineda, para fallar por su incumplimiento con el deber de Alcalde Ordinario.",person:person_cab-001-002_cab-001-002_s004_a002|Juan de Pineda|before; org:org_cab-001-002_cab-001-002_s004_a004|Real Audencia|before,person:person_cab-001-002_cab-001-002_s003_a003|Pedro Vasquez|same,,,,unresolved,unresolved,needs_review,"Propuesta para revisión: cab-001-002_s004 menciona actores o afectados, pero no es inequívoco que correspondan al acto «nombramiento» tal como está tipado. Revisar primero la segmentación/tipo de evento antes de enlazar participantes.","Revisar candidatos del mismo segmento y, si no bastan, el contexto anterior/posterior.",,,,pending,
cab-001-002,https://w3id.org/leco/data/co-ahrb-cab-001-d002/event_cab-001-002_cab-001-002_s003_a002,leco:Detention,ponerlo preso,cab-001-002_s003,"Los señores capitulares, acordaron ponerlo preso y encargar en su remplazo a don Pedro Vasquez.",cab-001-002_s002,"En la reunión informó el Alcalde Ordinario, para viajar a las provincias de Perú.",cab-001-002_s004,"El Alcalde Juan de Pineda compareció ante la Real Audencia para apelar la sanción, argumento que se encontraba gestionado lo de su nombramiento como Procurador.",person:person_cab-001-002_cab-001-002_s003_a003|Pedro Vasquez|after,,person:person_cab-001-002_cab-001-002_s004_a002|Juan de Pineda|same; org:org_cab-001-002_cab-001-002_s004_a004|Real Audencia|same,org:org_cab-001-002_cab-001-002_s001_a002|Justicia y Regimiento; person:person_cab-001-002_cab-001-002_s003_a003|Pedro Vasquez,,resolved,multiple_current_targets,contextual_inference,"Propuesta para revisión: el participante de «ponerlo preso» no queda como sujeto inequívoco en cab-001-002_s003, pero puede inferirse por continuidad gramatical/institucional. Revisar el contexto inmediato y, si se acepta, registrar la relación como inferida con evidencia y confianza.",Verificar si la pluralidad está justificada o si alguna relación fue añadida heurísticamente.,,,,pending,
cab-001-002,https://w3id.org/leco/data/co-ahrb-cab-001-d002/event_cab-001-002_cab-001-002_s005_a002,leco:Investigation,investigar,cab-001-002_s005,"Se ordenó investigar las acciones y comportamiento del señor Pineda, para fallar por su incumplimiento con el deber de Alcalde Ordinario.",cab-001-002_s004,"El Alcalde Juan de Pineda compareció ante la Real Audencia para apelar la sanción, argumento que se encontraba gestionado lo de su nombramiento como Procurador.",,,,person:person_cab-001-002_cab-001-002_s004_a002|Juan de Pineda|same; org:org_cab-001-002_cab-001-002_s004_a004|Real Audencia|same,,person:person_cab-001-002_cab-001-002_s004_a002|Juan de Pineda,,resolved,resolved_previous_context,explicit_recoverable,"Propuesta para revisión: el segmento cab-001-002_s005 contiene persona(s), grupo(s) o institución(es) explícitamente vinculados al acto «investigar». Recuperar al menos un leco:hasParticipant desde la entidad ya anotada. No asignar un rol procesal más específico salvo evidencia textual.",Relación contextual: confirmar continuidad discursiva y conservar provenance/confidence.,,,,pending,
cab-001-002,https://w3id.org/leco/data/co-ahrb-cab-001-d002/event_cab-001-002_cab-001-002_s005_a001,leco:OrderAct,ordenó,cab-001-002_s005,"Se ordenó investigar las acciones y comportamiento del señor Pineda, para fallar por su incumplimiento con el deber de Alcalde Ordinario.",cab-001-002_s004,"El Alcalde Juan de Pineda compareció ante la Real Audencia para apelar la sanción, argumento que se encontraba gestionado lo de su nombramiento como Procurador.",,,,person:person_cab-001-002_cab-001-002_s004_a002|Juan de Pineda|same; org:org_cab-001-002_cab-001-002_s004_a004|Real Audencia|same,,person:person_cab-001-002_cab-001-002_s004_a002|Juan de Pineda,,resolved,resolved_previous_context,contextual_inference,"Propuesta para revisión: el participante de «ordenó» no queda como sujeto inequívoco en cab-001-002_s005, pero puede inferirse por continuidad gramatical/institucional. Revisar el contexto inmediato y, si se acepta, registrar la relación como inferida con evidencia y confianza.",Relación contextual: confirmar continuidad discursiva y conservar provenance/confidence.,,,,pending,
cab-001-003,https://w3id.org/leco/data/co-ahrb-cab-001-d003/event_cab-001-003_cab-001-003_s004_a006,leco:RepartimientoAct,repartimientos,cab-001-003_s004,"En este Cabildo se tratá por parte de los miembros del Cabildo Justicia y Regimiento, el contenido de la carta enviada por el señor Gobernador, donde se estipula el tiempo que ha de permanecer los indios en sus repartimientos.",cab-001-003_s003,"Juan de Horosco, Miguel de Trujillo, Hernando de Rojas Regidores, para tratar lo relacionadocon el real servicio.",cab-001-003_s005,"Se acordó expedir a Hernan Suárez para que se encarguen de los asuntos de losnaturales y los repartimientos, presente apelación ante la Real Audencia de Santafé y los Reinos de España.",org:org_cab-001-003_cab-001-003_s002_a001|Cabildo|before; org:org_cab-001-003_cab-001-003_s004_a002|Cabildo Justicia y Regimiento|before,person:person_cab-001-003_cab-001-003_s003_a001|Juan de Horosco|same; person:person_cab-001-003_cab-001-003_s003_a002|Miguel de Trujillo|same; person:person_cab-001-003_cab-001-003_s003_a003|Hernando de Rojas|same,person:person_cab-001-003_cab-001-003_s005_a002|Hernan Suárez|same; org:org_cab-001-003_cab-001-003_s005_a005|Real Audencia de Santafé|same,,,unresolved,unresolved,explicit_recoverable,"Propuesta para revisión: el segmento cab-001-003_s004 contiene persona(s), grupo(s) o institución(es) explícitamente vinculados al acto «repartimientos». Recuperar al menos un leco:hasParticipant desde la entidad ya anotada. No asignar un rol procesal más específico salvo evidencia textual.","Revisar candidatos del mismo segmento y, si no bastan, el contexto anterior/posterior.",,,,pending,
cab-001-003,https://w3id.org/leco/data/co-ahrb-cab-001-d003/event_cab-001-003_cab-001-003_s007_a002,leco:Proclamation,pregonar,cab-001-003_s007,Se ordenó pregonar lo acordado.,cab-001-003_s006,"Se presento otra carta del Cabildo de Santafé, la cual fue leída, donde se ordena el envío de la respuesta por el Licenciado Santiesteban.",,,,org:org_cab-001-003_cab-001-003_s006_a002|Cabildo de Santafé|same; person:person_cab-001-003_cab-001-003_s006_a003|Licenciado Santiesteban|same,,,,unresolved,unresolved,keep_warning,Propuesta para revisión: en cab-001-003_s007 no se identifica un participante concreto e inequívoco para «pregonar». Mantener el warning; no crear una persona o grupo genérico solo para completar SHACL.,"Revisar candidatos del mismo segmento y, si no bastan, el contexto anterior/posterior.",,,,pending,
cab-001-003,https://w3id.org/leco/data/co-ahrb-cab-001-d003/event_cab-001-003_cab-001-003_s007_a001,leco:OrderAct,ordenó,cab-001-003_s007,Se ordenó pregonar lo acordado.,cab-001-003_s006,"Se presento otra carta del Cabildo de Santafé, la cual fue leída, donde se ordena el envío de la respuesta por el Licenciado Santiesteban.",,,,org:org_cab-001-003_cab-001-003_s006_a002|Cabildo de Santafé|same; person:person_cab-001-003_cab-001-003_s006_a003|Licenciado Santiesteban|same,,,,unresolved,unresolved,keep_warning,Propuesta para revisión: en cab-001-003_s007 no se identifica un participante concreto e inequívoco para «ordenó». Mantener el warning; no crear una persona o grupo genérico solo para completar SHACL.,"Revisar candidatos del mismo segmento y, si no bastan, el contexto anterior/posterior.",,,,pending,
cab-001-003,https://w3id.org/leco/data/co-ahrb-cab-001-d003/event_cab-001-003_cab-001-003_s005_a003,leco:RepartimientoAct,repartimientos,cab-001-003_s005,"Se acordó expedir a Hernan Suárez para que se encarguen de los asuntos de losnaturales y los repartimientos, presente apelación ante la Real Audencia de Santafé y los Reinos de España.",cab-001-003_s004,"En este Cabildo se tratá por parte de los miembros del Cabildo Justicia y Regimiento, el contenido de la carta enviada por el señor Gobernador, donde se estipula el tiempo que ha de permanecer los indios en sus repartimientos.",cab-001-003_s006,"Se presento otra carta del Cabildo de Santafé, la cual fue leída, donde se ordena el envío de la respuesta por el Licenciado Santiesteban.",person:person_cab-001-003_cab-001-003_s005_a002|Hernan Suárez|before; org:org_cab-001-003_cab-001-003_s005_a005|Real Audencia de Santafé|after,org:org_cab-001-003_cab-001-003_s002_a001|Cabildo|same; org:org_cab-001-003_cab-001-003_s004_a002|Cabildo Justicia y Regimiento|same,org:org_cab-001-003_cab-001-003_s006_a002|Cabildo de Santafé|same; person:person_cab-001-003_cab-001-003_s006_a003|Licenciado Santiesteban|same,person:person_cab-001-003_cab-001-003_s005_a002|Hernan Suárez,,resolved,resolved_same_segment_before,explicit_recoverable,"Propuesta para revisión: el segmento cab-001-003_s005 contiene persona(s), grupo(s) o institución(es) explícitamente vinculados al acto «repartimientos». Recuperar al menos un leco:hasParticipant desde la entidad ya anotada. No asignar un rol procesal más específico salvo evidencia textual.",Comprobar que la mención anterior al acto funciona realmente como actor/participante y no como autoridad/destinatario.,,,,pending,
cab-001-004,https://w3id.org/leco/data/co-ahrb-cab-001-d004/event_cab-001-004_cab-001-004_s005_a004,leco:OrderAct,mandó,cab-001-004_s005,"2 de Septiembre 1547, se tratá lo relacionado a lo ausencia del teniente, quien se encuentra fuera de la ciudad, el señor gobernador mandó que a su llegada debia justificar la razón de su audencia.",cab-001-004_s004,"Se pidió a los diputados Juan Rodriguez, Diego de Paredes defender las causas de la ciudad.",cab-001-004_s006,En la reunión se habló de un caballo y una yegua que se dejan a cargo de Gómez de Cifuentes.,,person:person_cab-001-004_cab-001-004_s004_a002|Juan Rodriguez|same; person:person_cab-001-004_cab-001-004_s004_a003|Diego de Paredes|same,person:person_cab-001-004_cab-001-004_s006_a001|Gómez de Cifuentes|same,org:org_cab-001-004_cab-001-004_s002_a002|Justicia y Regimiento,,resolved,resolved_target_not_in_local_context_REVIEW,explicit_recoverable,"Propuesta para revisión: el segmento cab-001-004_s005 contiene persona(s), grupo(s) o institución(es) explícitamente vinculados al acto «mandó». Recuperar al menos un leco:hasParticipant desde la entidad ya anotada. No asignar un rol procesal más específico salvo evidencia textual.",El target actual no aparece en el segmento ni en sus vecinos: posible resolución heurística incorrecta.,,,,pending,
cab-001-004,https://w3id.org/leco/data/co-ahrb-cab-001-d004/event_cab-001-004_cab-001-004_s010_a004,leco:Presentation,presentó,cab-001-004_s010,En dicho Cabildo Martin de San Juan Alquacil presentó una petición para que se le descargue del oficio de carcelero negándoce la petición por los señores Justicia y Regimiento.,cab-001-004_s009,Don Pedro de Arevalo presentó una petición en la que se solicita un hierro para las vacas y otros ganados con el fin de herrarlos.,cab-001-004_s011,"Los señores Justicia y Regimiento acordaron nombrar por escribano público y de Cabildo a Don Juan de Padilla, mientras dure el señor Juan de Chinchillas fuera de la ciudad se firmo un documento en el que el señor Padilla recibe el escribano Chinchilla el cargo de Escribano comprometiendose a cumplir con sus obligaciones en el Cabildo.",org:org_cab-001-004_cab-001-004_s002_a001|Cabildo|before; person:person_cab-001-004_cab-001-004_s010_a002|Martin de San Juan|before; org:org_cab-001-004_cab-001-004_s002_a002|Justicia y Regimiento|after,person:person_cab-001-004_cab-001-004_s009_a001|Pedro de Arevalo|same,org:org_cab-001-004_cab-001-004_s002_a002|Justicia y Regimiento|same; org:org_cab-001-004_cab-001-004_s002_a001|Cabildo|same; person:person_cab-001-004_cab-001-004_s011_a006|Juan de Padilla|same; person:person_cab-001-004_cab-001-004_s011_a007|Juan de Chinchillas|same; org:org_cab-001-004_cab-001-004_s002_a001|Cabildo|same,person:person_cab-001-004_cab-001-004_s010_a002|Martin de San Juan,,resolved,resolved_same_segment_before,explicit_recoverable,"Propuesta para revisión: el segmento cab-001-004_s010 contiene persona(s), grupo(s) o institución(es) explícitamente vinculados al acto «presentó». Recuperar al menos un leco:hasParticipant desde la entidad ya anotada. No asignar un rol procesal más específico salvo evidencia textual.",Comprobar que la mención anterior al acto funciona realmente como actor/participante y no como autoridad/destinatario.,,,,pending,
cab-001-004,https://w3id.org/leco/data/co-ahrb-cab-001-d004/event_cab-001-004_cab-001-004_s010_a007,leco:Petition,petición,cab-001-004_s010,En dicho Cabildo Martin de San Juan Alquacil presentó una petición para que se le descargue del oficio de carcelero negándoce la petición por los señores Justicia y Regimiento.,cab-001-004_s009,Don Pedro de Arevalo presentó una petición en la que se solicita un hierro para las vacas y otros ganados con el fin de herrarlos.,cab-001-004_s011,"Los señores Justicia y Regimiento acordaron nombrar por escribano público y de Cabildo a Don Juan de Padilla, mientras dure el señor Juan de Chinchillas fuera de la ciudad se firmo un documento en el que el señor Padilla recibe el escribano Chinchilla el cargo de Escribano comprometiendose a cumplir con sus obligaciones en el Cabildo.",org:org_cab-001-004_cab-001-004_s002_a001|Cabildo|before; person:person_cab-001-004_cab-001-004_s010_a002|Martin de San Juan|before; org:org_cab-001-004_cab-001-004_s002_a002|Justicia y Regimiento|after,person:person_cab-001-004_cab-001-004_s009_a001|Pedro de Arevalo|same,org:org_cab-001-004_cab-001-004_s002_a002|Justicia y Regimiento|same; org:org_cab-001-004_cab-001-004_s002_a001|Cabildo|same; person:person_cab-001-004_cab-001-004_s011_a006|Juan de Padilla|same; person:person_cab-001-004_cab-001-004_s011_a007|Juan de Chinchillas|same; org:org_cab-001-004_cab-001-004_s002_a001|Cabildo|same,person:person_cab-001-004_cab-001-004_s010_a002|Martin de San Juan,,resolved,resolved_same_segment_before,explicit_recoverable,"Propuesta para revisión: el segmento cab-001-004_s010 contiene persona(s), grupo(s) o institución(es) explícitamente vinculados al acto «petición». Recuperar al menos un leco:hasParticipant desde la entidad ya anotada. No asignar un rol procesal más específico salvo evidencia textual.",Comprobar que la mención anterior al acto funciona realmente como actor/participante y no como autoridad/destinatario.,,,,pending,
cab-001-004,https://w3id.org/leco/data/co-ahrb-cab-001-d004/event_cab-001-004_cab-001-004_s003_a001,leco:GrantOfPower,poder,cab-001-004_s003,"Se dió un poder a Hernan Suárez de Villalobos,para que apelara en la Audencia los contenidos del auto que contenian nuevas leyes que afectan a los indios y la tributación del maiz y otras cosas que sacan delas granjas.",cab-001-004_s002,"En este Cabildo los señores Justicia y Regimiento dijeron que por el pregón de un auto que se realizó, donde se mandó hacer la despedida del señor Gobernador por parte de los vecinos del Repartimiento, ya no fueran a tal acto.",cab-001-004_s004,"Se pidió a los diputados Juan Rodriguez, Diego de Paredes defender las causas de la ciudad.",person:person_cab-001-004_cab-001-004_s003_a002|Hernan Suárez de Villalobos|after,org:org_cab-001-004_cab-001-004_s002_a001|Cabildo|same; org:org_cab-001-004_cab-001-004_s002_a002|Justicia y Regimiento|same,person:person_cab-001-004_cab-001-004_s004_a002|Juan Rodriguez|same; person:person_cab-001-004_cab-001-004_s004_a003|Diego de Paredes|same,person:person_cab-001-004_cab-001-004_s003_a002|Hernan Suárez de Villalobos,,resolved,resolved_same_segment_after_REVIEW,explicit_recoverable,"Propuesta para revisión: el segmento cab-001-004_s003 contiene persona(s), grupo(s) o institución(es) explícitamente vinculados al acto «poder». Recuperar al menos un leco:hasParticipant desde la entidad ya anotada. No asignar un rol procesal más específico salvo evidencia textual.",Target situado después del acto: revisar especialmente; puede ser objeto/destinatario y no participante actoral.,,,,pending,
cab-001-004,https://w3id.org/leco/data/co-ahrb-cab-001-d004/event_cab-001-004_cab-001-004_s002_a003,leco:Proclamation,pregón,cab-001-004_s002,"En este Cabildo los señores Justicia y Regimiento dijeron que por el pregón de un auto que se realizó, donde se mandó hacer la despedida del señor Gobernador por parte de los vecinos del Repartimiento, ya no fueran a tal acto.",cab-001-004_s001,"Tunja, 26 de Septimbre 1547.",cab-001-004_s003,"Se dió un poder a Hernan Suárez de Villalobos,para que apelara en la Audencia los contenidos del auto que contenian nuevas leyes que afectan a los indios y la tributación del maiz y otras cosas que sacan delas granjas.",org:org_cab-001-004_cab-001-004_s002_a001|Cabildo|before; org:org_cab-001-004_cab-001-004_s002_a002|Justicia y Regimiento|before,,person:person_cab-001-004_cab-001-004_s003_a002|Hernan Suárez de Villalobos|same,,,unresolved,unresolved,contextual_inference,"Propuesta para revisión: el participante de «pregón» no queda como sujeto inequívoco en cab-001-004_s002, pero puede inferirse por continuidad gramatical/institucional. Revisar el contexto inmediato y, si se acepta, registrar la relación como inferida con evidencia y confianza.","Revisar candidatos del mismo segmento y, si no bastan, el contexto anterior/posterior.",,,,pending,
cab-001-004,https://w3id.org/leco/data/co-ahrb-cab-001-d004/event_cab-001-004_cab-001-004_s008_a004,leco:RepartimientoAct,repartimientos,cab-001-004_s008,Se presentó un mandamiento del señor Gobernador para que se hagan los repartimientos de esta ciudad.,cab-001-004_s007,"En este Cabildo se presentó Juan de la Peña con una petición para que se coloque remedio a la carcel, 10 de Octubre 1547.",cab-001-004_s009,Don Pedro de Arevalo presentó una petición en la que se solicita un hierro para las vacas y otros ganados con el fin de herrarlos.,,org:org_cab-001-004_cab-001-004_s002_a001|Cabildo|same; person:person_cab-001-004_cab-001-004_s007_a003|Juan de la Peña|same,person:person_cab-001-004_cab-001-004_s009_a001|Pedro de Arevalo|same,,,unresolved,unresolved,explicit_recoverable,"Propuesta para revisión: el segmento cab-001-004_s008 contiene persona(s), grupo(s) o institución(es) explícitamente vinculados al acto «repartimientos». Recuperar al menos un leco:hasParticipant desde la entidad ya anotada. No asignar un rol procesal más específico salvo evidencia textual.","Revisar candidatos del mismo segmento y, si no bastan, el contexto anterior/posterior.",,,,pending,
cab-001-004,https://w3id.org/leco/data/co-ahrb-cab-001-d004/event_cab-001-004_cab-001-004_s007_a002,leco:Presentation,presentó,cab-001-004_s007,"En este Cabildo se presentó Juan de la Peña con una petición para que se coloque remedio a la carcel, 10 de Octubre 1547.",cab-001-004_s006,En la reunión se habló de un caballo y una yegua que se dejan a cargo de Gómez de Cifuentes.,cab-001-004_s008,Se presentó un mandamiento del señor Gobernador para que se hagan los repartimientos de esta ciudad.,org:org_cab-001-004_cab-001-004_s002_a001|Cabildo|before; person:person_cab-001-004_cab-001-004_s007_a003|Juan de la Peña|after,person:person_cab-001-004_cab-001-004_s006_a001|Gómez de Cifuentes|same,,person:person_cab-001-004_cab-001-004_s007_a003|Juan de la Peña,,resolved,resolved_same_segment_after_REVIEW,explicit_recoverable,"Propuesta para revisión: el segmento cab-001-004_s007 contiene persona(s), grupo(s) o institución(es) explícitamente vinculados al acto «presentó». Recuperar al menos un leco:hasParticipant desde la entidad ya anotada. No asignar un rol procesal más específico salvo evidencia textual.",Target situado después del acto: revisar especialmente; puede ser objeto/destinatario y no participante actoral.,,,,pending,
cab-001-004,https://w3id.org/leco/data/co-ahrb-cab-001-d004/event_cab-001-004_cab-001-004_s008_a001,leco:Presentation,presentó,cab-001-004_s008,Se presentó un mandamiento del señor Gobernador para que se hagan los repartimientos de esta ciudad.,cab-001-004_s007,"En este Cabildo se presentó Juan de la Peña con una petición para que se coloque remedio a la carcel, 10 de Octubre 1547.",cab-001-004_s009,Don Pedro de Arevalo presentó una petición en la que se solicita un hierro para las vacas y otros ganados con el fin de herrarlos.,,org:org_cab-001-004_cab-001-004_s002_a001|Cabildo|same; person:person_cab-001-004_cab-001-004_s007_a003|Juan de la Peña|same,person:person_cab-001-004_cab-001-004_s009_a001|Pedro de Arevalo|same,,,unresolved,unresolved,keep_warning,Propuesta para revisión: en cab-001-004_s008 no se identifica un participante concreto e inequívoco para «presentó». Mantener el warning; no crear una persona o grupo genérico solo para completar SHACL.,"Revisar candidatos del mismo segmento y, si no bastan, el contexto anterior/posterior.",,,,pending,
cab-001-004,https://w3id.org/leco/data/co-ahrb-cab-001-d004/event_cab-001-004_cab-001-004_s007_a004,leco:Petition,petición,cab-001-004_s007,"En este Cabildo se presentó Juan de la Peña con una petición para que se coloque remedio a la carcel, 10 de Octubre 1547.",cab-001-004_s006,En la reunión se habló de un caballo y una yegua que se dejan a cargo de Gómez de Cifuentes.,cab-001-004_s008,Se presentó un mandamiento del señor Gobernador para que se hagan los repartimientos de esta ciudad.,org:org_cab-001-004_cab-001-004_s002_a001|Cabildo|before; person:person_cab-001-004_cab-001-004_s007_a003|Juan de la Peña|before,person:person_cab-001-004_cab-001-004_s006_a001|Gómez de Cifuentes|same,,person:person_cab-001-004_cab-001-004_s007_a003|Juan de la Peña,,resolved,resolved_same_segment_before,explicit_recoverable,"Propuesta para revisión: el segmento cab-001-004_s007 contiene persona(s), grupo(s) o institución(es) explícitamente vinculados al acto «petición». Recuperar al menos un leco:hasParticipant desde la entidad ya anotada. No asignar un rol procesal más específico salvo evidencia textual.",Comprobar que la mención anterior al acto funciona realmente como actor/participante y no como autoridad/destinatario.,,,,pending,
cab-001-004,https://w3id.org/leco/data/co-ahrb-cab-001-d004/event_cab-001-004_cab-001-004_s002_a005,leco:OrderAct,mandó,cab-001-004_s002,"En este Cabildo los señores Justicia y Regimiento dijeron que por el pregón de un auto que se realizó, donde se mandó hacer la despedida del señor Gobernador por parte de los vecinos del Repartimiento, ya no fueran a tal acto.",cab-001-004_s001,"Tunja, 26 de Septimbre 1547.",cab-001-004_s003,"Se dió un poder a Hernan Suárez de Villalobos,para que apelara en la Audencia los contenidos del auto que contenian nuevas leyes que afectan a los indios y la tributación del maiz y otras cosas que sacan delas granjas.",org:org_cab-001-004_cab-001-004_s002_a001|Cabildo|before; org:org_cab-001-004_cab-001-004_s002_a002|Justicia y Regimiento|before,,person:person_cab-001-004_cab-001-004_s003_a002|Hernan Suárez de Villalobos|same,,,unresolved,unresolved,contextual_inference,"Propuesta para revisión: el participante de «mandó» no queda como sujeto inequívoco en cab-001-004_s002, pero puede inferirse por continuidad gramatical/institucional. Revisar el contexto inmediato y, si se acepta, registrar la relación como inferida con evidencia y confianza.","Revisar candidatos del mismo segmento y, si no bastan, el contexto anterior/posterior.",,,,pending,
cab-001-004,https://w3id.org/leco/data/co-ahrb-cab-001-d004/event_cab-001-004_cab-001-004_s009_a002,leco:Presentation,presentó,cab-001-004_s009,Don Pedro de Arevalo presentó una petición en la que se solicita un hierro para las vacas y otros ganados con el fin de herrarlos.,cab-001-004_s008,Se presentó un mandamiento del señor Gobernador para que se hagan los repartimientos de esta ciudad.,cab-001-004_s010,En dicho Cabildo Martin de San Juan Alquacil presentó una petición para que se le descargue del oficio de carcelero negándoce la petición por los señores Justicia y Regimiento.,person:person_cab-001-004_cab-001-004_s009_a001|Pedro de Arevalo|before,,org:org_cab-001-004_cab-001-004_s002_a001|Cabildo|same; person:person_cab-001-004_cab-001-004_s010_a002|Martin de San Juan|same; org:org_cab-001-004_cab-001-004_s002_a002|Justicia y Regimiento|same,person:person_cab-001-004_cab-001-004_s009_a001|Pedro de Arevalo,,resolved,resolved_same_segment_before,explicit_recoverable,"Propuesta para revisión: el segmento cab-001-004_s009 contiene persona(s), grupo(s) o institución(es) explícitamente vinculados al acto «presentó». Recuperar al menos un leco:hasParticipant desde la entidad ya anotada. No asignar un rol procesal más específico salvo evidencia textual.",Comprobar que la mención anterior al acto funciona realmente como actor/participante y no como autoridad/destinatario.,,,,pending,
cab-001-004,https://w3id.org/leco/data/co-ahrb-cab-001-d004/event_cab-001-004_cab-001-004_s002_a008,leco:RepartimientoAct,Repartimiento,cab-001-004_s002,"En este Cabildo los señores Justicia y Regimiento dijeron que por el pregón de un auto que se realizó, donde se mandó hacer la despedida del señor Gobernador por parte de los vecinos del Repartimiento, ya no fueran a tal acto.",cab-001-004_s001,"Tunja, 26 de Septimbre 1547.",cab-001-004_s003,"Se dió un poder a Hernan Suárez de Villalobos,para que apelara en la Audencia los contenidos del auto que contenian nuevas leyes que afectan a los indios y la tributación del maiz y otras cosas que sacan delas granjas.",org:org_cab-001-004_cab-001-004_s002_a001|Cabildo|before; org:org_cab-001-004_cab-001-004_s002_a002|Justicia y Regimiento|before,,person:person_cab-001-004_cab-001-004_s003_a002|Hernan Suárez de Villalobos|same,,,unresolved,unresolved,needs_review,"Propuesta para revisión: cab-001-004_s002 menciona actores o afectados, pero no es inequívoco que correspondan al acto «Repartimiento» tal como está tipado. Revisar primero la segmentación/tipo de evento antes de enlazar participantes.","Revisar candidatos del mismo segmento y, si no bastan, el contexto anterior/posterior.",,,,pending,
cab-001-006,https://w3id.org/leco/data/co-ahrb-cab-001-d006/event_cab-001-006_cab-001-006_s006_a001,leco:RepartimientoAct,repartimientos,cab-001-006_s006,Finalmente; seguir autorizando los repartimientos de tierras e Indios a los primeros descubridores y conquistadores del Nuevo Reino de Granada.,cab-001-006_s005,"Por cuanto es costumbre de los gobernantes del Reino y de las justicias, se pregona las penas contra los Indios, Suspenderlos, castigarlos por causar problemas con los vecinos de la ciudad dónde se fiel cumplimiento a esta carta Real Provisión.",cab-001-006_s007,"Los miembros del Cabildo acordaron, dar cumplimiento a lo acordado, en la Real Provisión .",,,org:org_cab-001-006_cab-001-006_s007_a001|Cabildo|same,,,unresolved,unresolved,explicit_recoverable,"Propuesta para revisión: el segmento cab-001-006_s006 contiene persona(s), grupo(s) o institución(es) explícitamente vinculados al acto «repartimientos». Recuperar al menos un leco:hasParticipant desde la entidad ya anotada. No asignar un rol procesal más específico salvo evidencia textual.","Revisar candidatos del mismo segmento y, si no bastan, el contexto anterior/posterior.",,,,pending,
cab-001-006,https://w3id.org/leco/data/co-ahrb-cab-001-d006/event_cab-001-006_cab-001-006_s005_a004,leco:Punishment,castigarlos,cab-001-006_s005,"Por cuanto es costumbre de los gobernantes del Reino y de las justicias, se pregona las penas contra los Indios, Suspenderlos, castigarlos por causar problemas con los vecinos de la ciudad dónde se fiel cumplimiento a esta carta Real Provisión.",cab-001-006_s004,"Por cuanto en los confines y términos de la ciudad de Tunja y sus provincias y poblaciones de Indios hay guerras entre ellos con los Caribes los cuales comen carne humana, para que estos sean castigados por los españoles.",cab-001-006_s006,Finalmente; seguir autorizando los repartimientos de tierras e Indios a los primeros descubridores y conquistadores del Nuevo Reino de Granada.,,,,,,unresolved,unresolved,explicit_recoverable,"Propuesta para revisión: el segmento cab-001-006_s005 contiene persona(s), grupo(s) o institución(es) explícitamente vinculados al acto «castigarlos». Recuperar al menos un leco:hasParticipant desde la entidad ya anotada. No asignar un rol procesal más específico salvo evidencia textual.","Revisar candidatos del mismo segmento y, si no bastan, el contexto anterior/posterior.",,,,pending,
cab-001-006,https://w3id.org/leco/data/co-ahrb-cab-001-d006/event_cab-001-006_cab-001-006_s004_a004,leco:Punishment,castigados,cab-001-006_s004,"Por cuanto en los confines y términos de la ciudad de Tunja y sus provincias y poblaciones de Indios hay guerras entre ellos con los Caribes los cuales comen carne humana, para que estos sean castigados por los españoles.",cab-001-006_s003,"Hacer relación de su majestad de la cantidad de oro,espadas, Piedras preciosas producidas en este reino, para que por medio de la Real Audencia se entregue el informe, agregando las tierras mas fertiles de los Indigenas ó naturales.",cab-001-006_s005,"Por cuanto es costumbre de los gobernantes del Reino y de las justicias, se pregona las penas contra los Indios, Suspenderlos, castigarlos por causar problemas con los vecinos de la ciudad dónde se fiel cumplimiento a esta carta Real Provisión.",,org:org_cab-001-006_cab-001-006_s003_a002|Real Audencia|same,,,,unresolved,unresolved,needs_review,"Propuesta para revisión: cab-001-006_s004 menciona actores o afectados, pero no es inequívoco que correspondan al acto «castigados» tal como está tipado. Revisar primero la segmentación/tipo de evento antes de enlazar participantes.","Revisar candidatos del mismo segmento y, si no bastan, el contexto anterior/posterior.",,,,pending,
cab-001-006,https://w3id.org/leco/data/co-ahrb-cab-001-d006/event_cab-001-006_cab-001-006_s005_a002,leco:Sanction,penas,cab-001-006_s005,"Por cuanto es costumbre de los gobernantes del Reino y de las justicias, se pregona las penas contra los Indios, Suspenderlos, castigarlos por causar problemas con los vecinos de la ciudad dónde se fiel cumplimiento a esta carta Real Provisión.",cab-001-006_s004,"Por cuanto en los confines y términos de la ciudad de Tunja y sus provincias y poblaciones de Indios hay guerras entre ellos con los Caribes los cuales comen carne humana, para que estos sean castigados por los españoles.",cab-001-006_s006,Finalmente; seguir autorizando los repartimientos de tierras e Indios a los primeros descubridores y conquistadores del Nuevo Reino de Granada.,,,,,,unresolved,unresolved,explicit_recoverable,"Propuesta para revisión: el segmento cab-001-006_s005 contiene persona(s), grupo(s) o institución(es) explícitamente vinculados al acto «penas». Recuperar al menos un leco:hasParticipant desde la entidad ya anotada. No asignar un rol procesal más específico salvo evidencia textual.","Revisar candidatos del mismo segmento y, si no bastan, el contexto anterior/posterior.",,,,pending,
cab-001-006,https://w3id.org/leco/data/co-ahrb-cab-001-d006/event_cab-001-006_cab-001-006_s002_a001,leco:Appointment,Nombrar,cab-001-006_s002,"Nombrar regidores perpetuos a personas hábiles, idónes que sean pobladores y descubridores del Nuevo Reino.",cab-001-006_s001,"Don Pedro de Colmenares y Alonso Tellez informan al Consejode Indias sobre la situación de los descubridores y comendaderos de la ciudad deTunja, para que cumplan las nuevas leyes, ante los motines de Indios, la perpetuidad de los repartimintos del Reino,el pago de las mitas, comprar negros para que ayuden a abrir el camino para el desembarco del Rio Grande de este reino.",cab-001-006_s003,"Hacer relación de su majestad de la cantidad de oro,espadas, Piedras preciosas producidas en este reino, para que por medio de la Real Audencia se entregue el informe, agregando las tierras mas fertiles de los Indigenas ó naturales.",,person:person_cab-001-006_cab-001-006_s001_a001|Pedro de Colmenares|same; person:person_cab-001-006_cab-001-006_s001_a002|Alonso Tellez|same,org:org_cab-001-006_cab-001-006_s003_a002|Real Audencia|same,,,unresolved,unresolved,keep_warning,Propuesta para revisión: en cab-001-006_s002 no se identifica un participante concreto e inequívoco para «Nombrar». Mantener el warning; no crear una persona o grupo genérico solo para completar SHACL.,"Revisar candidatos del mismo segmento y, si no bastan, el contexto anterior/posterior.",,,,pending,
cab-001-007,https://w3id.org/leco/data/co-ahrb-cab-001-d007/event_cab-001-007_cab-001-007_s002_a002,leco:Appeal,apelaciones,cab-001-007_s002,"Dentro de las funciones asignadas, deben realizar suplicas, apelaciones, velar por los negocios de la ciudad, dar cumplimiento de las leyes de su Magestad, poner remedio a los conflictos de los naturales y de los colonos, para el bien de los vecinos del Nuevo Reino de Granada.",cab-001-007_s001,"Los miembros del Cabildo, Justicia y Regimiento otorgan el poder de Procuradores a don Pedro de Colemenares y Alonso Tellez, para que defiendan las causas de la ciudad de Tunja, ante la Real Audiencia de Santafé, Provisión fechada a 1 de diciembre de 1547.",cab-001-007_s003,"Los miembros del cabildo, procedieron a tomar el juramento de fidelidad a los dos Procuradores Generales a quienes se les otorgo el poder de representación y defensa de las causas de la provincia.",,org:org_cab-001-007_cab-001-007_s001_a001|Cabildo|same; org:org_cab-001-007_cab-001-007_s001_a002|Justicia y Regimiento|same; person:person_cab-001-007_cab-001-007_s001_a005|Alonso Tellez|same; org:org_cab-001-007_cab-001-007_s001_a007|Real Audiencia de Santafé|same,org:org_cab-001-007_cab-001-007_s001_a001|cabildo|same,,,unresolved,unresolved,contextual_inference,"Propuesta para revisión: el participante de «apelaciones» no queda como sujeto inequívoco en cab-001-007_s002, pero puede inferirse por continuidad gramatical/institucional. Revisar el contexto inmediato y, si se acepta, registrar la relación como inferida con evidencia y confianza.","Revisar candidatos del mismo segmento y, si no bastan, el contexto anterior/posterior.",,,,pending,
cab-001-007,https://w3id.org/leco/data/co-ahrb-cab-001-d007/event_cab-001-007_cab-001-007_s002_a001,leco:Supplication,suplicas,cab-001-007_s002,"Dentro de las funciones asignadas, deben realizar suplicas, apelaciones, velar por los negocios de la ciudad, dar cumplimiento de las leyes de su Magestad, poner remedio a los conflictos de los naturales y de los colonos, para el bien de los vecinos del Nuevo Reino de Granada.",cab-001-007_s001,"Los miembros del Cabildo, Justicia y Regimiento otorgan el poder de Procuradores a don Pedro de Colemenares y Alonso Tellez, para que defiendan las causas de la ciudad de Tunja, ante la Real Audiencia de Santafé, Provisión fechada a 1 de diciembre de 1547.",cab-001-007_s003,"Los miembros del cabildo, procedieron a tomar el juramento de fidelidad a los dos Procuradores Generales a quienes se les otorgo el poder de representación y defensa de las causas de la provincia.",,org:org_cab-001-007_cab-001-007_s001_a001|Cabildo|same; org:org_cab-001-007_cab-001-007_s001_a002|Justicia y Regimiento|same; person:person_cab-001-007_cab-001-007_s001_a005|Alonso Tellez|same; org:org_cab-001-007_cab-001-007_s001_a007|Real Audiencia de Santafé|same,org:org_cab-001-007_cab-001-007_s001_a001|cabildo|same,,,unresolved,unresolved,contextual_inference,"Propuesta para revisión: el participante de «suplicas» no queda como sujeto inequívoco en cab-001-007_s002, pero puede inferirse por continuidad gramatical/institucional. Revisar el contexto inmediato y, si se acepta, registrar la relación como inferida con evidencia y confianza.","Revisar candidatos del mismo segmento y, si no bastan, el contexto anterior/posterior.",,,,pending,
cab-001-007,https://w3id.org/leco/data/co-ahrb-cab-001-d007/event_cab-001-007_cab-001-007_s001_a003,leco:GrantOfPower,poder,cab-001-007_s001,"Los miembros del Cabildo, Justicia y Regimiento otorgan el poder de Procuradores a don Pedro de Colemenares y Alonso Tellez, para que defiendan las causas de la ciudad de Tunja, ante la Real Audiencia de Santafé, Provisión fechada a 1 de diciembre de 1547.",,,cab-001-007_s002,"Dentro de las funciones asignadas, deben realizar suplicas, apelaciones, velar por los negocios de la ciudad, dar cumplimiento de las leyes de su Magestad, poner remedio a los conflictos de los naturales y de los colonos, para el bien de los vecinos del Nuevo Reino de Granada.",org:org_cab-001-007_cab-001-007_s001_a001|Cabildo|before; org:org_cab-001-007_cab-001-007_s001_a002|Justicia y Regimiento|before; person:person_cab-001-007_cab-001-007_s001_a005|Alonso Tellez|after; org:org_cab-001-007_cab-001-007_s001_a007|Real Audiencia de Santafé|after,,,person:person_cab-001-007_cab-001-007_s001_a005|Alonso Tellez,,resolved,resolved_same_segment_after_REVIEW,explicit_recoverable,"Propuesta para revisión: el segmento cab-001-007_s001 contiene persona(s), grupo(s) o institución(es) explícitamente vinculados al acto «poder». Recuperar al menos un leco:hasParticipant desde la entidad ya anotada. No asignar un rol procesal más específico salvo evidencia textual.",Target situado después del acto: revisar especialmente; puede ser objeto/destinatario y no participante actoral.,,,,pending,
cab-001-007,https://w3id.org/leco/data/co-ahrb-cab-001-d007/event_cab-001-007_cab-001-007_s003_a005,leco:GrantOfPower,poder de representación,cab-001-007_s003,"Los miembros del cabildo, procedieron a tomar el juramento de fidelidad a los dos Procuradores Generales a quienes se les otorgo el poder de representación y defensa de las causas de la provincia.",cab-001-007_s002,"Dentro de las funciones asignadas, deben realizar suplicas, apelaciones, velar por los negocios de la ciudad, dar cumplimiento de las leyes de su Magestad, poner remedio a los conflictos de los naturales y de los colonos, para el bien de los vecinos del Nuevo Reino de Granada.",,,org:org_cab-001-007_cab-001-007_s001_a001|cabildo|before,,,org:org_cab-001-007_cab-001-007_s001_a001|Cabildo,,resolved,resolved_same_segment_before,explicit_recoverable,"Propuesta para revisión: el segmento cab-001-007_s003 contiene persona(s), grupo(s) o institución(es) explícitamente vinculados al acto «poder de representación». Recuperar al menos un leco:hasParticipant desde la entidad ya anotada. No asignar un rol procesal más específico salvo evidencia textual.",Comprobar que la mención anterior al acto funciona realmente como actor/participante y no como autoridad/destinatario.,,,,pending,
cab-001-007,https://w3id.org/leco/data/co-ahrb-cab-001-d007/event_cab-001-007_cab-001-007_s003_a002,leco:Oath,juramento,cab-001-007_s003,"Los miembros del cabildo, procedieron a tomar el juramento de fidelidad a los dos Procuradores Generales a quienes se les otorgo el poder de representación y defensa de las causas de la provincia.",cab-001-007_s002,"Dentro de las funciones asignadas, deben realizar suplicas, apelaciones, velar por los negocios de la ciudad, dar cumplimiento de las leyes de su Magestad, poner remedio a los conflictos de los naturales y de los colonos, para el bien de los vecinos del Nuevo Reino de Granada.",,,org:org_cab-001-007_cab-001-007_s001_a001|cabildo|before,,,org:org_cab-001-007_cab-001-007_s001_a001|Cabildo,,resolved,resolved_same_segment_before,explicit_recoverable,"Propuesta para revisión: el segmento cab-001-007_s003 contiene persona(s), grupo(s) o institución(es) explícitamente vinculados al acto «juramento». Recuperar al menos un leco:hasParticipant desde la entidad ya anotada. No asignar un rol procesal más específico salvo evidencia textual.",Comprobar que la mención anterior al acto funciona realmente como actor/participante y no como autoridad/destinatario.,,,,pending,
cab-001-008,https://w3id.org/leco/data/co-ahrb-cab-001-d008/event_cab-001-008_cab-001-008_s005_a003,leco:Presentation,presentó,cab-001-008_s005,"Don Martin de San Juan Alquacil Mayor, presentó una petición, solicitando el nombramiento de un carcelero, para lo cual proponia el nombre de Pedro Gómez.",cab-001-008_s004,"En esta reunión se platicó sobre la necesidad de traer los mercados a la plaza principal, el Alcalde ordinario considera el bienestar de los vecinos y el aprovisamiento del mercado.",,,person:person_cab-001-008_cab-001-008_s005_a001|Martin de San Juan|before; person:person_cab-001-008_cab-001-008_s005_a007|Pedro Gómez|after,,,,,unresolved,unresolved,explicit_recoverable,"Propuesta para revisión: el segmento cab-001-008_s005 contiene persona(s), grupo(s) o institución(es) explícitamente vinculados al acto «presentó». Recuperar al menos un leco:hasParticipant desde la entidad ya anotada. No asignar un rol procesal más específico salvo evidencia textual.","Revisar candidatos del mismo segmento y, si no bastan, el contexto anterior/posterior.",,,,pending,
cab-001-008,https://w3id.org/leco/data/co-ahrb-cab-001-d008/event_cab-001-008_cab-001-008_s003_a002,leco:Appointment,nombrar,cab-001-008_s003,Se acordó nombrar por escribano público de Tunja a Juan quien se le ordena hacer buen uso de su cargo.,cab-001-008_s002,Los miembros del Cabildo se reunieron para tratar asuntos y despachar negocios.,cab-001-008_s004,"En esta reunión se platicó sobre la necesidad de traer los mercados a la plaza principal, el Alcalde ordinario considera el bienestar de los vecinos y el aprovisamiento del mercado.",,org:org_cab-001-008_cab-001-008_s002_a001|Cabildo|same,,,,unresolved,unresolved,explicit_recoverable,"Propuesta para revisión: el segmento cab-001-008_s003 contiene persona(s), grupo(s) o institución(es) explícitamente vinculados al acto «nombrar». Recuperar al menos un leco:hasParticipant desde la entidad ya anotada. No asignar un rol procesal más específico salvo evidencia textual.","Revisar candidatos del mismo segmento y, si no bastan, el contexto anterior/posterior.",,,,pending,
cab-001-011,https://w3id.org/leco/data/co-ahrb-cab-001-d0011/event_cab-001-011_cab-001-011_s004_a003,leco:Sanction,penas,cab-001-011_s004,"En está reunión, dijo Hernán Suarez de Villalobos Regidor, que las penas que se impusieran en el Cabildo, debian hacerse cumplir tanto por los naturales como por los colonos Españoles, al infringir las leyes establecidas.",cab-001-011_s003,"En este Cabildo los señores capitulares autoriza efectuar el cobro de los propios de la ciudad en el valle de Cerinza, donde estan los Indios de Honzaga.",cab-001-011_s005,"Don Juan de Horozco, Regidor estuvo de acuerdo con la propuesta, sugiriendo un plazo de nueve días para el pago de sus deudas, en el caso de los propios.",person:person_cab-001-011_cab-001-011_s004_a001|Hernán Suarez de Villalobos|before; org:org_cab-001-011_cab-001-011_s003_a001|Cabildo|after,org:org_cab-001-011_cab-001-011_s003_a001|Cabildo|same,person:person_cab-001-011_cab-001-011_s005_a001|Juan de Horozco|same,person:person_cab-001-011_cab-001-011_s004_a001|Hernán Suarez de Villalobos,,resolved,resolved_same_segment_before,explicit_recoverable,"Propuesta para revisión: el segmento cab-001-011_s004 contiene persona(s), grupo(s) o institución(es) explícitamente vinculados al acto «penas». Recuperar al menos un leco:hasParticipant desde la entidad ya anotada. No asignar un rol procesal más específico salvo evidencia textual.",Comprobar que la mención anterior al acto funciona realmente como actor/participante y no como autoridad/destinatario.,,,,pending,
cab-001-011,https://w3id.org/leco/data/co-ahrb-cab-001-d0011/event_cab-001-011_cab-001-011_s002_a002,leco:Proclamation,pregonar,cab-001-011_s002,Se ordenó pregonar en toda la ciudad lo acordado sobre los ganados y la probición de dejarlos sueltos.,cab-001-011_s001,"En la ciudad de Tunja, el día 16 de Mayo 1548, se reunieron los miembros del Cabildo Justicia y Regimiento quienes acordaron prohibir a los vecinos de la ciudad permitir andar a los ganados por la calles y la plaza de la misma su pena, de $2 tomines.",cab-001-011_s003,"En este Cabildo los señores capitulares autoriza efectuar el cobro de los propios de la ciudad en el valle de Cerinza, donde estan los Indios de Honzaga.",,org:org_cab-001-011_cab-001-011_s001_a003|Cabildo Justicia y Regimiento|same,org:org_cab-001-011_cab-001-011_s003_a001|Cabildo|same,,,unresolved,unresolved,keep_warning,Propuesta para revisión: en cab-001-011_s002 no se identifica un participante concreto e inequívoco para «pregonar». Mantener el warning; no crear una persona o grupo genérico solo para completar SHACL.,"Revisar candidatos del mismo segmento y, si no bastan, el contexto anterior/posterior.",,,,pending,
cab-001-011,https://w3id.org/leco/data/co-ahrb-cab-001-d0011/event_cab-001-011_cab-001-011_s003_a002,leco:Collection,cobro,cab-001-011_s003,"En este Cabildo los señores capitulares autoriza efectuar el cobro de los propios de la ciudad en el valle de Cerinza, donde estan los Indios de Honzaga.",cab-001-011_s002,Se ordenó pregonar en toda la ciudad lo acordado sobre los ganados y la probición de dejarlos sueltos.,cab-001-011_s004,"En está reunión, dijo Hernán Suarez de Villalobos Regidor, que las penas que se impusieran en el Cabildo, debian hacerse cumplir tanto por los naturales como por los colonos Españoles, al infringir las leyes establecidas.",org:org_cab-001-011_cab-001-011_s003_a001|Cabildo|before,,person:person_cab-001-011_cab-001-011_s004_a001|Hernán Suarez de Villalobos|same; org:org_cab-001-011_cab-001-011_s003_a001|Cabildo|same,org:org_cab-001-011_cab-001-011_s003_a001|Cabildo,,resolved,resolved_same_segment_before,explicit_recoverable,"Propuesta para revisión: el segmento cab-001-011_s003 contiene persona(s), grupo(s) o institución(es) explícitamente vinculados al acto «cobro». Recuperar al menos un leco:hasParticipant desde la entidad ya anotada. No asignar un rol procesal más específico salvo evidencia textual.",Comprobar que la mención anterior al acto funciona realmente como actor/participante y no como autoridad/destinatario.,,,,pending,
cab-001-011,https://w3id.org/leco/data/co-ahrb-cab-001-d0011/event_cab-001-011_cab-001-011_s001_a005,leco:Prohibition,prohibir,cab-001-011_s001,"En la ciudad de Tunja, el día 16 de Mayo 1548, se reunieron los miembros del Cabildo Justicia y Regimiento quienes acordaron prohibir a los vecinos de la ciudad permitir andar a los ganados por la calles y la plaza de la misma su pena, de $2 tomines.",,,cab-001-011_s002,Se ordenó pregonar en toda la ciudad lo acordado sobre los ganados y la probición de dejarlos sueltos.,org:org_cab-001-011_cab-001-011_s001_a003|Cabildo Justicia y Regimiento|before,,,org:org_cab-001-011_cab-001-011_s001_a003|Cabildo Justicia y Regimiento,,resolved,resolved_same_segment_before,explicit_recoverable,"Propuesta para revisión: el segmento cab-001-011_s001 contiene persona(s), grupo(s) o institución(es) explícitamente vinculados al acto «prohibir». Recuperar al menos un leco:hasParticipant desde la entidad ya anotada. No asignar un rol procesal más específico salvo evidencia textual.",Comprobar que la mención anterior al acto funciona realmente como actor/participante y no como autoridad/destinatario.,,,,pending,
cab-001-011,https://w3id.org/leco/data/co-ahrb-cab-001-d0011/event_cab-001-011_cab-001-011_s002_a001,leco:OrderAct,ordenó,cab-001-011_s002,Se ordenó pregonar en toda la ciudad lo acordado sobre los ganados y la probición de dejarlos sueltos.,cab-001-011_s001,"En la ciudad de Tunja, el día 16 de Mayo 1548, se reunieron los miembros del Cabildo Justicia y Regimiento quienes acordaron prohibir a los vecinos de la ciudad permitir andar a los ganados por la calles y la plaza de la misma su pena, de $2 tomines.",cab-001-011_s003,"En este Cabildo los señores capitulares autoriza efectuar el cobro de los propios de la ciudad en el valle de Cerinza, donde estan los Indios de Honzaga.",,org:org_cab-001-011_cab-001-011_s001_a003|Cabildo Justicia y Regimiento|same,org:org_cab-001-011_cab-001-011_s003_a001|Cabildo|same,,,unresolved,unresolved,keep_warning,Propuesta para revisión: en cab-001-011_s002 no se identifica un participante concreto e inequívoco para «ordenó». Mantener el warning; no crear una persona o grupo genérico solo para completar SHACL.,"Revisar candidatos del mismo segmento y, si no bastan, el contexto anterior/posterior.",,,,pending,
cab-001-011,https://w3id.org/leco/data/co-ahrb-cab-001-d0011/event_cab-001-011_cab-001-011_s001_a007,leco:Sanction,pena,cab-001-011_s001,"En la ciudad de Tunja, el día 16 de Mayo 1548, se reunieron los miembros del Cabildo Justicia y Regimiento quienes acordaron prohibir a los vecinos de la ciudad permitir andar a los ganados por la calles y la plaza de la misma su pena, de $2 tomines.",,,cab-001-011_s002,Se ordenó pregonar en toda la ciudad lo acordado sobre los ganados y la probición de dejarlos sueltos.,org:org_cab-001-011_cab-001-011_s001_a003|Cabildo Justicia y Regimiento|before,,,org:org_cab-001-011_cab-001-011_s001_a003|Cabildo Justicia y Regimiento,,resolved,resolved_same_segment_before,explicit_recoverable,"Propuesta para revisión: el segmento cab-001-011_s001 contiene persona(s), grupo(s) o institución(es) explícitamente vinculados al acto «pena». Recuperar al menos un leco:hasParticipant desde la entidad ya anotada. No asignar un rol procesal más específico salvo evidencia textual.",Comprobar que la mención anterior al acto funciona realmente como actor/participante y no como autoridad/destinatario.,,,,pending,
cab-001-012,https://w3id.org/leco/data/co-ahrb-cab-001-d0012/event_cab-001-012_cab-001-012_s002_a003,leco:LandGrant,adjudicación,cab-001-012_s002,"En la reunión se trató lo relacionado a la petición presentada por Francisco Martinez, quien solicita la adjudicación de un pedazo de tierra en Sipatá se acordó proveerla petición, siempre y cuando no fuera lesivo para los vecinos de Tunja, ni para el paso de las yeguas al pueblo.",cab-001-012_s001,Cabildo del 6 de Junio 1549 en el que se reunieron los señores Justicia y Regimiento para tratar los asuntos del Real Servicio.,cab-001-012_s003,"También se acordó mandar a los vecinos hierrantes no pasar con los caballos por dichas tierras, so pena de $10 pesos; se ordenó pregonar la orden.",person:person_cab-001-012_cab-001-012_s002_a002|Francisco Martinez|before,org:org_cab-001-012_cab-001-012_s001_a001|Cabildo|same; org:org_cab-001-012_cab-001-012_s001_a003|Justicia y Regimiento|same,,person:person_cab-001-012_cab-001-012_s002_a002|Francisco Martinez,,resolved,resolved_same_segment_before,explicit_recoverable,"Propuesta para revisión: el segmento cab-001-012_s002 contiene persona(s), grupo(s) o institución(es) explícitamente vinculados al acto «adjudicación». Recuperar al menos un leco:hasParticipant desde la entidad ya anotada. No asignar un rol procesal más específico salvo evidencia textual.",Comprobar que la mención anterior al acto funciona realmente como actor/participante y no como autoridad/destinatario.,,,,pending,
cab-001-012,https://w3id.org/leco/data/co-ahrb-cab-001-d0012/event_cab-001-012_cab-001-012_s006_a004,leco:GrantOfPower,poder,cab-001-012_s006,"Tunja, 23 junio 1549, Cabildo en el que se confiere un poder al Alcalde Ordinario Juan de Orozco para que defienda las causas y negocios de la Ciudad en la Real Audencia.",cab-001-012_s005,"15 de Junio de 1549, fecha en laque se dió cumplimiento al pregón ordenado en el Cabildo del día 6 de Junio 1549.",,,org:org_cab-001-012_cab-001-012_s001_a001|Cabildo|before; person:person_cab-001-012_cab-001-012_s006_a006|Juan de Orozco|after; org:org_cab-001-012_cab-001-012_s006_a007|Real Audencia|after,org:org_cab-001-012_cab-001-012_s001_a001|Cabildo|same,,person:person_cab-001-012_cab-001-012_s006_a006|Juan de Orozco,,resolved,resolved_same_segment_after_REVIEW,explicit_recoverable,"Propuesta para revisión: el segmento cab-001-012_s006 contiene persona(s), grupo(s) o institución(es) explícitamente vinculados al acto «poder». Recuperar al menos un leco:hasParticipant desde la entidad ya anotada. No asignar un rol procesal más específico salvo evidencia textual.",Target situado después del acto: revisar especialmente; puede ser objeto/destinatario y no participante actoral.,,,,pending,
cab-001-012,https://w3id.org/leco/data/co-ahrb-cab-001-d0012/event_cab-001-012_cab-001-012_s005_a002,leco:Proclamation,pregón,cab-001-012_s005,"15 de Junio de 1549, fecha en laque se dió cumplimiento al pregón ordenado en el Cabildo del día 6 de Junio 1549.",cab-001-012_s004,"En el cabildo, aprobaron cobrar medio peso del buen oro, por cada vaca, yegua que se encontrara haciendo daño en las sementeras y en el sementerio.",cab-001-012_s006,"Tunja, 23 junio 1549, Cabildo en el que se confiere un poder al Alcalde Ordinario Juan de Orozco para que defienda las causas y negocios de la Ciudad en la Real Audencia.",org:org_cab-001-012_cab-001-012_s001_a001|Cabildo|after,org:org_cab-001-012_cab-001-012_s001_a001|cabildo|same,org:org_cab-001-012_cab-001-012_s001_a001|Cabildo|same; person:person_cab-001-012_cab-001-012_s006_a006|Juan de Orozco|same; org:org_cab-001-012_cab-001-012_s006_a007|Real Audencia|same,org:org_cab-001-012_cab-001-012_s001_a001|Cabildo,,resolved,resolved_same_segment_after_REVIEW,contextual_inference,"Propuesta para revisión: el participante de «pregón» no queda como sujeto inequívoco en cab-001-012_s005, pero puede inferirse por continuidad gramatical/institucional. Revisar el contexto inmediato y, si se acepta, registrar la relación como inferida con evidencia y confianza.",Target situado después del acto: revisar especialmente; puede ser objeto/destinatario y no participante actoral.,,,,pending,
cab-001-012,https://w3id.org/leco/data/co-ahrb-cab-001-d0012/event_cab-001-012_cab-001-012_s002_a006,leco:Petition,petición,cab-001-012_s002,"En la reunión se trató lo relacionado a la petición presentada por Francisco Martinez, quien solicita la adjudicación de un pedazo de tierra en Sipatá se acordó proveerla petición, siempre y cuando no fuera lesivo para los vecinos de Tunja, ni para el paso de las yeguas al pueblo.",cab-001-012_s001,Cabildo del 6 de Junio 1549 en el que se reunieron los señores Justicia y Regimiento para tratar los asuntos del Real Servicio.,cab-001-012_s003,"También se acordó mandar a los vecinos hierrantes no pasar con los caballos por dichas tierras, so pena de $10 pesos; se ordenó pregonar la orden.",person:person_cab-001-012_cab-001-012_s002_a002|Francisco Martinez|before,org:org_cab-001-012_cab-001-012_s001_a001|Cabildo|same; org:org_cab-001-012_cab-001-012_s001_a003|Justicia y Regimiento|same,,person:person_cab-001-012_cab-001-012_s002_a002|Francisco Martinez,,resolved,resolved_same_segment_before,explicit_recoverable,"Propuesta para revisión: el segmento cab-001-012_s002 contiene persona(s), grupo(s) o institución(es) explícitamente vinculados al acto «petición». Recuperar al menos un leco:hasParticipant desde la entidad ya anotada. No asignar un rol procesal más específico salvo evidencia textual.",Comprobar que la mención anterior al acto funciona realmente como actor/participante y no como autoridad/destinatario.,,,,pending,
cab-001-012,https://w3id.org/leco/data/co-ahrb-cab-001-d0012/event_cab-001-012_cab-001-012_s003_a005,leco:Proclamation,pregonar,cab-001-012_s003,"También se acordó mandar a los vecinos hierrantes no pasar con los caballos por dichas tierras, so pena de $10 pesos; se ordenó pregonar la orden.",cab-001-012_s002,"En la reunión se trató lo relacionado a la petición presentada por Francisco Martinez, quien solicita la adjudicación de un pedazo de tierra en Sipatá se acordó proveerla petición, siempre y cuando no fuera lesivo para los vecinos de Tunja, ni para el paso de las yeguas al pueblo.",cab-001-012_s004,"En el cabildo, aprobaron cobrar medio peso del buen oro, por cada vaca, yegua que se encontrara haciendo daño en las sementeras y en el sementerio.",,person:person_cab-001-012_cab-001-012_s002_a002|Francisco Martinez|same,org:org_cab-001-012_cab-001-012_s001_a001|cabildo|same,,,unresolved,unresolved,contextual_inference,"Propuesta para revisión: el participante de «pregonar» no queda como sujeto inequívoco en cab-001-012_s003, pero puede inferirse por continuidad gramatical/institucional. Revisar el contexto inmediato y, si se acepta, registrar la relación como inferida con evidencia y confianza.","Revisar candidatos del mismo segmento y, si no bastan, el contexto anterior/posterior.",,,,pending,
cab-001-012,https://w3id.org/leco/data/co-ahrb-cab-001-d0012/event_cab-001-012_cab-001-012_s004_a002,leco:Approval,aprobaron,cab-001-012_s004,"En el cabildo, aprobaron cobrar medio peso del buen oro, por cada vaca, yegua que se encontrara haciendo daño en las sementeras y en el sementerio.",cab-001-012_s003,"También se acordó mandar a los vecinos hierrantes no pasar con los caballos por dichas tierras, so pena de $10 pesos; se ordenó pregonar la orden.",cab-001-012_s005,"15 de Junio de 1549, fecha en laque se dió cumplimiento al pregón ordenado en el Cabildo del día 6 de Junio 1549.",org:org_cab-001-012_cab-001-012_s001_a001|cabildo|before,,org:org_cab-001-012_cab-001-012_s001_a001|Cabildo|same,org:org_cab-001-012_cab-001-012_s001_a001|Cabildo,,resolved,resolved_same_segment_before,contextual_inference,"Propuesta para revisión: el participante de «aprobaron» no queda como sujeto inequívoco en cab-001-012_s004, pero puede inferirse por continuidad gramatical/institucional. Revisar el contexto inmediato y, si se acepta, registrar la relación como inferida con evidencia y confianza.",Comprobar que la mención anterior al acto funciona realmente como actor/participante y no como autoridad/destinatario.,,,,pending,
cab-001-012,https://w3id.org/leco/data/co-ahrb-cab-001-d0012/event_cab-001-012_cab-001-012_s004_a003,leco:Collection,cobrar,cab-001-012_s004,"En el cabildo, aprobaron cobrar medio peso del buen oro, por cada vaca, yegua que se encontrara haciendo daño en las sementeras y en el sementerio.",cab-001-012_s003,"También se acordó mandar a los vecinos hierrantes no pasar con los caballos por dichas tierras, so pena de $10 pesos; se ordenó pregonar la orden.",cab-001-012_s005,"15 de Junio de 1549, fecha en laque se dió cumplimiento al pregón ordenado en el Cabildo del día 6 de Junio 1549.",org:org_cab-001-012_cab-001-012_s001_a001|cabildo|before,,org:org_cab-001-012_cab-001-012_s001_a001|Cabildo|same,org:org_cab-001-012_cab-001-012_s001_a001|Cabildo,,resolved,resolved_same_segment_before,contextual_inference,"Propuesta para revisión: el participante de «cobrar» no queda como sujeto inequívoco en cab-001-012_s004, pero puede inferirse por continuidad gramatical/institucional. Revisar el contexto inmediato y, si se acepta, registrar la relación como inferida con evidencia y confianza.",Comprobar que la mención anterior al acto funciona realmente como actor/participante y no como autoridad/destinatario.,,,,pending,
cab-001-012,https://w3id.org/leco/data/co-ahrb-cab-001-d0012/event_cab-001-012_cab-001-012_s003_a003,leco:Sanction,pena,cab-001-012_s003,"También se acordó mandar a los vecinos hierrantes no pasar con los caballos por dichas tierras, so pena de $10 pesos; se ordenó pregonar la orden.",cab-001-012_s002,"En la reunión se trató lo relacionado a la petición presentada por Francisco Martinez, quien solicita la adjudicación de un pedazo de tierra en Sipatá se acordó proveerla petición, siempre y cuando no fuera lesivo para los vecinos de Tunja, ni para el paso de las yeguas al pueblo.",cab-001-012_s004,"En el cabildo, aprobaron cobrar medio peso del buen oro, por cada vaca, yegua que se encontrara haciendo daño en las sementeras y en el sementerio.",,person:person_cab-001-012_cab-001-012_s002_a002|Francisco Martinez|same,org:org_cab-001-012_cab-001-012_s001_a001|cabildo|same,org:org_cab-001-012_cab-001-012_s001_a001|Cabildo,,resolved,resolved_next_context_REVIEW,explicit_recoverable,"Propuesta para revisión: el segmento cab-001-012_s003 contiene persona(s), grupo(s) o institución(es) explícitamente vinculados al acto «pena». Recuperar al menos un leco:hasParticipant desde la entidad ya anotada. No asignar un rol procesal más específico salvo evidencia textual.",Target solo aparece en el segmento siguiente; requiere revisión humana cuidadosa.,,,,pending,
cab-001-012,https://w3id.org/leco/data/co-ahrb-cab-001-d0012/event_cab-001-012_cab-001-012_s003_a004,leco:OrderAct,ordenó,cab-001-012_s003,"También se acordó mandar a los vecinos hierrantes no pasar con los caballos por dichas tierras, so pena de $10 pesos; se ordenó pregonar la orden.",cab-001-012_s002,"En la reunión se trató lo relacionado a la petición presentada por Francisco Martinez, quien solicita la adjudicación de un pedazo de tierra en Sipatá se acordó proveerla petición, siempre y cuando no fuera lesivo para los vecinos de Tunja, ni para el paso de las yeguas al pueblo.",cab-001-012_s004,"En el cabildo, aprobaron cobrar medio peso del buen oro, por cada vaca, yegua que se encontrara haciendo daño en las sementeras y en el sementerio.",,person:person_cab-001-012_cab-001-012_s002_a002|Francisco Martinez|same,org:org_cab-001-012_cab-001-012_s001_a001|cabildo|same,org:org_cab-001-012_cab-001-012_s001_a001|Cabildo,,resolved,resolved_next_context_REVIEW,explicit_recoverable,"Propuesta para revisión: el segmento cab-001-012_s003 contiene persona(s), grupo(s) o institución(es) explícitamente vinculados al acto «ordenó». Recuperar al menos un leco:hasParticipant desde la entidad ya anotada. No asignar un rol procesal más específico salvo evidencia textual.",Target solo aparece en el segmento siguiente; requiere revisión humana cuidadosa.,,,,pending,
cab-001-016,https://w3id.org/leco/data/co-ahrb-cab-001-d0016/event_cab-001-016_cab-001-016_s003_a003,leco:Presentation,presentó,cab-001-016_s003,"Tunja, 8 agosto 1548, se presentó una petición por parte de Baltazar Gómez de Avila, quien propone un nuevo precio para la venta de la arroba de Carne de Vaca a $1 tomine y $2 tomines para vender la arroba de carnero; ademas que se lleve un control de pesaje semanalmente.",cab-001-016_s002,"En la reunión se leyó la orden del Gobernador Juan de Orozco, se acató y mando ejecutar por parte de los señores Justicia y Regimiento.",cab-001-016_s004,Se aprobó. 14 agosto 1548 se mandó rematar la carne en favor de Baltazar Gómez de Avila y se de cumplimiento al pesaje de los novillos cada 15 días.,person:person_cab-001-016_cab-001-016_s003_a005|Baltazar Gómez de Avila|after,person:person_cab-001-016_cab-001-016_s002_a004|Juan de Orozco|same; org:org_cab-001-016_cab-001-016_s002_a007|Justicia y Regimiento|same,person:person_cab-001-016_cab-001-016_s003_a005|Baltazar Gómez de Avila|same,person:person_cab-001-016_cab-001-016_s003_a005|Baltazar Gómez de Avila,,resolved,resolved_same_segment_after_REVIEW,explicit_recoverable,"Propuesta para revisión: el segmento cab-001-016_s003 contiene persona(s), grupo(s) o institución(es) explícitamente vinculados al acto «presentó». Recuperar al menos un leco:hasParticipant desde la entidad ya anotada. No asignar un rol procesal más específico salvo evidencia textual.",Target situado después del acto: revisar especialmente; puede ser objeto/destinatario y no participante actoral.,,,,pending,
cab-001-016,https://w3id.org/leco/data/co-ahrb-cab-001-d0016/event_cab-001-016_cab-001-016_s002_a001,leco:ReadingAct,leyó,cab-001-016_s002,"En la reunión se leyó la orden del Gobernador Juan de Orozco, se acató y mando ejecutar por parte de los señores Justicia y Regimiento.",cab-001-016_s001,"En la ciudad de Tunja, 21 de Junio 1548 se reunieron los miembros del Cabildo para tratar los asuntos del Real Servicio.",cab-001-016_s003,"Tunja, 8 agosto 1548, se presentó una petición por parte de Baltazar Gómez de Avila, quien propone un nuevo precio para la venta de la arroba de Carne de Vaca a $1 tomine y $2 tomines para vender la arroba de carnero; ademas que se lleve un control de pesaje semanalmente.",person:person_cab-001-016_cab-001-016_s002_a004|Juan de Orozco|after; org:org_cab-001-016_cab-001-016_s002_a007|Justicia y Regimiento|after,org:org_cab-001-016_cab-001-016_s001_a003|Cabildo|same,person:person_cab-001-016_cab-001-016_s003_a005|Baltazar Gómez de Avila|same,person:person_cab-001-016_cab-001-016_s002_a004|Juan de Orozco,,resolved,resolved_same_segment_after_REVIEW,explicit_recoverable,"Propuesta para revisión: el segmento cab-001-016_s002 contiene persona(s), grupo(s) o institución(es) explícitamente vinculados al acto «leyó». Recuperar al menos un leco:hasParticipant desde la entidad ya anotada. No asignar un rol procesal más específico salvo evidencia textual.",Target situado después del acto: revisar especialmente; puede ser objeto/destinatario y no participante actoral.,,,,pending,
cab-001-016,https://w3id.org/leco/data/co-ahrb-cab-001-d0016/event_cab-001-016_cab-001-016_s002_a005,leco:Obedience,acató,cab-001-016_s002,"En la reunión se leyó la orden del Gobernador Juan de Orozco, se acató y mando ejecutar por parte de los señores Justicia y Regimiento.",cab-001-016_s001,"En la ciudad de Tunja, 21 de Junio 1548 se reunieron los miembros del Cabildo para tratar los asuntos del Real Servicio.",cab-001-016_s003,"Tunja, 8 agosto 1548, se presentó una petición por parte de Baltazar Gómez de Avila, quien propone un nuevo precio para la venta de la arroba de Carne de Vaca a $1 tomine y $2 tomines para vender la arroba de carnero; ademas que se lleve un control de pesaje semanalmente.",person:person_cab-001-016_cab-001-016_s002_a004|Juan de Orozco|before; org:org_cab-001-016_cab-001-016_s002_a007|Justicia y Regimiento|after,org:org_cab-001-016_cab-001-016_s001_a003|Cabildo|same,person:person_cab-001-016_cab-001-016_s003_a005|Baltazar Gómez de Avila|same,person:person_cab-001-016_cab-001-016_s002_a004|Juan de Orozco,,resolved,resolved_same_segment_before,explicit_recoverable,"Propuesta para revisión: el segmento cab-001-016_s002 contiene persona(s), grupo(s) o institución(es) explícitamente vinculados al acto «acató». Recuperar al menos un leco:hasParticipant desde la entidad ya anotada. No asignar un rol procesal más específico salvo evidencia textual.",Comprobar que la mención anterior al acto funciona realmente como actor/participante y no como autoridad/destinatario.,,,,pending,
cab-001-016,https://w3id.org/leco/data/co-ahrb-cab-001-d0016/event_cab-001-016_cab-001-016_s004_a004,leco:AuctionAward,rematar,cab-001-016_s004,Se aprobó. 14 agosto 1548 se mandó rematar la carne en favor de Baltazar Gómez de Avila y se de cumplimiento al pesaje de los novillos cada 15 días.,cab-001-016_s003,"Tunja, 8 agosto 1548, se presentó una petición por parte de Baltazar Gómez de Avila, quien propone un nuevo precio para la venta de la arroba de Carne de Vaca a $1 tomine y $2 tomines para vender la arroba de carnero; ademas que se lleve un control de pesaje semanalmente.",cab-001-016_s005,En este día se recibió por vecino de Tunja a Luis de Mallaca y se le proveyó una tenencia de 30 pies de largo por 30 pies de ancho en las tierras de Pedro Gómez.,person:person_cab-001-016_cab-001-016_s003_a005|Baltazar Gómez de Avila|after,person:person_cab-001-016_cab-001-016_s003_a005|Baltazar Gómez de Avila|same,person:person_cab-001-016_cab-001-016_s005_a002|Luis de Mallaca|same; person:person_cab-001-016_cab-001-016_s005_a003|Pedro Gómez|same,person:person_cab-001-016_cab-001-016_s003_a005|Baltazar Gómez de Avila,,resolved,resolved_same_segment_after_REVIEW,explicit_recoverable,"Propuesta para revisión: el segmento cab-001-016_s004 contiene persona(s), grupo(s) o institución(es) explícitamente vinculados al acto «rematar». Recuperar al menos un leco:hasParticipant desde la entidad ya anotada. No asignar un rol procesal más específico salvo evidencia textual.",Target situado después del acto: revisar especialmente; puede ser objeto/destinatario y no participante actoral.,,,,pending,
cab-001-016,https://w3id.org/leco/data/co-ahrb-cab-001-d0016/event_cab-001-016_cab-001-016_s004_a003,leco:OrderAct,mandó,cab-001-016_s004,Se aprobó. 14 agosto 1548 se mandó rematar la carne en favor de Baltazar Gómez de Avila y se de cumplimiento al pesaje de los novillos cada 15 días.,cab-001-016_s003,"Tunja, 8 agosto 1548, se presentó una petición por parte de Baltazar Gómez de Avila, quien propone un nuevo precio para la venta de la arroba de Carne de Vaca a $1 tomine y $2 tomines para vender la arroba de carnero; ademas que se lleve un control de pesaje semanalmente.",cab-001-016_s005,En este día se recibió por vecino de Tunja a Luis de Mallaca y se le proveyó una tenencia de 30 pies de largo por 30 pies de ancho en las tierras de Pedro Gómez.,person:person_cab-001-016_cab-001-016_s003_a005|Baltazar Gómez de Avila|after,person:person_cab-001-016_cab-001-016_s003_a005|Baltazar Gómez de Avila|same,person:person_cab-001-016_cab-001-016_s005_a002|Luis de Mallaca|same; person:person_cab-001-016_cab-001-016_s005_a003|Pedro Gómez|same,org:org_cab-001-016_cab-001-016_s001_a003|Cabildo; person:person_cab-001-016_cab-001-016_s003_a005|Baltazar Gómez de Avila,,resolved,multiple_current_targets,explicit_recoverable,"Propuesta para revisión: el segmento cab-001-016_s004 contiene persona(s), grupo(s) o institución(es) explícitamente vinculados al acto «mandó». Recuperar al menos un leco:hasParticipant desde la entidad ya anotada. No asignar un rol procesal más específico salvo evidencia textual.",Verificar si la pluralidad está justificada o si alguna relación fue añadida heurísticamente.,,,,pending,
cab-001-016,https://w3id.org/leco/data/co-ahrb-cab-001-d0016/event_cab-001-016_cab-001-016_s006_a001,leco:OrderAct,ordenó,cab-001-016_s006,"Se ordenó dar el titulo de Regidor a las personas ó personas que comparecieren, por las razones y requisitos exigidos por la ley, en el sentido de no tener acusaciones ni delitos.",cab-001-016_s005,En este día se recibió por vecino de Tunja a Luis de Mallaca y se le proveyó una tenencia de 30 pies de largo por 30 pies de ancho en las tierras de Pedro Gómez.,cab-001-016_s007,"En constancia firman los testigos Juan de Chinchilla, Juan de Fonseca, Francisco Martin Carpintero y Juan de Viscaino.",,person:person_cab-001-016_cab-001-016_s005_a002|Luis de Mallaca|same; person:person_cab-001-016_cab-001-016_s005_a003|Pedro Gómez|same,person:person_cab-001-016_cab-001-016_s007_a001|Juan de Chinchilla|same; person:person_cab-001-016_cab-001-016_s007_a002|Juan de Fonseca|same; person:person_cab-001-016_cab-001-016_s007_a003|Francisco Martin|same; person:person_cab-001-016_cab-001-016_s007_a004|Juan de Viscaino|same,org:org_cab-001-016_cab-001-016_s001_a003|Cabildo,,resolved,resolved_target_not_in_local_context_REVIEW,keep_warning,Propuesta para revisión: en cab-001-016_s006 no se identifica un participante concreto e inequívoco para «ordenó». Mantener el warning; no crear una persona o grupo genérico solo para completar SHACL.,El target actual no aparece en el segmento ni en sus vecinos: posible resolución heurística incorrecta.,,,,pending,
cab-001-016,https://w3id.org/leco/data/co-ahrb-cab-001-d0016/event_cab-001-016_cab-001-016_s004_a001,leco:Approval,aprobó,cab-001-016_s004,Se aprobó. 14 agosto 1548 se mandó rematar la carne en favor de Baltazar Gómez de Avila y se de cumplimiento al pesaje de los novillos cada 15 días.,cab-001-016_s003,"Tunja, 8 agosto 1548, se presentó una petición por parte de Baltazar Gómez de Avila, quien propone un nuevo precio para la venta de la arroba de Carne de Vaca a $1 tomine y $2 tomines para vender la arroba de carnero; ademas que se lleve un control de pesaje semanalmente.",cab-001-016_s005,En este día se recibió por vecino de Tunja a Luis de Mallaca y se le proveyó una tenencia de 30 pies de largo por 30 pies de ancho en las tierras de Pedro Gómez.,person:person_cab-001-016_cab-001-016_s003_a005|Baltazar Gómez de Avila|after,person:person_cab-001-016_cab-001-016_s003_a005|Baltazar Gómez de Avila|same,person:person_cab-001-016_cab-001-016_s005_a002|Luis de Mallaca|same; person:person_cab-001-016_cab-001-016_s005_a003|Pedro Gómez|same,org:org_cab-001-016_cab-001-016_s001_a003|Cabildo; person:person_cab-001-016_cab-001-016_s003_a005|Baltazar Gómez de Avila,,resolved,multiple_current_targets,explicit_recoverable,"Propuesta para revisión: el segmento cab-001-016_s004 contiene persona(s), grupo(s) o institución(es) explícitamente vinculados al acto «aprobó». Recuperar al menos un leco:hasParticipant desde la entidad ya anotada. No asignar un rol procesal más específico salvo evidencia textual.",Verificar si la pluralidad está justificada o si alguna relación fue añadida heurísticamente.,,,,pending,
cab-001-016,https://w3id.org/leco/data/co-ahrb-cab-001-d0016/event_cab-001-016_cab-001-016_s002_a006,leco:Execution,ejecutar,cab-001-016_s002,"En la reunión se leyó la orden del Gobernador Juan de Orozco, se acató y mando ejecutar por parte de los señores Justicia y Regimiento.",cab-001-016_s001,"En la ciudad de Tunja, 21 de Junio 1548 se reunieron los miembros del Cabildo para tratar los asuntos del Real Servicio.",cab-001-016_s003,"Tunja, 8 agosto 1548, se presentó una petición por parte de Baltazar Gómez de Avila, quien propone un nuevo precio para la venta de la arroba de Carne de Vaca a $1 tomine y $2 tomines para vender la arroba de carnero; ademas que se lleve un control de pesaje semanalmente.",person:person_cab-001-016_cab-001-016_s002_a004|Juan de Orozco|before; org:org_cab-001-016_cab-001-016_s002_a007|Justicia y Regimiento|after,org:org_cab-001-016_cab-001-016_s001_a003|Cabildo|same,person:person_cab-001-016_cab-001-016_s003_a005|Baltazar Gómez de Avila|same,person:person_cab-001-016_cab-001-016_s002_a004|Juan de Orozco,,resolved,resolved_same_segment_before,explicit_recoverable,"Propuesta para revisión: el segmento cab-001-016_s002 contiene persona(s), grupo(s) o institución(es) explícitamente vinculados al acto «ejecutar». Recuperar al menos un leco:hasParticipant desde la entidad ya anotada. No asignar un rol procesal más específico salvo evidencia textual.",Comprobar que la mención anterior al acto funciona realmente como actor/participante y no como autoridad/destinatario.,,,,pending,
cab-001-018,https://w3id.org/leco/data/co-ahrb-cab-001-d0018/event_cab-001-018_cab-001-018_s003_a002,leco:Sanction,pena,cab-001-018_s003,"Tambien se dispone que los señores Justicias de cada Provincia colaboren para encontrar al negro en mención y se estipula una pena de $1.000 pesos a quién colocara algún impedimento, dicho dinero pasaria a la cámara del Rey.",cab-001-018_s002,"Se autoriza efectuar el pregón, con el fin de conocer información alguna sobre el negro Valenciano; quien habia sido traido al reino por parte del licenciado Miguel Diaz de Armendaris, habia pertenecido a Don Alonso Tellez y actualmente se encontraba fugitivo.",cab-001-018_s004,"Finalmente se ordena entregar la vara de Justicia al capitan Lanchero, quien tomo el juramento de fidelidad, en prueba de su cumplimiento a la misión encomendada Santafé, 9 Septiembre 1553.",org:org_cab-001-018_cab-001-018_s003_a003|cámara del Rey|after,person:person_cab-001-018_cab-001-018_s002_a003|Miguel Diaz de Armendaris|same; person:person_cab-001-018_cab-001-018_s002_a004|Alonso Tellez|same,,,,unresolved,unresolved,needs_review,"Propuesta para revisión: cab-001-018_s003 menciona actores o afectados, pero no es inequívoco que correspondan al acto «pena» tal como está tipado. Revisar primero la segmentación/tipo de evento antes de enlazar participantes.","Revisar candidatos del mismo segmento y, si no bastan, el contexto anterior/posterior.",,,,pending,
cab-001-018,https://w3id.org/leco/data/co-ahrb-cab-001-d0018/event_cab-001-018_cab-001-018_s002_a001,leco:Proclamation,pregón,cab-001-018_s002,"Se autoriza efectuar el pregón, con el fin de conocer información alguna sobre el negro Valenciano; quien habia sido traido al reino por parte del licenciado Miguel Diaz de Armendaris, habia pertenecido a Don Alonso Tellez y actualmente se encontraba fugitivo.",cab-001-018_s001,"En la ciudad de Tunja del Nuevo Reino de Granada, 12 de Septiembre de 1553 se reunieron los miembros del Cabildo; allí el Licenciado Juan Montaño Oidor de la Audencia y Juez de Comisión dá fé de la orden que se le inpartió para hacer comparecer ante él, a un poder y facultad al capitán Luis Lanchero para que vaya a la ciudad de Tunja y a otras ciudades del Reino hasta encontrarlo y remitirlo a esta ciudad.",cab-001-018_s003,"Tambien se dispone que los señores Justicias de cada Provincia colaboren para encontrar al negro en mención y se estipula una pena de $1.000 pesos a quién colocara algún impedimento, dicho dinero pasaria a la cámara del Rey.",person:person_cab-001-018_cab-001-018_s002_a003|Miguel Diaz de Armendaris|after; person:person_cab-001-018_cab-001-018_s002_a004|Alonso Tellez|after,org:org_cab-001-018_cab-001-018_s001_a004|Cabildo|same; person:person_cab-001-018_cab-001-018_s001_a005|Juan Montaño|same; person:person_cab-001-018_cab-001-018_s001_a011|Luis Lanchero|same,org:org_cab-001-018_cab-001-018_s003_a003|cámara del Rey|same,,,unresolved,unresolved,explicit_recoverable,"Propuesta para revisión: el segmento cab-001-018_s002 contiene persona(s), grupo(s) o institución(es) explícitamente vinculados al acto «pregón». Recuperar al menos un leco:hasParticipant desde la entidad ya anotada. No asignar un rol procesal más específico salvo evidencia textual.","Revisar candidatos del mismo segmento y, si no bastan, el contexto anterior/posterior.",,,,pending,
cab-001-018,https://w3id.org/leco/data/co-ahrb-cab-001-d0018/event_cab-001-018_cab-001-018_s004_a002,leco:Oath,juramento,cab-001-018_s004,"Finalmente se ordena entregar la vara de Justicia al capitan Lanchero, quien tomo el juramento de fidelidad, en prueba de su cumplimiento a la misión encomendada Santafé, 9 Septiembre 1553.",cab-001-018_s003,"Tambien se dispone que los señores Justicias de cada Provincia colaboren para encontrar al negro en mención y se estipula una pena de $1.000 pesos a quién colocara algún impedimento, dicho dinero pasaria a la cámara del Rey.",cab-001-018_s005,Orden dada por Bartolomé Gonzalez de la Peña Juez.,,org:org_cab-001-018_cab-001-018_s003_a003|cámara del Rey|same,person:person_cab-001-018_cab-001-018_s005_a002|Bartolomé Gonzalez de la Peña|same,,,unresolved,unresolved,explicit_recoverable,"Propuesta para revisión: el segmento cab-001-018_s004 contiene persona(s), grupo(s) o institución(es) explícitamente vinculados al acto «juramento». Recuperar al menos un leco:hasParticipant desde la entidad ya anotada. No asignar un rol procesal más específico salvo evidencia textual.","Revisar candidatos del mismo segmento y, si no bastan, el contexto anterior/posterior.",,,,pending,
cab-001-018,https://w3id.org/leco/data/co-ahrb-cab-001-d0018/event_cab-001-018_cab-001-018_s001_a009,leco:GrantOfPower,poder,cab-001-018_s001,"En la ciudad de Tunja del Nuevo Reino de Granada, 12 de Septiembre de 1553 se reunieron los miembros del Cabildo; allí el Licenciado Juan Montaño Oidor de la Audencia y Juez de Comisión dá fé de la orden que se le inpartió para hacer comparecer ante él, a un poder y facultad al capitán Luis Lanchero para que vaya a la ciudad de Tunja y a otras ciudades del Reino hasta encontrarlo y remitirlo a esta ciudad.",,,cab-001-018_s002,"Se autoriza efectuar el pregón, con el fin de conocer información alguna sobre el negro Valenciano; quien habia sido traido al reino por parte del licenciado Miguel Diaz de Armendaris, habia pertenecido a Don Alonso Tellez y actualmente se encontraba fugitivo.",org:org_cab-001-018_cab-001-018_s001_a004|Cabildo|before; person:person_cab-001-018_cab-001-018_s001_a005|Juan Montaño|before; person:person_cab-001-018_cab-001-018_s001_a011|Luis Lanchero|after,,person:person_cab-001-018_cab-001-018_s002_a003|Miguel Diaz de Armendaris|same; person:person_cab-001-018_cab-001-018_s002_a004|Alonso Tellez|same,org:org_cab-001-018_cab-001-018_s001_a004|Cabildo,,resolved,resolved_same_segment_before,explicit_recoverable,"Propuesta para revisión: el segmento cab-001-018_s001 contiene persona(s), grupo(s) o institución(es) explícitamente vinculados al acto «poder». Recuperar al menos un leco:hasParticipant desde la entidad ya anotada. No asignar un rol procesal más específico salvo evidencia textual.",Comprobar que la mención anterior al acto funciona realmente como actor/participante y no como autoridad/destinatario.,,,,pending,
cab-001-019,https://w3id.org/leco/data/co-ahrb-cab-001-d0019/event_cab-001-019_cab-001-019_s004_a001,leco:GrantOfPower,poder de representación,cab-001-019_s004,En esta reunión se dió todo el poder de representación al capitan Gonzalo Suárez para que apele y suplique por el Cabildo.,cab-001-019_s003,Por lo anterior se multa con $200 pesos del buen oro a quienes siendo del Cabildo incumplieran la Real Provisión.,,,person:person_cab-001-019_cab-001-019_s004_a003|Gonzalo Suárez|after; org:org_cab-001-019_cab-001-019_s001_a009|Cabildo|after,org:org_cab-001-019_cab-001-019_s001_a009|Cabildo|same,,person:person_cab-001-019_cab-001-019_s004_a003|Gonzalo Suárez,,resolved,resolved_same_segment_after_REVIEW,explicit_recoverable,"Propuesta para revisión: el segmento cab-001-019_s004 contiene persona(s), grupo(s) o institución(es) explícitamente vinculados al acto «poder de representación». Recuperar al menos un leco:hasParticipant desde la entidad ya anotada. No asignar un rol procesal más específico salvo evidencia textual.",Target situado después del acto: revisar especialmente; puede ser objeto/destinatario y no participante actoral.,,,,pending,
cab-001-019,https://w3id.org/leco/data/co-ahrb-cab-001-d0019/event_cab-001-019_cab-001-019_s003_a001,leco:Fine,multa,cab-001-019_s003,Por lo anterior se multa con $200 pesos del buen oro a quienes siendo del Cabildo incumplieran la Real Provisión.,cab-001-019_s002,"En el caso del Procurador de Tunja Don Juan Gómez no asistió, asi mismo se causó daño para los beneficios de las ciudades aunque se diera un plazo amplia de 50 días para estar en España.",cab-001-019_s004,En esta reunión se dió todo el poder de representación al capitan Gonzalo Suárez para que apele y suplique por el Cabildo.,org:org_cab-001-019_cab-001-019_s001_a009|Cabildo|after,person:person_cab-001-019_cab-001-019_s002_a003|Juan Gómez|same,person:person_cab-001-019_cab-001-019_s004_a003|Gonzalo Suárez|same; org:org_cab-001-019_cab-001-019_s001_a009|Cabildo|same,,,unresolved,unresolved,keep_warning,Propuesta para revisión: en cab-001-019_s003 no se identifica un participante concreto e inequívoco para «multa». Mantener el warning; no crear una persona o grupo genérico solo para completar SHACL.,"Revisar candidatos del mismo segmento y, si no bastan, el contexto anterior/posterior.",,,,pending,
cab-001-019,https://w3id.org/leco/data/co-ahrb-cab-001-d0019/event_cab-001-019_cab-001-019_s001_a003,leco:ReadingAct,leyó,cab-001-019_s001,"En la ciudad de Tunja, el día 17 de Octubre 1553, se leyó una Real Provisión en la que se dice que los Consejos Justicia y Regimiento de este Nuevo Reino de Granada no enviaron procuradores al Reino de España, para que negociaran y solicitaran lo que conviniera a las ciudades y cabildos, ante el Consejo de Indias.",,,cab-001-019_s002,"En el caso del Procurador de Tunja Don Juan Gómez no asistió, asi mismo se causó daño para los beneficios de las ciudades aunque se diera un plazo amplia de 50 días para estar en España.",org:org_cab-001-019_cab-001-019_s001_a005|Consejos Justicia y Regimiento|after; org:org_cab-001-019_cab-001-019_s001_a009|cabildo|after; org:org_cab-001-019_cab-001-019_s001_a010|Consejo de Indias|after,,person:person_cab-001-019_cab-001-019_s002_a003|Juan Gómez|same,,,unresolved,unresolved,contextual_inference,"Propuesta para revisión: el participante de «leyó» no queda como sujeto inequívoco en cab-001-019_s001, pero puede inferirse por continuidad gramatical/institucional. Revisar el contexto inmediato y, si se acepta, registrar la relación como inferida con evidencia y confianza.","Revisar candidatos del mismo segmento y, si no bastan, el contexto anterior/posterior.",,,,pending,
cab-001-019,https://w3id.org/leco/data/co-ahrb-cab-001-d0019/event_cab-001-019_cab-001-019_s004_a005,leco:Supplication,suplique,cab-001-019_s004,En esta reunión se dió todo el poder de representación al capitan Gonzalo Suárez para que apele y suplique por el Cabildo.,cab-001-019_s003,Por lo anterior se multa con $200 pesos del buen oro a quienes siendo del Cabildo incumplieran la Real Provisión.,,,person:person_cab-001-019_cab-001-019_s004_a003|Gonzalo Suárez|before; org:org_cab-001-019_cab-001-019_s001_a009|Cabildo|after,org:org_cab-001-019_cab-001-019_s001_a009|Cabildo|same,,person:person_cab-001-019_cab-001-019_s004_a003|Gonzalo Suárez,,resolved,resolved_same_segment_before,explicit_recoverable,"Propuesta para revisión: el segmento cab-001-019_s004 contiene persona(s), grupo(s) o institución(es) explícitamente vinculados al acto «suplique». Recuperar al menos un leco:hasParticipant desde la entidad ya anotada. No asignar un rol procesal más específico salvo evidencia textual.",Comprobar que la mención anterior al acto funciona realmente como actor/participante y no como autoridad/destinatario.,,,,pending,
cab-001-038,https://w3id.org/leco/data/co-ahrb-cab-001-d0038/event_cab-001-038_cab-001-038_s006_a006,leco:OrderAct,ordenó,cab-001-038_s006,"Acordaron nombrar por alcalde a Hernando de Rojas, mientras donde el titular fuera de Tunja, razón por la cual se ordenó realizar los preparativos del recibimiento.",cab-001-038_s005,Los miembros del Cabildo obedecieron y dieron fiel cumplimiento a lo dispuesto por su señoria.,cab-001-038_s007,"El 3 de Noviembre de 1549 el padre Fray Bernardino Minaya de Paz, presentó una petición y un libro de la bula del papa Julio, en la que da fé el obispo de Austria cardenal de San Jorge, en lo referente a la petición, solicitud la orden para la fundación del Monasterio de la ciudad de Tunja.",person:person_cab-001-038_cab-001-038_s006_a004|Hernando de Rojas|before,org:org_cab-001-038_cab-001-038_s001_a003|Cabildo|same,person:person_cab-001-038_cab-001-038_s007_a002|Fray Bernardino Minaya de Paz|same; person:person_cab-001-038_cab-001-038_s007_a006|papa Julio|same; person:person_cab-001-038_cab-001-038_s007_a009|San Jorge|same,org:org_cab-001-038_cab-001-038_s001_a003|Cabildo; person:person_cab-001-038_cab-001-038_s006_a004|Hernando de Rojas,,resolved,multiple_current_targets,contextual_inference,"Propuesta para revisión: el participante de «ordenó» no queda como sujeto inequívoco en cab-001-038_s006, pero puede inferirse por continuidad gramatical/institucional. Revisar el contexto inmediato y, si se acepta, registrar la relación como inferida con evidencia y confianza.",Verificar si la pluralidad está justificada o si alguna relación fue añadida heurísticamente.,,,,pending,
cab-001-038,https://w3id.org/leco/data/co-ahrb-cab-001-d0038/event_cab-001-038_cab-001-038_s003_a003,leco:GrantOfPower,poder,cab-001-038_s003,"Don Juan de Montalvo solicita a los señores Justicia y Regimiento un poder para ocupar el cargo de contador mientras dure la ausencia del titular, quien viajó a la ciudad de Velez.",cab-001-038_s002,"Se dijo que habia queponer remedio a las personas que estan hechando a perder los montes de esta jurisdicción, para lo cual se deben cobrar multas. 24 mayo 1549.",cab-001-038_s004,"En este Cabildo se leyó una petición de Don Juan de Chinchilla quien pide se le adjudique un pedazo de tierra, ubicada junto al Corral de Pedro Cordoba. 20 octubre 1549 Cabildo en el que se leyó la orden del señor Gobernador Don Miguel Diaz de Armendaris, para que se se represente en la Real Audencia el Alcalde Gómez de Cifuentes.",person:person_cab-001-038_cab-001-038_s003_a001|Juan de Montalvo|before; org:org_cab-001-038_cab-001-038_s003_a002|Justicia y Regimiento|before,,org:org_cab-001-038_cab-001-038_s001_a003|Cabildo|same; person:person_cab-001-038_cab-001-038_s004_a004|Juan de Chinchilla|same; person:person_cab-001-038_cab-001-038_s004_a006|Pedro Cordoba|same; org:org_cab-001-038_cab-001-038_s001_a003|Cabildo|same; person:person_cab-001-038_cab-001-038_s004_a012|Miguel Diaz de Armendaris|same; org:org_cab-001-038_cab-001-038_s004_a013|Real Audencia|same; person:person_cab-001-038_cab-001-038_s004_a015|Gómez de Cifuentes|same,,,unresolved,unresolved,needs_review,"Propuesta para revisión: cab-001-038_s003 menciona actores o afectados, pero no es inequívoco que correspondan al acto «poder» tal como está tipado. Revisar primero la segmentación/tipo de evento antes de enlazar participantes.","Revisar candidatos del mismo segmento y, si no bastan, el contexto anterior/posterior.",,,,pending,
cab-001-038,https://w3id.org/leco/data/co-ahrb-cab-001-d0038/event_cab-001-038_cab-001-038_s005_a002,leco:Obedience,obedecieron,cab-001-038_s005,Los miembros del Cabildo obedecieron y dieron fiel cumplimiento a lo dispuesto por su señoria.,cab-001-038_s004,"En este Cabildo se leyó una petición de Don Juan de Chinchilla quien pide se le adjudique un pedazo de tierra, ubicada junto al Corral de Pedro Cordoba. 20 octubre 1549 Cabildo en el que se leyó la orden del señor Gobernador Don Miguel Diaz de Armendaris, para que se se represente en la Real Audencia el Alcalde Gómez de Cifuentes.",cab-001-038_s006,"Acordaron nombrar por alcalde a Hernando de Rojas, mientras donde el titular fuera de Tunja, razón por la cual se ordenó realizar los preparativos del recibimiento.",org:org_cab-001-038_cab-001-038_s001_a003|Cabildo|before,org:org_cab-001-038_cab-001-038_s001_a003|Cabildo|same; person:person_cab-001-038_cab-001-038_s004_a004|Juan de Chinchilla|same; person:person_cab-001-038_cab-001-038_s004_a006|Pedro Cordoba|same; org:org_cab-001-038_cab-001-038_s001_a003|Cabildo|same; person:person_cab-001-038_cab-001-038_s004_a012|Miguel Diaz de Armendaris|same; org:org_cab-001-038_cab-001-038_s004_a013|Real Audencia|same; person:person_cab-001-038_cab-001-038_s004_a015|Gómez de Cifuentes|same,person:person_cab-001-038_cab-001-038_s006_a004|Hernando de Rojas|same,org:org_cab-001-038_cab-001-038_s001_a003|Cabildo,,resolved,resolved_same_segment_before,explicit_recoverable,"Propuesta para revisión: el segmento cab-001-038_s005 contiene persona(s), grupo(s) o institución(es) explícitamente vinculados al acto «obedecieron». Recuperar al menos un leco:hasParticipant desde la entidad ya anotada. No asignar un rol procesal más específico salvo evidencia textual.",Comprobar que la mención anterior al acto funciona realmente como actor/participante y no como autoridad/destinatario.,,,,pending,
cab-001-038,https://w3id.org/leco/data/co-ahrb-cab-001-d0038/event_cab-001-038_cab-001-038_s004_a005,leco:LandGrant,adjudique,cab-001-038_s004,"En este Cabildo se leyó una petición de Don Juan de Chinchilla quien pide se le adjudique un pedazo de tierra, ubicada junto al Corral de Pedro Cordoba. 20 octubre 1549 Cabildo en el que se leyó la orden del señor Gobernador Don Miguel Diaz de Armendaris, para que se se represente en la Real Audencia el Alcalde Gómez de Cifuentes.",cab-001-038_s003,"Don Juan de Montalvo solicita a los señores Justicia y Regimiento un poder para ocupar el cargo de contador mientras dure la ausencia del titular, quien viajó a la ciudad de Velez.",cab-001-038_s005,Los miembros del Cabildo obedecieron y dieron fiel cumplimiento a lo dispuesto por su señoria.,org:org_cab-001-038_cab-001-038_s001_a003|Cabildo|before; person:person_cab-001-038_cab-001-038_s004_a004|Juan de Chinchilla|before; person:person_cab-001-038_cab-001-038_s004_a006|Pedro Cordoba|after; org:org_cab-001-038_cab-001-038_s001_a003|Cabildo|after; person:person_cab-001-038_cab-001-038_s004_a012|Miguel Diaz de Armendaris|after; org:org_cab-001-038_cab-001-038_s004_a013|Real Audencia|after; person:person_cab-001-038_cab-001-038_s004_a015|Gómez de Cifuentes|after,person:person_cab-001-038_cab-001-038_s003_a001|Juan de Montalvo|same; org:org_cab-001-038_cab-001-038_s003_a002|Justicia y Regimiento|same,org:org_cab-001-038_cab-001-038_s001_a003|Cabildo|same,,,unresolved,unresolved,needs_review,"Propuesta para revisión: cab-001-038_s004 menciona actores o afectados, pero no es inequívoco que correspondan al acto «adjudique» tal como está tipado. Revisar primero la segmentación/tipo de evento antes de enlazar participantes.","Revisar candidatos del mismo segmento y, si no bastan, el contexto anterior/posterior.",,,,pending,
cab-001-038,https://w3id.org/leco/data/co-ahrb-cab-001-d0038/event_cab-001-038_cab-001-038_s002_a002,leco:Collection,cobrar,cab-001-038_s002,"Se dijo que habia queponer remedio a las personas que estan hechando a perder los montes de esta jurisdicción, para lo cual se deben cobrar multas. 24 mayo 1549.",cab-001-038_s001,"En la ciudad de Tunja del Nuevo Reino de Granada, se reunieron los miembros del Cabildo, el día 17 de Mayo de 1549.",cab-001-038_s003,"Don Juan de Montalvo solicita a los señores Justicia y Regimiento un poder para ocupar el cargo de contador mientras dure la ausencia del titular, quien viajó a la ciudad de Velez.",,org:org_cab-001-038_cab-001-038_s001_a003|Cabildo|same,person:person_cab-001-038_cab-001-038_s003_a001|Juan de Montalvo|same; org:org_cab-001-038_cab-001-038_s003_a002|Justicia y Regimiento|same,,,unresolved,unresolved,explicit_recoverable,"Propuesta para revisión: el segmento cab-001-038_s002 contiene persona(s), grupo(s) o institución(es) explícitamente vinculados al acto «cobrar». Recuperar al menos un leco:hasParticipant desde la entidad ya anotada. No asignar un rol procesal más específico salvo evidencia textual.","Revisar candidatos del mismo segmento y, si no bastan, el contexto anterior/posterior.",,,,pending,
cab-001-038,https://w3id.org/leco/data/co-ahrb-cab-001-d0038/event_cab-001-038_cab-001-038_s004_a002,leco:ReadingAct,leyó,cab-001-038_s004,"En este Cabildo se leyó una petición de Don Juan de Chinchilla quien pide se le adjudique un pedazo de tierra, ubicada junto al Corral de Pedro Cordoba. 20 octubre 1549 Cabildo en el que se leyó la orden del señor Gobernador Don Miguel Diaz de Armendaris, para que se se represente en la Real Audencia el Alcalde Gómez de Cifuentes.",cab-001-038_s003,"Don Juan de Montalvo solicita a los señores Justicia y Regimiento un poder para ocupar el cargo de contador mientras dure la ausencia del titular, quien viajó a la ciudad de Velez.",cab-001-038_s005,Los miembros del Cabildo obedecieron y dieron fiel cumplimiento a lo dispuesto por su señoria.,org:org_cab-001-038_cab-001-038_s001_a003|Cabildo|before; person:person_cab-001-038_cab-001-038_s004_a004|Juan de Chinchilla|after; person:person_cab-001-038_cab-001-038_s004_a006|Pedro Cordoba|after; org:org_cab-001-038_cab-001-038_s001_a003|Cabildo|after; person:person_cab-001-038_cab-001-038_s004_a012|Miguel Diaz de Armendaris|after; org:org_cab-001-038_cab-001-038_s004_a013|Real Audencia|after; person:person_cab-001-038_cab-001-038_s004_a015|Gómez de Cifuentes|after,person:person_cab-001-038_cab-001-038_s003_a001|Juan de Montalvo|same; org:org_cab-001-038_cab-001-038_s003_a002|Justicia y Regimiento|same,org:org_cab-001-038_cab-001-038_s001_a003|Cabildo|same,,,unresolved,unresolved,contextual_inference,"Propuesta para revisión: el participante de «leyó» no queda como sujeto inequívoco en cab-001-038_s004, pero puede inferirse por continuidad gramatical/institucional. Revisar el contexto inmediato y, si se acepta, registrar la relación como inferida con evidencia y confianza.","Revisar candidatos del mismo segmento y, si no bastan, el contexto anterior/posterior.",,,,pending,
cab-001-038,https://w3id.org/leco/data/co-ahrb-cab-001-d0038/event_cab-001-038_cab-001-038_s004_a009,leco:ReadingAct,leyó,cab-001-038_s004,"En este Cabildo se leyó una petición de Don Juan de Chinchilla quien pide se le adjudique un pedazo de tierra, ubicada junto al Corral de Pedro Cordoba. 20 octubre 1549 Cabildo en el que se leyó la orden del señor Gobernador Don Miguel Diaz de Armendaris, para que se se represente en la Real Audencia el Alcalde Gómez de Cifuentes.",cab-001-038_s003,"Don Juan de Montalvo solicita a los señores Justicia y Regimiento un poder para ocupar el cargo de contador mientras dure la ausencia del titular, quien viajó a la ciudad de Velez.",cab-001-038_s005,Los miembros del Cabildo obedecieron y dieron fiel cumplimiento a lo dispuesto por su señoria.,org:org_cab-001-038_cab-001-038_s001_a003|Cabildo|before; person:person_cab-001-038_cab-001-038_s004_a004|Juan de Chinchilla|before; person:person_cab-001-038_cab-001-038_s004_a006|Pedro Cordoba|before; org:org_cab-001-038_cab-001-038_s001_a003|Cabildo|before; person:person_cab-001-038_cab-001-038_s004_a012|Miguel Diaz de Armendaris|after; org:org_cab-001-038_cab-001-038_s004_a013|Real Audencia|after; person:person_cab-001-038_cab-001-038_s004_a015|Gómez de Cifuentes|after,person:person_cab-001-038_cab-001-038_s003_a001|Juan de Montalvo|same; org:org_cab-001-038_cab-001-038_s003_a002|Justicia y Regimiento|same,org:org_cab-001-038_cab-001-038_s001_a003|Cabildo|same,,,unresolved,unresolved,contextual_inference,"Propuesta para revisión: el participante de «leyó» no queda como sujeto inequívoco en cab-001-038_s004, pero puede inferirse por continuidad gramatical/institucional. Revisar el contexto inmediato y, si se acepta, registrar la relación como inferida con evidencia y confianza.","Revisar candidatos del mismo segmento y, si no bastan, el contexto anterior/posterior.",,,,pending,
cab-001-038,https://w3id.org/leco/data/co-ahrb-cab-001-d0038/event_cab-001-038_cab-001-038_s002_a003,leco:Fine,multas,cab-001-038_s002,"Se dijo que habia queponer remedio a las personas que estan hechando a perder los montes de esta jurisdicción, para lo cual se deben cobrar multas. 24 mayo 1549.",cab-001-038_s001,"En la ciudad de Tunja del Nuevo Reino de Granada, se reunieron los miembros del Cabildo, el día 17 de Mayo de 1549.",cab-001-038_s003,"Don Juan de Montalvo solicita a los señores Justicia y Regimiento un poder para ocupar el cargo de contador mientras dure la ausencia del titular, quien viajó a la ciudad de Velez.",,org:org_cab-001-038_cab-001-038_s001_a003|Cabildo|same,person:person_cab-001-038_cab-001-038_s003_a001|Juan de Montalvo|same; org:org_cab-001-038_cab-001-038_s003_a002|Justicia y Regimiento|same,,,unresolved,unresolved,explicit_recoverable,"Propuesta para revisión: el segmento cab-001-038_s002 contiene persona(s), grupo(s) o institución(es) explícitamente vinculados al acto «multas». Recuperar al menos un leco:hasParticipant desde la entidad ya anotada. No asignar un rol procesal más específico salvo evidencia textual.","Revisar candidatos del mismo segmento y, si no bastan, el contexto anterior/posterior.",,,,pending,
cab-001-038,https://w3id.org/leco/data/co-ahrb-cab-001-d0038/event_cab-001-038_cab-001-038_s007_a003,leco:Presentation,presentó,cab-001-038_s007,"El 3 de Noviembre de 1549 el padre Fray Bernardino Minaya de Paz, presentó una petición y un libro de la bula del papa Julio, en la que da fé el obispo de Austria cardenal de San Jorge, en lo referente a la petición, solicitud la orden para la fundación del Monasterio de la ciudad de Tunja.",cab-001-038_s006,"Acordaron nombrar por alcalde a Hernando de Rojas, mientras donde el titular fuera de Tunja, razón por la cual se ordenó realizar los preparativos del recibimiento.",,,person:person_cab-001-038_cab-001-038_s007_a002|Fray Bernardino Minaya de Paz|before; person:person_cab-001-038_cab-001-038_s007_a006|papa Julio|after; person:person_cab-001-038_cab-001-038_s007_a009|San Jorge|after,person:person_cab-001-038_cab-001-038_s006_a004|Hernando de Rojas|same,,,,unresolved,unresolved,explicit_recoverable,"Propuesta para revisión: el segmento cab-001-038_s007 contiene persona(s), grupo(s) o institución(es) explícitamente vinculados al acto «presentó». Recuperar al menos un leco:hasParticipant desde la entidad ya anotada. No asignar un rol procesal más específico salvo evidencia textual.","Revisar candidatos del mismo segmento y, si no bastan, el contexto anterior/posterior.",,,,pending,
cab-001-038,https://w3id.org/leco/data/co-ahrb-cab-001-d0038/event_cab-001-038_cab-001-038_s007_a010,leco:Petition,petición,cab-001-038_s007,"El 3 de Noviembre de 1549 el padre Fray Bernardino Minaya de Paz, presentó una petición y un libro de la bula del papa Julio, en la que da fé el obispo de Austria cardenal de San Jorge, en lo referente a la petición, solicitud la orden para la fundación del Monasterio de la ciudad de Tunja.",cab-001-038_s006,"Acordaron nombrar por alcalde a Hernando de Rojas, mientras donde el titular fuera de Tunja, razón por la cual se ordenó realizar los preparativos del recibimiento.",,,person:person_cab-001-038_cab-001-038_s007_a002|Fray Bernardino Minaya de Paz|before; person:person_cab-001-038_cab-001-038_s007_a006|papa Julio|before; person:person_cab-001-038_cab-001-038_s007_a009|San Jorge|before,person:person_cab-001-038_cab-001-038_s006_a004|Hernando de Rojas|same,,,,unresolved,unresolved,explicit_recoverable,"Propuesta para revisión: el segmento cab-001-038_s007 contiene persona(s), grupo(s) o institución(es) explícitamente vinculados al acto «petición». Recuperar al menos un leco:hasParticipant desde la entidad ya anotada. No asignar un rol procesal más específico salvo evidencia textual.","Revisar candidatos del mismo segmento y, si no bastan, el contexto anterior/posterior.",,,,pending,
cab-001-039,https://w3id.org/leco/data/co-ahrb-cab-001-d0039/event_cab-001-039_cab-001-039_s005_a006,leco:AdministrativeAct,merced,cab-001-039_s005,En este Cabildo Hernando de Rojas Regidor presentó una petición en la que solicita se la haga merced de un Hegido en términos de la ciudad con el fin de hacer un molino de aguas frontero de un tejar los capituladores aprobaron la petición.,cab-001-039_s004,"En la ciudad, el dia 14 de Noviembre 1549, se pregonó las nuevas leyes y ordenanzas Reales para el bien del Reino y de la República.",cab-001-039_s006,"En dicha reunión se vió otra petición, presentaba por Sebastian Martin vecino de Tunja, quien pide se le dé un solar cerca al arroyo de la ciudad.",org:org_cab-001-039_cab-001-039_s005_a001|Cabildo|before; person:person_cab-001-039_cab-001-039_s003_a011|Hernando de Rojas|before,,person:person_cab-001-039_cab-001-039_s006_a002|Sebastian Martin|same,person:person_cab-001-039_cab-001-039_s003_a011|Hernando de Rojas,,resolved,resolved_same_segment_before,explicit_recoverable,"Propuesta para revisión: el segmento cab-001-039_s005 contiene persona(s), grupo(s) o institución(es) explícitamente vinculados al acto «merced». Recuperar al menos un leco:hasParticipant desde la entidad ya anotada. No asignar un rol procesal más específico salvo evidencia textual.",Comprobar que la mención anterior al acto funciona realmente como actor/participante y no como autoridad/destinatario.,,,,pending,
cab-001-039,https://w3id.org/leco/data/co-ahrb-cab-001-d0039/event_cab-001-039_cab-001-039_s003_a004,leco:Presentation,presentó,cab-001-039_s003,"Después, a los 10 dias del mes de noviembre del mismo año, ante el noble señor Alonso de Cabrera Alcalde Ordinario de Tunja se presentó Fray Bernardino quien mostró la provisión para la construcción del Monasterio del señor San Salvador, firmaron por testigos y dieran fe: Cap Gonzalo Suárez, el capitan Baltazar Maldonado, Hernando de Rojas y Pedro Rodriguez.",cab-001-039_s002,"Don Diego de Robles notificó la orden al Padre Fray Diego Mynaya, en la se autoriza la construción de Monasterio.",cab-001-039_s004,"En la ciudad, el dia 14 de Noviembre 1549, se pregonó las nuevas leyes y ordenanzas Reales para el bien del Reino y de la República.",person:person_cab-001-039_cab-001-039_s003_a001|Alonso de Cabrera|before; person:person_cab-001-039_cab-001-039_s003_a005|Fray Bernardino|after; person:person_cab-001-039_cab-001-039_s003_a008|Gonzalo Suárez|after; person:person_cab-001-039_cab-001-039_s003_a010|Baltazar Maldonado|after; person:person_cab-001-039_cab-001-039_s003_a011|Hernando de Rojas|after; person:person_cab-001-039_cab-001-039_s003_a012|Pedro Rodriguez|after,person:person_cab-001-039_cab-001-039_s002_a001|Diego de Robles|same; person:person_cab-001-039_cab-001-039_s002_a004|Fray Diego Mynaya|same,,,,unresolved,unresolved,explicit_recoverable,"Propuesta para revisión: el segmento cab-001-039_s003 contiene persona(s), grupo(s) o institución(es) explícitamente vinculados al acto «presentó». Recuperar al menos un leco:hasParticipant desde la entidad ya anotada. No asignar un rol procesal más específico salvo evidencia textual.","Revisar candidatos del mismo segmento y, si no bastan, el contexto anterior/posterior.",,,,pending,
cab-001-039,https://w3id.org/leco/data/co-ahrb-cab-001-d0039/event_cab-001-039_cab-001-039_s005_a004,leco:Presentation,presentó,cab-001-039_s005,En este Cabildo Hernando de Rojas Regidor presentó una petición en la que solicita se la haga merced de un Hegido en términos de la ciudad con el fin de hacer un molino de aguas frontero de un tejar los capituladores aprobaron la petición.,cab-001-039_s004,"En la ciudad, el dia 14 de Noviembre 1549, se pregonó las nuevas leyes y ordenanzas Reales para el bien del Reino y de la República.",cab-001-039_s006,"En dicha reunión se vió otra petición, presentaba por Sebastian Martin vecino de Tunja, quien pide se le dé un solar cerca al arroyo de la ciudad.",org:org_cab-001-039_cab-001-039_s005_a001|Cabildo|before; person:person_cab-001-039_cab-001-039_s003_a011|Hernando de Rojas|before,,person:person_cab-001-039_cab-001-039_s006_a002|Sebastian Martin|same,person:person_cab-001-039_cab-001-039_s003_a011|Hernando de Rojas,,resolved,resolved_same_segment_before,explicit_recoverable,"Propuesta para revisión: el segmento cab-001-039_s005 contiene persona(s), grupo(s) o institución(es) explícitamente vinculados al acto «presentó». Recuperar al menos un leco:hasParticipant desde la entidad ya anotada. No asignar un rol procesal más específico salvo evidencia textual.",Comprobar que la mención anterior al acto funciona realmente como actor/participante y no como autoridad/destinatario.,,,,pending,
cab-001-039,https://w3id.org/leco/data/co-ahrb-cab-001-d0039/event_cab-001-039_cab-001-039_s005_a007,leco:Approval,aprobaron,cab-001-039_s005,En este Cabildo Hernando de Rojas Regidor presentó una petición en la que solicita se la haga merced de un Hegido en términos de la ciudad con el fin de hacer un molino de aguas frontero de un tejar los capituladores aprobaron la petición.,cab-001-039_s004,"En la ciudad, el dia 14 de Noviembre 1549, se pregonó las nuevas leyes y ordenanzas Reales para el bien del Reino y de la República.",cab-001-039_s006,"En dicha reunión se vió otra petición, presentaba por Sebastian Martin vecino de Tunja, quien pide se le dé un solar cerca al arroyo de la ciudad.",org:org_cab-001-039_cab-001-039_s005_a001|Cabildo|before; person:person_cab-001-039_cab-001-039_s003_a011|Hernando de Rojas|before,,person:person_cab-001-039_cab-001-039_s006_a002|Sebastian Martin|same,org:org_cab-001-039_cab-001-039_s007_a002|Justicia y Regimiento; person:person_cab-001-039_cab-001-039_s003_a011|Hernando de Rojas,,resolved,multiple_current_targets,explicit_recoverable,"Propuesta para revisión: el segmento cab-001-039_s005 contiene persona(s), grupo(s) o institución(es) explícitamente vinculados al acto «aprobaron». Recuperar al menos un leco:hasParticipant desde la entidad ya anotada. No asignar un rol procesal más específico salvo evidencia textual.",Verificar si la pluralidad está justificada o si alguna relación fue añadida heurísticamente.,,,,pending,
cab-001-039,https://w3id.org/leco/data/co-ahrb-cab-001-d0039/event_cab-001-039_cab-001-039_s002_a002,leco:Notification,notificó,cab-001-039_s002,"Don Diego de Robles notificó la orden al Padre Fray Diego Mynaya, en la se autoriza la construción de Monasterio.",cab-001-039_s001,"Tunja, 4 de Noviembre de 1549.",cab-001-039_s003,"Después, a los 10 dias del mes de noviembre del mismo año, ante el noble señor Alonso de Cabrera Alcalde Ordinario de Tunja se presentó Fray Bernardino quien mostró la provisión para la construcción del Monasterio del señor San Salvador, firmaron por testigos y dieran fe: Cap Gonzalo Suárez, el capitan Baltazar Maldonado, Hernando de Rojas y Pedro Rodriguez.",person:person_cab-001-039_cab-001-039_s002_a001|Diego de Robles|before; person:person_cab-001-039_cab-001-039_s002_a004|Fray Diego Mynaya|after,,person:person_cab-001-039_cab-001-039_s003_a001|Alonso de Cabrera|same; person:person_cab-001-039_cab-001-039_s003_a005|Fray Bernardino|same; person:person_cab-001-039_cab-001-039_s003_a008|Gonzalo Suárez|same; person:person_cab-001-039_cab-001-039_s003_a010|Baltazar Maldonado|same; person:person_cab-001-039_cab-001-039_s003_a011|Hernando de Rojas|same; person:person_cab-001-039_cab-001-039_s003_a012|Pedro Rodriguez|same,,,unresolved,unresolved,explicit_recoverable,"Propuesta para revisión: el segmento cab-001-039_s002 contiene persona(s), grupo(s) o institución(es) explícitamente vinculados al acto «notificó». Recuperar al menos un leco:hasParticipant desde la entidad ya anotada. No asignar un rol procesal más específico salvo evidencia textual.","Revisar candidatos del mismo segmento y, si no bastan, el contexto anterior/posterior.",,,,pending,
cab-001-039,https://w3id.org/leco/data/co-ahrb-cab-001-d0039/event_cab-001-039_cab-001-039_s005_a008,leco:Petition,petición,cab-001-039_s005,En este Cabildo Hernando de Rojas Regidor presentó una petición en la que solicita se la haga merced de un Hegido en términos de la ciudad con el fin de hacer un molino de aguas frontero de un tejar los capituladores aprobaron la petición.,cab-001-039_s004,"En la ciudad, el dia 14 de Noviembre 1549, se pregonó las nuevas leyes y ordenanzas Reales para el bien del Reino y de la República.",cab-001-039_s006,"En dicha reunión se vió otra petición, presentaba por Sebastian Martin vecino de Tunja, quien pide se le dé un solar cerca al arroyo de la ciudad.",org:org_cab-001-039_cab-001-039_s005_a001|Cabildo|before; person:person_cab-001-039_cab-001-039_s003_a011|Hernando de Rojas|before,,person:person_cab-001-039_cab-001-039_s006_a002|Sebastian Martin|same,person:person_cab-001-039_cab-001-039_s003_a011|Hernando de Rojas,,resolved,resolved_same_segment_before,explicit_recoverable,"Propuesta para revisión: el segmento cab-001-039_s005 contiene persona(s), grupo(s) o institución(es) explícitamente vinculados al acto «petición». Recuperar al menos un leco:hasParticipant desde la entidad ya anotada. No asignar un rol procesal más específico salvo evidencia textual.",Comprobar que la mención anterior al acto funciona realmente como actor/participante y no como autoridad/destinatario.,,,,pending,
cab-001-040,https://w3id.org/leco/data/co-ahrb-cab-001-d0040/event_cab-001-040_cab-001-040_s003_a009,leco:Proclamation,pregonar,cab-001-040_s003,"Los señores Justicia y Regimiento en nombre del Cabildo de la ciudad de Tunja y sus vecinos dan todo su poder cumplido a Miguel de Trujillo vecino y corregidor de esta ciudad, se ordenó pregonar la decisión en la plaza principal en prueba de testimonio dieron fé y firmaron: Cabrera, Cifuentes, Suárez, Orozco, Rojas, Beteita, Trujillo, Aguirre.",cab-001-040_s002,"Allí se acordó enviar señores de la ciudad a Santafé, para pedir los propios; se acordó enviar a Don Domingo de Aguirre.",,,org:org_cab-001-040_cab-001-040_s003_a001|Justicia y Regimiento|before; org:org_cab-001-040_cab-001-040_s001_a003|Cabildo|before; person:person_cab-001-040_cab-001-040_s003_a006|Miguel de Trujillo|before; person:person_cab-001-040_cab-001-040_s003_a010|Cabrera|after; person:person_cab-001-040_cab-001-040_s003_a011|Cifuentes|after; person:person_cab-001-040_cab-001-040_s003_a012|Suárez|after; person:person_cab-001-040_cab-001-040_s003_a013|Orozco|after; person:person_cab-001-040_cab-001-040_s003_a014|Rojas|after; person:person_cab-001-040_cab-001-040_s003_a015|Beteita|after; person:person_cab-001-040_cab-001-040_s003_a016|Trujillo|after; person:person_cab-001-040_cab-001-040_s003_a017|Aguirre|after,person:person_cab-001-040_cab-001-040_s002_a004|Domingo de Aguirre|same,,,,unresolved,unresolved,explicit_recoverable,"Propuesta para revisión: el segmento cab-001-040_s003 contiene persona(s), grupo(s) o institución(es) explícitamente vinculados al acto «pregonar». Recuperar al menos un leco:hasParticipant desde la entidad ya anotada. No asignar un rol procesal más específico salvo evidencia textual.","Revisar candidatos del mismo segmento y, si no bastan, el contexto anterior/posterior.",,,,pending,
cab-001-040,https://w3id.org/leco/data/co-ahrb-cab-001-d0040/event_cab-001-040_cab-001-040_s003_a005,leco:GrantOfPower,poder,cab-001-040_s003,"Los señores Justicia y Regimiento en nombre del Cabildo de la ciudad de Tunja y sus vecinos dan todo su poder cumplido a Miguel de Trujillo vecino y corregidor de esta ciudad, se ordenó pregonar la decisión en la plaza principal en prueba de testimonio dieron fé y firmaron: Cabrera, Cifuentes, Suárez, Orozco, Rojas, Beteita, Trujillo, Aguirre.",cab-001-040_s002,"Allí se acordó enviar señores de la ciudad a Santafé, para pedir los propios; se acordó enviar a Don Domingo de Aguirre.",,,org:org_cab-001-040_cab-001-040_s003_a001|Justicia y Regimiento|before; org:org_cab-001-040_cab-001-040_s001_a003|Cabildo|before; person:person_cab-001-040_cab-001-040_s003_a006|Miguel de Trujillo|after; person:person_cab-001-040_cab-001-040_s003_a010|Cabrera|after; person:person_cab-001-040_cab-001-040_s003_a011|Cifuentes|after; person:person_cab-001-040_cab-001-040_s003_a012|Suárez|after; person:person_cab-001-040_cab-001-040_s003_a013|Orozco|after; person:person_cab-001-040_cab-001-040_s003_a014|Rojas|after; person:person_cab-001-040_cab-001-040_s003_a015|Beteita|after; person:person_cab-001-040_cab-001-040_s003_a016|Trujillo|after; person:person_cab-001-040_cab-001-040_s003_a017|Aguirre|after,person:person_cab-001-040_cab-001-040_s002_a004|Domingo de Aguirre|same,,,,unresolved,unresolved,explicit_recoverable,"Propuesta para revisión: el segmento cab-001-040_s003 contiene persona(s), grupo(s) o institución(es) explícitamente vinculados al acto «poder». Recuperar al menos un leco:hasParticipant desde la entidad ya anotada. No asignar un rol procesal más específico salvo evidencia textual.","Revisar candidatos del mismo segmento y, si no bastan, el contexto anterior/posterior.",,,,pending,
cab-001-040,https://w3id.org/leco/data/co-ahrb-cab-001-d0040/event_cab-001-040_cab-001-040_s003_a008,leco:OrderAct,ordenó,cab-001-040_s003,"Los señores Justicia y Regimiento en nombre del Cabildo de la ciudad de Tunja y sus vecinos dan todo su poder cumplido a Miguel de Trujillo vecino y corregidor de esta ciudad, se ordenó pregonar la decisión en la plaza principal en prueba de testimonio dieron fé y firmaron: Cabrera, Cifuentes, Suárez, Orozco, Rojas, Beteita, Trujillo, Aguirre.",cab-001-040_s002,"Allí se acordó enviar señores de la ciudad a Santafé, para pedir los propios; se acordó enviar a Don Domingo de Aguirre.",,,org:org_cab-001-040_cab-001-040_s003_a001|Justicia y Regimiento|before; org:org_cab-001-040_cab-001-040_s001_a003|Cabildo|before; person:person_cab-001-040_cab-001-040_s003_a006|Miguel de Trujillo|before; person:person_cab-001-040_cab-001-040_s003_a010|Cabrera|after; person:person_cab-001-040_cab-001-040_s003_a011|Cifuentes|after; person:person_cab-001-040_cab-001-040_s003_a012|Suárez|after; person:person_cab-001-040_cab-001-040_s003_a013|Orozco|after; person:person_cab-001-040_cab-001-040_s003_a014|Rojas|after; person:person_cab-001-040_cab-001-040_s003_a015|Beteita|after; person:person_cab-001-040_cab-001-040_s003_a016|Trujillo|after; person:person_cab-001-040_cab-001-040_s003_a017|Aguirre|after,person:person_cab-001-040_cab-001-040_s002_a004|Domingo de Aguirre|same,,org:org_cab-001-040_cab-001-040_s001_a003|Cabildo,,resolved,resolved_same_segment_before,explicit_recoverable,"Propuesta para revisión: el segmento cab-001-040_s003 contiene persona(s), grupo(s) o institución(es) explícitamente vinculados al acto «ordenó». Recuperar al menos un leco:hasParticipant desde la entidad ya anotada. No asignar un rol procesal más específico salvo evidencia textual.",Comprobar que la mención anterior al acto funciona realmente como actor/participante y no como autoridad/destinatario.,,,,pending,
cab-001-042,https://w3id.org/leco/data/co-ahrb-cab-001-d0042/event_cab-001-042_cab-001-042_s008_a002,leco:Petition,petición,cab-001-042_s008,Se leyó otra petición de Juan R.,cab-001-042_s007,En este Cabildo se presentó una petición de Don Vicente de Ruesga solicita se le conceda una vencidad en esta ciudad los miembros del Cabildo acordaron asignarle un solar de tierra.,cab-001-042_s009,Parra quien pide un hierro para ganados.,,org:org_cab-001-042_cab-001-042_s001_a003|Cabildo|same; person:person_cab-001-042_cab-001-042_s007_a004|Vicente de Ruesga|same; org:org_cab-001-042_cab-001-042_s001_a003|Cabildo|same,,,,unresolved,unresolved,explicit_recoverable,"Propuesta para revisión: el segmento cab-001-042_s008 contiene persona(s), grupo(s) o institución(es) explícitamente vinculados al acto «petición». Recuperar al menos un leco:hasParticipant desde la entidad ya anotada. No asignar un rol procesal más específico salvo evidencia textual.","Revisar candidatos del mismo segmento y, si no bastan, el contexto anterior/posterior.",,,,pending,
cab-001-042,https://w3id.org/leco/data/co-ahrb-cab-001-d0042/event_cab-001-042_cab-001-042_s001_a006,leco:Presentation,presentó,cab-001-042_s001,"En Tunja, el 21 de diciembre 1549 se llevó a cabo otra reeunión de su Cabildo, donde el capitan Martin Rojas presentó una carta de la costa de Cartagena, en la que advierte la visita de los oidores de la Real Audiencia, quien viene viajando, pasando por Velez y Tunja, por tal motivo hay lanecesidad de reparar los malos caminos y puentes; evitandoles asi algún accidente ó peligro.",,,cab-001-042_s002,"Se aprobó enviar ocho soldados y algunos peones con el capitan Martin Galeano, quien debe llevar azadones y hachas, para reparar el camino.",org:org_cab-001-042_cab-001-042_s001_a003|Cabildo|before; person:person_cab-001-042_cab-001-042_s001_a005|Martin Rojas|before; org:org_cab-001-042_cab-001-042_s001_a009|Real Audiencia|after,,person:person_cab-001-042_cab-001-042_s002_a003|Martin Galeano|same,person:person_cab-001-042_cab-001-042_s001_a005|Martin Rojas,,resolved,resolved_same_segment_before,explicit_recoverable,"Propuesta para revisión: el segmento cab-001-042_s001 contiene persona(s), grupo(s) o institución(es) explícitamente vinculados al acto «presentó». Recuperar al menos un leco:hasParticipant desde la entidad ya anotada. No asignar un rol procesal más específico salvo evidencia textual.",Comprobar que la mención anterior al acto funciona realmente como actor/participante y no como autoridad/destinatario.,,,,pending,
cab-001-042,https://w3id.org/leco/data/co-ahrb-cab-001-d0042/event_cab-001-042_cab-001-042_s007_a002,leco:Presentation,presentó,cab-001-042_s007,En este Cabildo se presentó una petición de Don Vicente de Ruesga solicita se le conceda una vencidad en esta ciudad los miembros del Cabildo acordaron asignarle un solar de tierra.,cab-001-042_s006,"Compra de una daga 1/2 peso, Limpiar una espada $1 peso, 1 Ventana llena con un bastidor $6 pesos,-1 Caja de 7 palmos $ pesos.(sigue lista).",cab-001-042_s008,Se leyó otra petición de Juan R.,org:org_cab-001-042_cab-001-042_s001_a003|Cabildo|before; person:person_cab-001-042_cab-001-042_s007_a004|Vicente de Ruesga|after; org:org_cab-001-042_cab-001-042_s001_a003|Cabildo|after,,,person:person_cab-001-042_cab-001-042_s007_a004|Vicente de Ruesga,,resolved,resolved_same_segment_after_REVIEW,explicit_recoverable,"Propuesta para revisión: el segmento cab-001-042_s007 contiene persona(s), grupo(s) o institución(es) explícitamente vinculados al acto «presentó». Recuperar al menos un leco:hasParticipant desde la entidad ya anotada. No asignar un rol procesal más específico salvo evidencia textual.",Target situado después del acto: revisar especialmente; puede ser objeto/destinatario y no participante actoral.,,,,pending,
cab-001-042,https://w3id.org/leco/data/co-ahrb-cab-001-d0042/event_cab-001-042_cab-001-042_s003_a001,leco:Sanction,pena,cab-001-042_s003,"Los pasos y fuentes; so pena de $1000 pesos del buen oro, al incumplimiento de la orden dada.",cab-001-042_s002,"Se aprobó enviar ocho soldados y algunos peones con el capitan Martin Galeano, quien debe llevar azadones y hachas, para reparar el camino.",cab-001-042_s004,Dado en Santafé a6 Diciembre de 1549.,,person:person_cab-001-042_cab-001-042_s002_a003|Martin Galeano|same,,,,unresolved,unresolved,keep_warning,Propuesta para revisión: en cab-001-042_s003 no se identifica un participante concreto e inequívoco para «pena». Mantener el warning; no crear una persona o grupo genérico solo para completar SHACL.,"Revisar candidatos del mismo segmento y, si no bastan, el contexto anterior/posterior.",,,,pending,
cab-001-042,https://w3id.org/leco/data/co-ahrb-cab-001-d0042/event_cab-001-042_cab-001-042_s008_a001,leco:ReadingAct,leyó,cab-001-042_s008,Se leyó otra petición de Juan R.,cab-001-042_s007,En este Cabildo se presentó una petición de Don Vicente de Ruesga solicita se le conceda una vencidad en esta ciudad los miembros del Cabildo acordaron asignarle un solar de tierra.,cab-001-042_s009,Parra quien pide un hierro para ganados.,,org:org_cab-001-042_cab-001-042_s001_a003|Cabildo|same; person:person_cab-001-042_cab-001-042_s007_a004|Vicente de Ruesga|same; org:org_cab-001-042_cab-001-042_s001_a003|Cabildo|same,,,,unresolved,unresolved,contextual_inference,"Propuesta para revisión: el participante de «leyó» no queda como sujeto inequívoco en cab-001-042_s008, pero puede inferirse por continuidad gramatical/institucional. Revisar el contexto inmediato y, si se acepta, registrar la relación como inferida con evidencia y confianza.","Revisar candidatos del mismo segmento y, si no bastan, el contexto anterior/posterior.",,,,pending,
cab-001-042,https://w3id.org/leco/data/co-ahrb-cab-001-d0042/event_cab-001-042_cab-001-042_s002_a001,leco:Approval,aprobó,cab-001-042_s002,"Se aprobó enviar ocho soldados y algunos peones con el capitan Martin Galeano, quien debe llevar azadones y hachas, para reparar el camino.",cab-001-042_s001,"En Tunja, el 21 de diciembre 1549 se llevó a cabo otra reeunión de su Cabildo, donde el capitan Martin Rojas presentó una carta de la costa de Cartagena, en la que advierte la visita de los oidores de la Real Audiencia, quien viene viajando, pasando por Velez y Tunja, por tal motivo hay lanecesidad de reparar los malos caminos y puentes; evitandoles asi algún accidente ó peligro.",cab-001-042_s003,"Los pasos y fuentes; so pena de $1000 pesos del buen oro, al incumplimiento de la orden dada.",person:person_cab-001-042_cab-001-042_s002_a003|Martin Galeano|after,org:org_cab-001-042_cab-001-042_s001_a003|Cabildo|same; person:person_cab-001-042_cab-001-042_s001_a005|Martin Rojas|same; org:org_cab-001-042_cab-001-042_s001_a009|Real Audiencia|same,,org:org_cab-001-042_cab-001-042_s001_a003|Cabildo; person:person_cab-001-042_cab-001-042_s002_a003|Martin Galeano,,resolved,multiple_current_targets,explicit_recoverable,"Propuesta para revisión: el segmento cab-001-042_s002 contiene persona(s), grupo(s) o institución(es) explícitamente vinculados al acto «aprobó». Recuperar al menos un leco:hasParticipant desde la entidad ya anotada. No asignar un rol procesal más específico salvo evidencia textual.",Verificar si la pluralidad está justificada o si alguna relación fue añadida heurísticamente.,,,,pending,
cab-001-046,https://w3id.org/leco/data/co-ahrb-cab-001-d0046/event_cab-001-046_cab-001-046_s002_a002,leco:OrderAct,ordenó,cab-001-046_s002,"8 de marzo 1550, se ordenó dar al pregón el valor de los aranceles que debian pagar los carpinteros.",cab-001-046_s001,"En el Cabildo del 7 de Marzo de 1550 se trató lo relacionado al pago de aranceles por parte de los carpinteros, el Gobernador Miguel Diaz de Armendaris ordenó se cobrara dichos aranceles de acuerdo a lo establecido.",cab-001-046_s003,21 de marzo 1550.,,org:org_cab-001-046_cab-001-046_s001_a001|Cabildo|same; person:person_cab-001-046_cab-001-046_s001_a004|Miguel Diaz de Armendaris|same,,org:org_cab-001-046_cab-001-046_s001_a001|Cabildo,,resolved,resolved_previous_context,explicit_recoverable,"Propuesta para revisión: el segmento cab-001-046_s002 contiene persona(s), grupo(s) o institución(es) explícitamente vinculados al acto «ordenó». Recuperar al menos un leco:hasParticipant desde la entidad ya anotada. No asignar un rol procesal más específico salvo evidencia textual.",Relación contextual: confirmar continuidad discursiva y conservar provenance/confidence.,,,,pending,
cab-001-046,https://w3id.org/leco/data/co-ahrb-cab-001-d0046/event_cab-001-046_cab-001-046_s001_a005,leco:OrderAct,ordenó,cab-001-046_s001,"En el Cabildo del 7 de Marzo de 1550 se trató lo relacionado al pago de aranceles por parte de los carpinteros, el Gobernador Miguel Diaz de Armendaris ordenó se cobrara dichos aranceles de acuerdo a lo establecido.",,,cab-001-046_s002,"8 de marzo 1550, se ordenó dar al pregón el valor de los aranceles que debian pagar los carpinteros.",org:org_cab-001-046_cab-001-046_s001_a001|Cabildo|before; person:person_cab-001-046_cab-001-046_s001_a004|Miguel Diaz de Armendaris|before,,,org:org_cab-001-046_cab-001-046_s013_a001|Justicia y Regimiento; person:person_cab-001-046_cab-001-046_s001_a004|Miguel Diaz de Armendaris,,resolved,multiple_current_targets,explicit_recoverable,"Propuesta para revisión: el segmento cab-001-046_s001 contiene persona(s), grupo(s) o institución(es) explícitamente vinculados al acto «ordenó». Recuperar al menos un leco:hasParticipant desde la entidad ya anotada. No asignar un rol procesal más específico salvo evidencia textual.",Verificar si la pluralidad está justificada o si alguna relación fue añadida heurísticamente.,,,,pending,
cab-001-046,https://w3id.org/leco/data/co-ahrb-cab-001-d0046/event_cab-001-046_cab-001-046_s002_a003,leco:Proclamation,pregón,cab-001-046_s002,"8 de marzo 1550, se ordenó dar al pregón el valor de los aranceles que debian pagar los carpinteros.",cab-001-046_s001,"En el Cabildo del 7 de Marzo de 1550 se trató lo relacionado al pago de aranceles por parte de los carpinteros, el Gobernador Miguel Diaz de Armendaris ordenó se cobrara dichos aranceles de acuerdo a lo establecido.",cab-001-046_s003,21 de marzo 1550.,,org:org_cab-001-046_cab-001-046_s001_a001|Cabildo|same; person:person_cab-001-046_cab-001-046_s001_a004|Miguel Diaz de Armendaris|same,,,,unresolved,unresolved,explicit_recoverable,"Propuesta para revisión: el segmento cab-001-046_s002 contiene persona(s), grupo(s) o institución(es) explícitamente vinculados al acto «pregón». Recuperar al menos un leco:hasParticipant desde la entidad ya anotada. No asignar un rol procesal más específico salvo evidencia textual.","Revisar candidatos del mismo segmento y, si no bastan, el contexto anterior/posterior.",,,,pending,
cab-001-055,https://w3id.org/leco/data/co-ahrb-cab-001-d0055/event_cab-001-055_cab-001-055_s004_a002,leco:Approval,aprobaron,cab-001-055_s004,"Los señores Justicia y Regimiento aprobaron los titulos de tierra solicitados, siempre y cuando no existan problemas con los naturales ó terceros.",cab-001-055_s003,"Tambien sepresentó otra petición por parte de Hernando Rojas, quien solicita unas tierras para ganados mayor en términos de Tunja.",cab-001-055_s005,Se ordenó dar al pregón en la plaza principal.,org:org_cab-001-055_cab-001-055_s004_a001|Justicia y Regimiento|before,person:person_cab-001-055_cab-001-055_s003_a002|Hernando Rojas|same,,org:org_cab-001-055_cab-001-055_s004_a001|Justicia y Regimiento,,resolved,resolved_same_segment_before,explicit_recoverable,"Propuesta para revisión: el segmento cab-001-055_s004 contiene persona(s), grupo(s) o institución(es) explícitamente vinculados al acto «aprobaron». Recuperar al menos un leco:hasParticipant desde la entidad ya anotada. No asignar un rol procesal más específico salvo evidencia textual.",Comprobar que la mención anterior al acto funciona realmente como actor/participante y no como autoridad/destinatario.,,,,pending,
cab-001-055,https://w3id.org/leco/data/co-ahrb-cab-001-d0055/event_cab-001-055_cab-001-055_s006_a003,leco:Collection,cobrar,cab-001-055_s006,"En este Cabildo, se aprobó cobrar $40 pesos del buen oro en cada un año por los propios de la ciudad, en constancia firmaron los capituladores.",cab-001-055_s005,Se ordenó dar al pregón en la plaza principal.,,,org:org_cab-001-055_cab-001-055_s002_a001|Cabildo|before,,,org:org_cab-001-055_cab-001-055_s002_a001|Cabildo,,resolved,resolved_same_segment_before,explicit_recoverable,"Propuesta para revisión: el segmento cab-001-055_s006 contiene persona(s), grupo(s) o institución(es) explícitamente vinculados al acto «cobrar». Recuperar al menos un leco:hasParticipant desde la entidad ya anotada. No asignar un rol procesal más específico salvo evidencia textual.",Comprobar que la mención anterior al acto funciona realmente como actor/participante y no como autoridad/destinatario.,,,,pending,
cab-001-055,https://w3id.org/leco/data/co-ahrb-cab-001-d0055/event_cab-001-055_cab-001-055_s006_a002,leco:Approval,aprobó,cab-001-055_s006,"En este Cabildo, se aprobó cobrar $40 pesos del buen oro en cada un año por los propios de la ciudad, en constancia firmaron los capituladores.",cab-001-055_s005,Se ordenó dar al pregón en la plaza principal.,,,org:org_cab-001-055_cab-001-055_s002_a001|Cabildo|before,,,org:org_cab-001-055_cab-001-055_s002_a001|Cabildo,,resolved,resolved_same_segment_before,explicit_recoverable,"Propuesta para revisión: el segmento cab-001-055_s006 contiene persona(s), grupo(s) o institución(es) explícitamente vinculados al acto «aprobó». Recuperar al menos un leco:hasParticipant desde la entidad ya anotada. No asignar un rol procesal más específico salvo evidencia textual.",Comprobar que la mención anterior al acto funciona realmente como actor/participante y no como autoridad/destinatario.,,,,pending,
cab-001-055,https://w3id.org/leco/data/co-ahrb-cab-001-d0055/event_cab-001-055_cab-001-055_s005_a002,leco:Proclamation,pregón,cab-001-055_s005,Se ordenó dar al pregón en la plaza principal.,cab-001-055_s004,"Los señores Justicia y Regimiento aprobaron los titulos de tierra solicitados, siempre y cuando no existan problemas con los naturales ó terceros.",cab-001-055_s006,"En este Cabildo, se aprobó cobrar $40 pesos del buen oro en cada un año por los propios de la ciudad, en constancia firmaron los capituladores.",,org:org_cab-001-055_cab-001-055_s004_a001|Justicia y Regimiento|same,org:org_cab-001-055_cab-001-055_s002_a001|Cabildo|same,,,unresolved,unresolved,keep_warning,Propuesta para revisión: en cab-001-055_s005 no se identifica un participante concreto e inequívoco para «pregón». Mantener el warning; no crear una persona o grupo genérico solo para completar SHACL.,"Revisar candidatos del mismo segmento y, si no bastan, el contexto anterior/posterior.",,,,pending,
cab-001-055,https://w3id.org/leco/data/co-ahrb-cab-001-d0055/event_cab-001-055_cab-001-055_s002_a002,leco:Presentation,presentó,cab-001-055_s002,"Se llevó a cabo otra reunión del Cabildo, en la que se presentó ua petición de Martin Sanchez Ropero, quien pide un sitio para construir un molino cerca al puente del camino, real.",cab-001-055_s001,"Tunja, 7 de Noviembre 1550.",cab-001-055_s003,"Tambien sepresentó otra petición por parte de Hernando Rojas, quien solicita unas tierras para ganados mayor en términos de Tunja.",org:org_cab-001-055_cab-001-055_s002_a001|Cabildo|before; person:person_cab-001-055_cab-001-055_s002_a004|Martin Sanchez Ropero|after,,person:person_cab-001-055_cab-001-055_s003_a002|Hernando Rojas|same,person:person_cab-001-055_cab-001-055_s002_a004|Martin Sanchez Ropero,,resolved,resolved_same_segment_after_REVIEW,explicit_recoverable,"Propuesta para revisión: el segmento cab-001-055_s002 contiene persona(s), grupo(s) o institución(es) explícitamente vinculados al acto «presentó». Recuperar al menos un leco:hasParticipant desde la entidad ya anotada. No asignar un rol procesal más específico salvo evidencia textual.",Target situado después del acto: revisar especialmente; puede ser objeto/destinatario y no participante actoral.,,,,pending,
cab-001-055,https://w3id.org/leco/data/co-ahrb-cab-001-d0055/event_cab-001-055_cab-001-055_s005_a001,leco:OrderAct,ordenó,cab-001-055_s005,Se ordenó dar al pregón en la plaza principal.,cab-001-055_s004,"Los señores Justicia y Regimiento aprobaron los titulos de tierra solicitados, siempre y cuando no existan problemas con los naturales ó terceros.",cab-001-055_s006,"En este Cabildo, se aprobó cobrar $40 pesos del buen oro en cada un año por los propios de la ciudad, en constancia firmaron los capituladores.",,org:org_cab-001-055_cab-001-055_s004_a001|Justicia y Regimiento|same,org:org_cab-001-055_cab-001-055_s002_a001|Cabildo|same,org:org_cab-001-055_cab-001-055_s002_a001|Cabildo,,resolved,resolved_next_context_REVIEW,keep_warning,Propuesta para revisión: en cab-001-055_s005 no se identifica un participante concreto e inequívoco para «ordenó». Mantener el warning; no crear una persona o grupo genérico solo para completar SHACL.,Target solo aparece en el segmento siguiente; requiere revisión humana cuidadosa.,,,,pending,
cab-001-056,https://w3id.org/leco/data/co-ahrb-cab-001-d0056/event_cab-001-056_cab-001-056_s002_a001,leco:Approval,aprobó,cab-001-056_s002,"En esta reunión se aprobó tapar los ""oyos"" de la ciudad dentro de un plazo de diez dias so pena de $10 pesos del buen oro por incumplimiento de lo ordenado.",cab-001-056_s001,"Tunja, Cabildo 19 noviembre de 1550.",cab-001-056_s003,"En este Cabildo mandaron los señores capituladores que los vecinos que tienen molino, lleven un tomin de buen oro ó el trigo, so pena de $2 pesos del buen oro, ademas debe pesar el trigo.",,org:org_cab-001-056_cab-001-056_s001_a002|Cabildo|same,org:org_cab-001-056_cab-001-056_s001_a002|Cabildo|same,org:org_cab-001-056_cab-001-056_s001_a002|Cabildo,,resolved,resolved_previous_context,contextual_inference,"Propuesta para revisión: el participante de «aprobó» no queda como sujeto inequívoco en cab-001-056_s002, pero puede inferirse por continuidad gramatical/institucional. Revisar el contexto inmediato y, si se acepta, registrar la relación como inferida con evidencia y confianza.",Relación contextual: confirmar continuidad discursiva y conservar provenance/confidence.,,,,pending,
cab-001-056,https://w3id.org/leco/data/co-ahrb-cab-001-d0056/event_cab-001-056_cab-001-056_s002_a002,leco:Sanction,pena,cab-001-056_s002,"En esta reunión se aprobó tapar los ""oyos"" de la ciudad dentro de un plazo de diez dias so pena de $10 pesos del buen oro por incumplimiento de lo ordenado.",cab-001-056_s001,"Tunja, Cabildo 19 noviembre de 1550.",cab-001-056_s003,"En este Cabildo mandaron los señores capituladores que los vecinos que tienen molino, lleven un tomin de buen oro ó el trigo, so pena de $2 pesos del buen oro, ademas debe pesar el trigo.",,org:org_cab-001-056_cab-001-056_s001_a002|Cabildo|same,org:org_cab-001-056_cab-001-056_s001_a002|Cabildo|same,org:org_cab-001-056_cab-001-056_s001_a002|Cabildo,,resolved,resolved_previous_context,keep_warning,Propuesta para revisión: en cab-001-056_s002 no se identifica un participante concreto e inequívoco para «pena». Mantener el warning; no crear una persona o grupo genérico solo para completar SHACL.,Relación contextual: confirmar continuidad discursiva y conservar provenance/confidence.,,,,pending,
cab-001-056,https://w3id.org/leco/data/co-ahrb-cab-001-d0056/event_cab-001-056_cab-001-056_s004_a001,leco:OrderAct,ordenó,cab-001-056_s004,"Para la venta de la harina se debe empacar en mochilas y costales, finalmente se ordenó notificar a los señores de los molinos.",cab-001-056_s003,"En este Cabildo mandaron los señores capituladores que los vecinos que tienen molino, lleven un tomin de buen oro ó el trigo, so pena de $2 pesos del buen oro, ademas debe pesar el trigo.",cab-001-056_s005,En este cabildo se acordó no construir más de un monasterio de San Francisco y se mandó realizar los repartimientos a los pobres de la ciudad.,,org:org_cab-001-056_cab-001-056_s001_a002|Cabildo|same,org:org_cab-001-056_cab-001-056_s001_a002|cabildo|same,org:org_cab-001-056_cab-001-056_s001_a002|Cabildo,,resolved,resolved_previous_context,explicit_recoverable,"Propuesta para revisión: el segmento cab-001-056_s004 contiene persona(s), grupo(s) o institución(es) explícitamente vinculados al acto «ordenó». Recuperar al menos un leco:hasParticipant desde la entidad ya anotada. No asignar un rol procesal más específico salvo evidencia textual.",Relación contextual: confirmar continuidad discursiva y conservar provenance/confidence.,,,,pending,
cab-001-056,https://w3id.org/leco/data/co-ahrb-cab-001-d0056/event_cab-001-056_cab-001-056_s003_a003,leco:Sanction,pena,cab-001-056_s003,"En este Cabildo mandaron los señores capituladores que los vecinos que tienen molino, lleven un tomin de buen oro ó el trigo, so pena de $2 pesos del buen oro, ademas debe pesar el trigo.",cab-001-056_s002,"En esta reunión se aprobó tapar los ""oyos"" de la ciudad dentro de un plazo de diez dias so pena de $10 pesos del buen oro por incumplimiento de lo ordenado.",cab-001-056_s004,"Para la venta de la harina se debe empacar en mochilas y costales, finalmente se ordenó notificar a los señores de los molinos.",org:org_cab-001-056_cab-001-056_s001_a002|Cabildo|before,,,org:org_cab-001-056_cab-001-056_s001_a002|Cabildo,,resolved,resolved_same_segment_before,explicit_recoverable,"Propuesta para revisión: el segmento cab-001-056_s003 contiene persona(s), grupo(s) o institución(es) explícitamente vinculados al acto «pena». Recuperar al menos un leco:hasParticipant desde la entidad ya anotada. No asignar un rol procesal más específico salvo evidencia textual.",Comprobar que la mención anterior al acto funciona realmente como actor/participante y no como autoridad/destinatario.,,,,pending,
cab-001-056,https://w3id.org/leco/data/co-ahrb-cab-001-d0056/event_cab-001-056_cab-001-056_s005_a003,leco:OrderAct,mandó,cab-001-056_s005,En este cabildo se acordó no construir más de un monasterio de San Francisco y se mandó realizar los repartimientos a los pobres de la ciudad.,cab-001-056_s004,"Para la venta de la harina se debe empacar en mochilas y costales, finalmente se ordenó notificar a los señores de los molinos.",,,org:org_cab-001-056_cab-001-056_s001_a002|cabildo|before,,,org:org_cab-001-056_cab-001-056_s001_a002|Cabildo,,resolved,resolved_same_segment_before,explicit_recoverable,"Propuesta para revisión: el segmento cab-001-056_s005 contiene persona(s), grupo(s) o institución(es) explícitamente vinculados al acto «mandó». Recuperar al menos un leco:hasParticipant desde la entidad ya anotada. No asignar un rol procesal más específico salvo evidencia textual.",Comprobar que la mención anterior al acto funciona realmente como actor/participante y no como autoridad/destinatario.,,,,pending,
cab-001-056,https://w3id.org/leco/data/co-ahrb-cab-001-d0056/event_cab-001-056_cab-001-056_s005_a004,leco:RepartimientoAct,repartimientos,cab-001-056_s005,En este cabildo se acordó no construir más de un monasterio de San Francisco y se mandó realizar los repartimientos a los pobres de la ciudad.,cab-001-056_s004,"Para la venta de la harina se debe empacar en mochilas y costales, finalmente se ordenó notificar a los señores de los molinos.",,,org:org_cab-001-056_cab-001-056_s001_a002|cabildo|before,,,org:org_cab-001-056_cab-001-056_s001_a002|Cabildo,,resolved,resolved_same_segment_before,explicit_recoverable,"Propuesta para revisión: el segmento cab-001-056_s005 contiene persona(s), grupo(s) o institución(es) explícitamente vinculados al acto «repartimientos». Recuperar al menos un leco:hasParticipant desde la entidad ya anotada. No asignar un rol procesal más específico salvo evidencia textual.",Comprobar que la mención anterior al acto funciona realmente como actor/participante y no como autoridad/destinatario.,,,,pending,
