document,severity,constraint,result_path,message,focus_node,focus_types,focus_label,evidence_uris,evidence_xml_ids,evidence_text,evidence_file,evidence_method,suggested_action,suggested_action_note,review_status,reviewer_note
cab-001-002,Warning,sh:MinCountConstraintComponent,leco:decidedBy,No se ha identificado quién decidió esta decisión jurídica.,https://w3id.org/leco/data/co-ahrb-cab-001-d002/event_cab-001-002_cab-001-002_s005_a001,leco:OrderAct,ordenó,https://w3id.org/leco/data/co-ahrb-cab-001-d002/cab-001-002_s005,cab-001-002_s005,"Se ordenó investigar las acciones y comportamiento del señor Pineda, para fallar por su incumplimiento con el deber de Alcalde Ordinario.",source-tei,segment leco:documentsAct focus,review_deciding_authority,Comprobar quién adopta la decisión en el segmento y su contexto inmediato; no asumir Cabildo automáticamente si el texto no lo permite.,pending,
cab-001-002,Warning,sh:OrConstraintComponent,,No se ha identificado ningún participante del acto. Mantener como incompletitud si la fuente no permite establecerlo.,https://w3id.org/leco/data/co-ahrb-cab-001-d002/event_cab-001-002_cab-001-002_s004_a003,leco:Appearance,compareció,https://w3id.org/leco/data/co-ahrb-cab-001-d002/cab-001-002_s004,cab-001-002_s004,"El Alcalde Juan de Pineda compareció ante la Real Audencia para apelar la sanción, argumento que se encontraba gestionado lo de su nombramiento como Procurador.",source-tei,segment leco:documentsAct focus,human_review,"Revisar el warning junto con su evidencia antes de modificar TEI, mapping u ontología.",pending,
cab-001-002,Warning,sh:MinCountConstraintComponent,leco:withinJurisdiction,"No se ha identificado una jurisdicción para este acto. Es una laguna de completitud, no un error estructural.",https://w3id.org/leco/data/co-ahrb-cab-001-d002/event_cab-001-002_cab-001-002_s005_a003,leco:Adjudication,fallar,https://w3id.org/leco/data/co-ahrb-cab-001-d002/cab-001-002_s005,cab-001-002_s005,"Se ordenó investigar las acciones y comportamiento del señor Pineda, para fallar por su incumplimiento con el deber de Alcalde Ordinario.",source-tei,segment leco:documentsAct focus,review_jurisdiction_context,Revisar autoridad/institución y contexto documental. Solo añadir jurisdicción si está explícita o si se registra como inferencia contextual con procedencia.,pending,
cab-001-002,Warning,sh:MinCountConstraintComponent,leco:decidedBy,No se ha identificado quién decidió esta decisión jurídica.,https://w3id.org/leco/data/co-ahrb-cab-001-d002/event_cab-001-002_cab-001-002_s005_a003,leco:Adjudication,fallar,https://w3id.org/leco/data/co-ahrb-cab-001-d002/cab-001-002_s005,cab-001-002_s005,"Se ordenó investigar las acciones y comportamiento del señor Pineda, para fallar por su incumplimiento con el deber de Alcalde Ordinario.",source-tei,segment leco:documentsAct focus,review_deciding_authority,Comprobar quién adopta la decisión en el segmento y su contexto inmediato; no asumir Cabildo automáticamente si el texto no lo permite.,pending,
cab-001-002,Warning,sh:MinCountConstraintComponent,leco:investigates,"No se ha identificado el objeto, actor o conducta investigada.",https://w3id.org/leco/data/co-ahrb-cab-001-d002/event_cab-001-002_cab-001-002_s005_a002,leco:Investigation,investigar,https://w3id.org/leco/data/co-ahrb-cab-001-d002/cab-001-002_s005,cab-001-002_s005,"Se ordenó investigar las acciones y comportamiento del señor Pineda, para fallar por su incumplimiento con el deber de Alcalde Ordinario.",source-tei,segment leco:documentsAct focus,review_investigation_target,"Identificar qué persona, conducta o asunto se investiga si la fuente lo expresa; de lo contrario conservar el warning.",pending,
cab-001-002,Warning,sh:MinCountConstraintComponent,leco:decidedBy,No se ha identificado quién decidió esta decisión jurídica.,https://w3id.org/leco/data/co-ahrb-cab-001-d002/event_cab-001-002_cab-001-002_s003_a002,leco:Detention,ponerlo preso,https://w3id.org/leco/data/co-ahrb-cab-001-d002/cab-001-002_s003,cab-001-002_s003,"Los señores capitulares, acordaron ponerlo preso y encargar en su remplazo a don Pedro Vasquez.",source-tei,segment leco:documentsAct focus,review_deciding_authority,Comprobar quién adopta la decisión en el segmento y su contexto inmediato; no asumir Cabildo automáticamente si el texto no lo permite.,pending,
cab-001-002,Warning,sh:OrConstraintComponent,,No se ha identificado ningún participante del acto. Mantener como incompletitud si la fuente no permite establecerlo.,https://w3id.org/leco/data/co-ahrb-cab-001-d002/event_cab-001-002_cab-001-002_s005_a003,leco:Adjudication,fallar,https://w3id.org/leco/data/co-ahrb-cab-001-d002/cab-001-002_s005,cab-001-002_s005,"Se ordenó investigar las acciones y comportamiento del señor Pineda, para fallar por su incumplimiento con el deber de Alcalde Ordinario.",source-tei,segment leco:documentsAct focus,human_review,"Revisar el warning junto con su evidencia antes de modificar TEI, mapping u ontología.",pending,
cab-001-002,Warning,sh:MinCountConstraintComponent,leco:withinJurisdiction,"No se ha identificado una jurisdicción para este acto. Es una laguna de completitud, no un error estructural.",https://w3id.org/leco/data/co-ahrb-cab-001-d002/event_cab-001-002_cab-001-002_s003_a002,leco:Detention,ponerlo preso,https://w3id.org/leco/data/co-ahrb-cab-001-d002/cab-001-002_s003,cab-001-002_s003,"Los señores capitulares, acordaron ponerlo preso y encargar en su remplazo a don Pedro Vasquez.",source-tei,segment leco:documentsAct focus,review_jurisdiction_context,Revisar autoridad/institución y contexto documental. Solo añadir jurisdicción si está explícita o si se registra como inferencia contextual con procedencia.,pending,
cab-001-002,Warning,sh:MinCountConstraintComponent,leco:appointsToOffice,No se ha identificado el oficio al que se realiza el nombramiento.,https://w3id.org/leco/data/co-ahrb-cab-001-d002/event_cab-001-002_cab-001-002_s004_a006,leco:Appointment,nombramiento,https://w3id.org/leco/data/co-ahrb-cab-001-d002/cab-001-002_s004,cab-001-002_s004,"El Alcalde Juan de Pineda compareció ante la Real Audencia para apelar la sanción, argumento que se encontraba gestionado lo de su nombramiento como Procurador.",source-tei,segment leco:documentsAct focus,review_appointment_office,Comprobar el oficio al que se nombra. Normalizar el tipo de oficio sin borrar la forma histórica del texto.,pending,
cab-001-002,Warning,sh:MinCountConstraintComponent,leco:withinJurisdiction,"No se ha identificado una jurisdicción para este acto. Es una laguna de completitud, no un error estructural.",https://w3id.org/leco/data/co-ahrb-cab-001-d002/event_cab-001-002_cab-001-002_s005_a002,leco:Investigation,investigar,https://w3id.org/leco/data/co-ahrb-cab-001-d002/cab-001-002_s005,cab-001-002_s005,"Se ordenó investigar las acciones y comportamiento del señor Pineda, para fallar por su incumplimiento con el deber de Alcalde Ordinario.",source-tei,segment leco:documentsAct focus,review_jurisdiction_context,Revisar autoridad/institución y contexto documental. Solo añadir jurisdicción si está explícita o si se registra como inferencia contextual con procedencia.,pending,
cab-001-002,Warning,sh:OrConstraintComponent,,No se ha identificado ningún participante del acto. Mantener como incompletitud si la fuente no permite establecerlo.,https://w3id.org/leco/data/co-ahrb-cab-001-d002/event_cab-001-002_cab-001-002_s004_a006,leco:Appointment,nombramiento,https://w3id.org/leco/data/co-ahrb-cab-001-d002/cab-001-002_s004,cab-001-002_s004,"El Alcalde Juan de Pineda compareció ante la Real Audencia para apelar la sanción, argumento que se encontraba gestionado lo de su nombramiento como Procurador.",source-tei,segment leco:documentsAct focus,human_review,"Revisar el warning junto con su evidencia antes de modificar TEI, mapping u ontología.",pending,
cab-001-002,Warning,sh:MinCountConstraintComponent,leco:appointsPerson,No se ha identificado la persona nombrada.,https://w3id.org/leco/data/co-ahrb-cab-001-d002/event_cab-001-002_cab-001-002_s004_a006,leco:Appointment,nombramiento,https://w3id.org/leco/data/co-ahrb-cab-001-d002/cab-001-002_s004,cab-001-002_s004,"El Alcalde Juan de Pineda compareció ante la Real Audencia para apelar la sanción, argumento que se encontraba gestionado lo de su nombramiento como Procurador.",source-tei,segment leco:documentsAct focus,review_appointment_person,Comprobar la persona nombrada en el segmento y si el mapping/enriquecimiento omitió una relación explícita.,pending,
cab-001-002,Warning,sh:OrConstraintComponent,,No se ha identificado ningún participante del acto. Mantener como incompletitud si la fuente no permite establecerlo.,https://w3id.org/leco/data/co-ahrb-cab-001-d002/event_cab-001-002_cab-001-002_s003_a002,leco:Detention,ponerlo preso,https://w3id.org/leco/data/co-ahrb-cab-001-d002/cab-001-002_s003,cab-001-002_s003,"Los señores capitulares, acordaron ponerlo preso y encargar en su remplazo a don Pedro Vasquez.",source-tei,segment leco:documentsAct focus,human_review,"Revisar el warning junto con su evidencia antes de modificar TEI, mapping u ontología.",pending,
cab-001-002,Warning,sh:MinCountConstraintComponent,leco:withinJurisdiction,"No se ha identificado una jurisdicción para este acto. Es una laguna de completitud, no un error estructural.",https://w3id.org/leco/data/co-ahrb-cab-001-d002/event_cab-001-002_cab-001-002_s004_a003,leco:Appearance,compareció,https://w3id.org/leco/data/co-ahrb-cab-001-d002/cab-001-002_s004,cab-001-002_s004,"El Alcalde Juan de Pineda compareció ante la Real Audencia para apelar la sanción, argumento que se encontraba gestionado lo de su nombramiento como Procurador.",source-tei,segment leco:documentsAct focus,review_jurisdiction_context,Revisar autoridad/institución y contexto documental. Solo añadir jurisdicción si está explícita o si se registra como inferencia contextual con procedencia.,pending,
cab-001-002,Warning,sh:OrConstraintComponent,,No se ha identificado ningún participante del acto. Mantener como incompletitud si la fuente no permite establecerlo.,https://w3id.org/leco/data/co-ahrb-cab-001-d002/event_cab-001-002_cab-001-002_s005_a002,leco:Investigation,investigar,https://w3id.org/leco/data/co-ahrb-cab-001-d002/cab-001-002_s005,cab-001-002_s005,"Se ordenó investigar las acciones y comportamiento del señor Pineda, para fallar por su incumplimiento con el deber de Alcalde Ordinario.",source-tei,segment leco:documentsAct focus,human_review,"Revisar el warning junto con su evidencia antes de modificar TEI, mapping u ontología.",pending,
cab-001-002,Warning,sh:OrConstraintComponent,,No se ha identificado ningún participante del acto. Mantener como incompletitud si la fuente no permite establecerlo.,https://w3id.org/leco/data/co-ahrb-cab-001-d002/event_cab-001-002_cab-001-002_s005_a001,leco:OrderAct,ordenó,https://w3id.org/leco/data/co-ahrb-cab-001-d002/cab-001-002_s005,cab-001-002_s005,"Se ordenó investigar las acciones y comportamiento del señor Pineda, para fallar por su incumplimiento con el deber de Alcalde Ordinario.",source-tei,segment leco:documentsAct focus,human_review,"Revisar el warning junto con su evidencia antes de modificar TEI, mapping u ontología.",pending,
cab-001-002,Warning,sh:MinCountConstraintComponent,leco:withinJurisdiction,"No se ha identificado una jurisdicción para este acto. Es una laguna de completitud, no un error estructural.",https://w3id.org/leco/data/co-ahrb-cab-001-d002/event_cab-001-002_cab-001-002_s005_a001,leco:OrderAct,ordenó,https://w3id.org/leco/data/co-ahrb-cab-001-d002/cab-001-002_s005,cab-001-002_s005,"Se ordenó investigar las acciones y comportamiento del señor Pineda, para fallar por su incumplimiento con el deber de Alcalde Ordinario.",source-tei,segment leco:documentsAct focus,review_jurisdiction_context,Revisar autoridad/institución y contexto documental. Solo añadir jurisdicción si está explícita o si se registra como inferencia contextual con procedencia.,pending,
cab-001-002,Warning,sh:MinCountConstraintComponent,leco:withinJurisdiction,"No se ha identificado una jurisdicción para este acto. Es una laguna de completitud, no un error estructural.",https://w3id.org/leco/data/co-ahrb-cab-001-d002/event_cab-001-002_cab-001-002_s004_a006,leco:Appointment,nombramiento,https://w3id.org/leco/data/co-ahrb-cab-001-d002/cab-001-002_s004,cab-001-002_s004,"El Alcalde Juan de Pineda compareció ante la Real Audencia para apelar la sanción, argumento que se encontraba gestionado lo de su nombramiento como Procurador.",source-tei,segment leco:documentsAct focus,review_jurisdiction_context,Revisar autoridad/institución y contexto documental. Solo añadir jurisdicción si está explícita o si se registra como inferencia contextual con procedencia.,pending,
cab-001-002,Warning,sh:MinCountConstraintComponent,leco:sanctions,No se ha identificado el actor sancionado.,https://w3id.org/leco/data/co-ahrb-cab-001-d002/event_cab-001-002_cab-001-002_s003_a002,leco:Detention,ponerlo preso,https://w3id.org/leco/data/co-ahrb-cab-001-d002/cab-001-002_s003,cab-001-002_s003,"Los señores capitulares, acordaron ponerlo preso y encargar en su remplazo a don Pedro Vasquez.",source-tei,segment leco:documentsAct focus,review_sanction_target,Identificar el destinatario de la sanción si está textual o inequívocamente contextualizado; conservar el warning si no puede determinarse.,pending,
cab-001-003,Warning,sh:OrConstraintComponent,,No se ha identificado ningún participante del acto. Mantener como incompletitud si la fuente no permite establecerlo.,https://w3id.org/leco/data/co-ahrb-cab-001-d003/event_cab-001-003_cab-001-003_s004_a006,leco:RepartimientoAct,repartimientos,https://w3id.org/leco/data/co-ahrb-cab-001-d003/cab-001-003_s004,cab-001-003_s004,"En este Cabildo se tratá por parte de los miembros del Cabildo Justicia y Regimiento, el contenido de la carta enviada por el señor Gobernador, donde se estipula el tiempo que ha de permanecer los indios en sus repartimientos.",source-tei,segment leco:documentsAct focus,human_review,"Revisar el warning junto con su evidencia antes de modificar TEI, mapping u ontología.",pending,
cab-001-003,Warning,sh:MinCountConstraintComponent,leco:withinJurisdiction,"No se ha identificado una jurisdicción para este acto. Es una laguna de completitud, no un error estructural.",https://w3id.org/leco/data/co-ahrb-cab-001-d003/event_cab-001-003_cab-001-003_s005_a004,leco:Appeal,apelación,https://w3id.org/leco/data/co-ahrb-cab-001-d003/cab-001-003_s005,cab-001-003_s005,"Se acordó expedir a Hernan Suárez para que se encarguen de los asuntos de losnaturales y los repartimientos, presente apelación ante la Real Audencia de Santafé y los Reinos de España .",source-tei,segment leco:documentsAct focus,review_jurisdiction_context,Revisar autoridad/institución y contexto documental. Solo añadir jurisdicción si está explícita o si se registra como inferencia contextual con procedencia.,pending,
cab-001-003,Warning,sh:OrConstraintComponent,,No se ha identificado ningún participante del acto. Mantener como incompletitud si la fuente no permite establecerlo.,https://w3id.org/leco/data/co-ahrb-cab-001-d003/event_cab-001-003_cab-001-003_s007_a002,leco:Proclamation,pregonar,https://w3id.org/leco/data/co-ahrb-cab-001-d003/cab-001-003_s007,cab-001-003_s007,Se ordenó pregonar lo acordado.,source-tei,segment leco:documentsAct focus,human_review,"Revisar el warning junto con su evidencia antes de modificar TEI, mapping u ontología.",pending,
cab-001-003,Warning,sh:MinCountConstraintComponent,leco:withinJurisdiction,"No se ha identificado una jurisdicción para este acto. Es una laguna de completitud, no un error estructural.",https://w3id.org/leco/data/co-ahrb-cab-001-d003/event_cab-001-003_cab-001-003_s005_a001,leco:LegalDecision,acordó,https://w3id.org/leco/data/co-ahrb-cab-001-d003/cab-001-003_s005,cab-001-003_s005,"Se acordó expedir a Hernan Suárez para que se encarguen de los asuntos de losnaturales y los repartimientos, presente apelación ante la Real Audencia de Santafé y los Reinos de España .",source-tei,segment leco:documentsAct focus,review_jurisdiction_context,Revisar autoridad/institución y contexto documental. Solo añadir jurisdicción si está explícita o si se registra como inferencia contextual con procedencia.,pending,
cab-001-003,Warning,sh:MinCountConstraintComponent,leco:withinJurisdiction,"No se ha identificado una jurisdicción para este acto. Es una laguna de completitud, no un error estructural.",https://w3id.org/leco/data/co-ahrb-cab-001-d003/event_cab-001-003_cab-001-003_s004_a006,leco:RepartimientoAct,repartimientos,https://w3id.org/leco/data/co-ahrb-cab-001-d003/cab-001-003_s004,cab-001-003_s004,"En este Cabildo se tratá por parte de los miembros del Cabildo Justicia y Regimiento, el contenido de la carta enviada por el señor Gobernador, donde se estipula el tiempo que ha de permanecer los indios en sus repartimientos.",source-tei,segment leco:documentsAct focus,review_jurisdiction_context,Revisar autoridad/institución y contexto documental. Solo añadir jurisdicción si está explícita o si se registra como inferencia contextual con procedencia.,pending,
cab-001-003,Warning,sh:OrConstraintComponent,,No se ha identificado ningún participante del acto. Mantener como incompletitud si la fuente no permite establecerlo.,https://w3id.org/leco/data/co-ahrb-cab-001-d003/event_cab-001-003_cab-001-003_s007_a001,leco:OrderAct,ordenó,https://w3id.org/leco/data/co-ahrb-cab-001-d003/cab-001-003_s007,cab-001-003_s007,Se ordenó pregonar lo acordado.,source-tei,segment leco:documentsAct focus,human_review,"Revisar el warning junto con su evidencia antes de modificar TEI, mapping u ontología.",pending,
cab-001-003,Warning,sh:MinCountConstraintComponent,leco:withinJurisdiction,"No se ha identificado una jurisdicción para este acto. Es una laguna de completitud, no un error estructural.",https://w3id.org/leco/data/co-ahrb-cab-001-d003/event_cab-001-003_cab-001-003_s007_a001,leco:OrderAct,ordenó,https://w3id.org/leco/data/co-ahrb-cab-001-d003/cab-001-003_s007,cab-001-003_s007,Se ordenó pregonar lo acordado.,source-tei,segment leco:documentsAct focus,review_jurisdiction_context,Revisar autoridad/institución y contexto documental. Solo añadir jurisdicción si está explícita o si se registra como inferencia contextual con procedencia.,pending,
cab-001-003,Warning,sh:MinCountConstraintComponent,leco:resultsInLegalArrangement,El repartimiento no está enlazado todavía con el arreglo o régimen jurídico resultante.,https://w3id.org/leco/data/co-ahrb-cab-001-d003/event_cab-001-003_cab-001-003_s004_a006,leco:RepartimientoAct,repartimientos,https://w3id.org/leco/data/co-ahrb-cab-001-d003/cab-001-003_s004,cab-001-003_s004,"En este Cabildo se tratá por parte de los miembros del Cabildo Justicia y Regimiento, el contenido de la carta enviada por el señor Gobernador, donde se estipula el tiempo que ha de permanecer los indios en sus repartimientos.",source-tei,segment leco:documentsAct focus,review_legal_arrangement,Revisar si el acto produce realmente un régimen/arreglo jurídico (p. ej. repartimiento/merced) o si la fuente solo menciona el término.,pending,
cab-001-003,Warning,sh:OrConstraintComponent,,No se ha identificado ningún participante del acto. Mantener como incompletitud si la fuente no permite establecerlo.,https://w3id.org/leco/data/co-ahrb-cab-001-d003/event_cab-001-003_cab-001-003_s005_a003,leco:RepartimientoAct,repartimientos,https://w3id.org/leco/data/co-ahrb-cab-001-d003/cab-001-003_s005,cab-001-003_s005,"Se acordó expedir a Hernan Suárez para que se encarguen de los asuntos de losnaturales y los repartimientos, presente apelación ante la Real Audencia de Santafé y los Reinos de España .",source-tei,segment leco:documentsAct focus,human_review,"Revisar el warning junto con su evidencia antes de modificar TEI, mapping u ontología.",pending,
cab-001-003,Warning,sh:MinCountConstraintComponent,leco:withinJurisdiction,"No se ha identificado una jurisdicción para este acto. Es una laguna de completitud, no un error estructural.",https://w3id.org/leco/data/co-ahrb-cab-001-d003/event_cab-001-003_cab-001-003_s007_a002,leco:Proclamation,pregonar,https://w3id.org/leco/data/co-ahrb-cab-001-d003/cab-001-003_s007,cab-001-003_s007,Se ordenó pregonar lo acordado.,source-tei,segment leco:documentsAct focus,review_jurisdiction_context,Revisar autoridad/institución y contexto documental. Solo añadir jurisdicción si está explícita o si se registra como inferencia contextual con procedencia.,pending,
cab-001-003,Warning,sh:MinCountConstraintComponent,leco:conceptUseJurisdiction,El uso del concepto histórico no tiene todavía contexto jurisdiccional identificado.,https://w3id.org/leco/data/co-ahrb-cab-001-d003/concept_use_cab-001-003_cab-001-003_s003_a005,leco:HistoricalConceptUse,real servicio,https://w3id.org/leco/data/co-ahrb-cab-001-d003/cab-001-003_s003,cab-001-003_s003,"Juan de Horosco, Miguel de Trujillo, Hernando de Rojas Regidores, para tratar lo relacionadocon el real servicio.",source-tei,focus leco:attestedIn,review_concept_jurisdiction,Revisar si el uso conceptual puede contextualizarse jurisdiccionalmente; mantener warning cuando el alcance no sea seguro.,pending,
cab-001-003,Warning,sh:MinCountConstraintComponent,leco:resultsInLegalArrangement,El repartimiento no está enlazado todavía con el arreglo o régimen jurídico resultante.,https://w3id.org/leco/data/co-ahrb-cab-001-d003/event_cab-001-003_cab-001-003_s005_a003,leco:RepartimientoAct,repartimientos,https://w3id.org/leco/data/co-ahrb-cab-001-d003/cab-001-003_s005,cab-001-003_s005,"Se acordó expedir a Hernan Suárez para que se encarguen de los asuntos de losnaturales y los repartimientos, presente apelación ante la Real Audencia de Santafé y los Reinos de España .",source-tei,segment leco:documentsAct focus,review_legal_arrangement,Revisar si el acto produce realmente un régimen/arreglo jurídico (p. ej. repartimiento/merced) o si la fuente solo menciona el término.,pending,
cab-001-003,Warning,sh:MinCountConstraintComponent,leco:withinJurisdiction,"No se ha identificado una jurisdicción para este acto. Es una laguna de completitud, no un error estructural.",https://w3id.org/leco/data/co-ahrb-cab-001-d003/event_cab-001-003_cab-001-003_s005_a003,leco:RepartimientoAct,repartimientos,https://w3id.org/leco/data/co-ahrb-cab-001-d003/cab-001-003_s005,cab-001-003_s005,"Se acordó expedir a Hernan Suárez para que se encarguen de los asuntos de losnaturales y los repartimientos, presente apelación ante la Real Audencia de Santafé y los Reinos de España .",source-tei,segment leco:documentsAct focus,review_jurisdiction_context,Revisar autoridad/institución y contexto documental. Solo añadir jurisdicción si está explícita o si se registra como inferencia contextual con procedencia.,pending,
cab-001-003,Warning,sh:MinCountConstraintComponent,leco:decidedBy,No se ha identificado quién decidió esta decisión jurídica.,https://w3id.org/leco/data/co-ahrb-cab-001-d003/event_cab-001-003_cab-001-003_s007_a001,leco:OrderAct,ordenó,https://w3id.org/leco/data/co-ahrb-cab-001-d003/cab-001-003_s007,cab-001-003_s007,Se ordenó pregonar lo acordado.,source-tei,segment leco:documentsAct focus,review_deciding_authority,Comprobar quién adopta la decisión en el segmento y su contexto inmediato; no asumir Cabildo automáticamente si el texto no lo permite.,pending,
cab-001-004,Warning,sh:MinCountConstraintComponent,leco:resultsInLegalArrangement,El repartimiento no está enlazado todavía con el arreglo o régimen jurídico resultante.,https://w3id.org/leco/data/co-ahrb-cab-001-d004/event_cab-001-004_cab-001-004_s008_a004,leco:RepartimientoAct,repartimientos,https://w3id.org/leco/data/co-ahrb-cab-001-d004/cab-001-004_s008,cab-001-004_s008,Se presentó un mandamiento del señor Gobernador para que se hagan los repartimientos de esta ciudad.,source-tei,segment leco:documentsAct focus,review_legal_arrangement,Revisar si el acto produce realmente un régimen/arreglo jurídico (p. ej. repartimiento/merced) o si la fuente solo menciona el término.,pending,
cab-001-004,Warning,sh:OrConstraintComponent,,No se ha identificado ningún participante del acto. Mantener como incompletitud si la fuente no permite establecerlo.,https://w3id.org/leco/data/co-ahrb-cab-001-d004/event_cab-001-004_cab-001-004_s005_a004,leco:OrderAct,mandó,https://w3id.org/leco/data/co-ahrb-cab-001-d004/cab-001-004_s005,cab-001-004_s005,"2 de Septiembre 1547, se tratá lo relacionado a lo ausencia del teniente, quien se encuentra fuera de la ciudad, el señor gobernador mandó que a su llegada debia justificar la razón de su audencia.",source-tei,segment leco:documentsAct focus,human_review,"Revisar el warning junto con su evidencia antes de modificar TEI, mapping u ontología.",pending,
cab-001-004,Warning,sh:MinCountConstraintComponent,leco:withinJurisdiction,"No se ha identificado una jurisdicción para este acto. Es una laguna de completitud, no un error estructural.",https://w3id.org/leco/data/co-ahrb-cab-001-d004/event_cab-001-004_cab-001-004_s005_a004,leco:OrderAct,mandó,https://w3id.org/leco/data/co-ahrb-cab-001-d004/cab-001-004_s005,cab-001-004_s005,"2 de Septiembre 1547, se tratá lo relacionado a lo ausencia del teniente, quien se encuentra fuera de la ciudad, el señor gobernador mandó que a su llegada debia justificar la razón de su audencia.",source-tei,segment leco:documentsAct focus,review_jurisdiction_context,Revisar autoridad/institución y contexto documental. Solo añadir jurisdicción si está explícita o si se registra como inferencia contextual con procedencia.,pending,
cab-001-004,Warning,sh:OrConstraintComponent,,No se ha identificado ningún participante del acto. Mantener como incompletitud si la fuente no permite establecerlo.,https://w3id.org/leco/data/co-ahrb-cab-001-d004/event_cab-001-004_cab-001-004_s010_a004,leco:Presentation,presentó,https://w3id.org/leco/data/co-ahrb-cab-001-d004/cab-001-004_s010,cab-001-004_s010,En dicho Cabildo Martin de San Juan Alquacil presentó una petición para que se le descargue del oficio de carcelero negándoce la petición por los señores Justicia y Regimiento.,source-tei,segment leco:documentsAct focus,human_review,"Revisar el warning junto con su evidencia antes de modificar TEI, mapping u ontología.",pending,
cab-001-004,Warning,sh:OrConstraintComponent,,No se ha identificado ningún participante del acto. Mantener como incompletitud si la fuente no permite establecerlo.,https://w3id.org/leco/data/co-ahrb-cab-001-d004/event_cab-001-004_cab-001-004_s010_a007,leco:Petition,petición,https://w3id.org/leco/data/co-ahrb-cab-001-d004/cab-001-004_s010,cab-001-004_s010,En dicho Cabildo Martin de San Juan Alquacil presentó una petición para que se le descargue del oficio de carcelero negándoce la petición por los señores Justicia y Regimiento.,source-tei,segment leco:documentsAct focus,human_review,"Revisar el warning junto con su evidencia antes de modificar TEI, mapping u ontología.",pending,
cab-001-004,Warning,sh:MinCountConstraintComponent,leco:withinJurisdiction,"No se ha identificado una jurisdicción para este acto. Es una laguna de completitud, no un error estructural.",https://w3id.org/leco/data/co-ahrb-cab-001-d004/event_cab-001-004_cab-001-004_s008_a004,leco:RepartimientoAct,repartimientos,https://w3id.org/leco/data/co-ahrb-cab-001-d004/cab-001-004_s008,cab-001-004_s008,Se presentó un mandamiento del señor Gobernador para que se hagan los repartimientos de esta ciudad.,source-tei,segment leco:documentsAct focus,review_jurisdiction_context,Revisar autoridad/institución y contexto documental. Solo añadir jurisdicción si está explícita o si se registra como inferencia contextual con procedencia.,pending,
cab-001-004,Warning,sh:OrConstraintComponent,,No se ha identificado ningún participante del acto. Mantener como incompletitud si la fuente no permite establecerlo.,https://w3id.org/leco/data/co-ahrb-cab-001-d004/event_cab-001-004_cab-001-004_s003_a001,leco:GrantOfPower,poder,https://w3id.org/leco/data/co-ahrb-cab-001-d004/cab-001-004_s003,cab-001-004_s003,"Se dió un poder a Hernan Suárez de Villalobos,para que apelara en la Audencia los contenidos del auto que contenian nuevas leyes que afectan a los indios y la tributación del maiz y otras cosas que sacan delas granjas.",source-tei,segment leco:documentsAct focus,human_review,"Revisar el warning junto con su evidencia antes de modificar TEI, mapping u ontología.",pending,
cab-001-004,Warning,sh:OrConstraintComponent,,No se ha identificado ningún participante del acto. Mantener como incompletitud si la fuente no permite establecerlo.,https://w3id.org/leco/data/co-ahrb-cab-001-d004/event_cab-001-004_cab-001-004_s002_a003,leco:Proclamation,pregón,https://w3id.org/leco/data/co-ahrb-cab-001-d004/cab-001-004_s002,cab-001-004_s002,"En este Cabildo los señores Justicia y Regimiento dijeron que por el pregón de un auto que se realizó, donde se mandó hacer la despedida del señor Gobernador por parte de los vecinos del Repartimiento, ya no fueran a tal acto.",source-tei,segment leco:documentsAct focus,human_review,"Revisar el warning junto con su evidencia antes de modificar TEI, mapping u ontología.",pending,
cab-001-004,Warning,sh:OrConstraintComponent,,No se ha identificado ningún participante del acto. Mantener como incompletitud si la fuente no permite establecerlo.,https://w3id.org/leco/data/co-ahrb-cab-001-d004/event_cab-001-004_cab-001-004_s008_a004,leco:RepartimientoAct,repartimientos,https://w3id.org/leco/data/co-ahrb-cab-001-d004/cab-001-004_s008,cab-001-004_s008,Se presentó un mandamiento del señor Gobernador para que se hagan los repartimientos de esta ciudad.,source-tei,segment leco:documentsAct focus,human_review,"Revisar el warning junto con su evidencia antes de modificar TEI, mapping u ontología.",pending,
cab-001-004,Warning,sh:OrConstraintComponent,,No se ha identificado ningún participante del acto. Mantener como incompletitud si la fuente no permite establecerlo.,https://w3id.org/leco/data/co-ahrb-cab-001-d004/event_cab-001-004_cab-001-004_s007_a002,leco:Presentation,presentó,https://w3id.org/leco/data/co-ahrb-cab-001-d004/cab-001-004_s007,cab-001-004_s007,"En este Cabildo se presentó Juan de la Peña con una petición para que se coloque remedio a la carcel, 10 de Octubre 1547.",source-tei,segment leco:documentsAct focus,human_review,"Revisar el warning junto con su evidencia antes de modificar TEI, mapping u ontología.",pending,
cab-001-004,Warning,sh:MinCountConstraintComponent,leco:withinJurisdiction,"No se ha identificado una jurisdicción para este acto. Es una laguna de completitud, no un error estructural.",https://w3id.org/leco/data/co-ahrb-cab-001-d004/event_cab-001-004_cab-001-004_s010_a005,leco:Petition,petición,https://w3id.org/leco/data/co-ahrb-cab-001-d004/cab-001-004_s010,cab-001-004_s010,En dicho Cabildo Martin de San Juan Alquacil presentó una petición para que se le descargue del oficio de carcelero negándoce la petición por los señores Justicia y Regimiento.,source-tei,segment leco:documentsAct focus,review_jurisdiction_context,Revisar autoridad/institución y contexto documental. Solo añadir jurisdicción si está explícita o si se registra como inferencia contextual con procedencia.,pending,
cab-001-004,Warning,sh:MinCountConstraintComponent,leco:createsRepresentation,El otorgamiento de poder no está enlazado todavía con una relación de representación.,https://w3id.org/leco/data/co-ahrb-cab-001-d004/event_cab-001-004_cab-001-004_s003_a001,leco:GrantOfPower,poder,https://w3id.org/leco/data/co-ahrb-cab-001-d004/cab-001-004_s003,cab-001-004_s003,"Se dió un poder a Hernan Suárez de Villalobos,para que apelara en la Audencia los contenidos del auto que contenian nuevas leyes que afectan a los indios y la tributación del maiz y otras cosas que sacan delas granjas.",source-tei,segment leco:documentsAct focus,review_representation_relation,"Revisar el poder: principal, representante y relación creada. No convertir la mera palabra 'poder' en representación completa sin evidencia.",pending,
cab-001-004,Warning,sh:MinCountConstraintComponent,leco:withinJurisdiction,"No se ha identificado una jurisdicción para este acto. Es una laguna de completitud, no un error estructural.",https://w3id.org/leco/data/co-ahrb-cab-001-d004/event_cab-001-004_cab-001-004_s009_a003,leco:Petition,petición,https://w3id.org/leco/data/co-ahrb-cab-001-d004/cab-001-004_s009,cab-001-004_s009,Don Pedro de Arevalo presentó una petición en la que se solicita un hierro para las vacas y otros ganados con el fin de herrarlos.,source-tei,segment leco:documentsAct focus,review_jurisdiction_context,Revisar autoridad/institución y contexto documental. Solo añadir jurisdicción si está explícita o si se registra como inferencia contextual con procedencia.,pending,
cab-001-004,Warning,sh:MinCountConstraintComponent,leco:decidedBy,No se ha identificado quién decidió esta decisión jurídica.,https://w3id.org/leco/data/co-ahrb-cab-001-d004/event_cab-001-004_cab-001-004_s002_a005,leco:OrderAct,mandó,https://w3id.org/leco/data/co-ahrb-cab-001-d004/cab-001-004_s002,cab-001-004_s002,"En este Cabildo los señores Justicia y Regimiento dijeron que por el pregón de un auto que se realizó, donde se mandó hacer la despedida del señor Gobernador por parte de los vecinos del Repartimiento, ya no fueran a tal acto.",source-tei,segment leco:documentsAct focus,review_deciding_authority,Comprobar quién adopta la decisión en el segmento y su contexto inmediato; no asumir Cabildo automáticamente si el texto no lo permite.,pending,
cab-001-004,Warning,sh:OrConstraintComponent,,No se ha identificado ningún participante del acto. Mantener como incompletitud si la fuente no permite establecerlo.,https://w3id.org/leco/data/co-ahrb-cab-001-d004/event_cab-001-004_cab-001-004_s008_a001,leco:Presentation,presentó,https://w3id.org/leco/data/co-ahrb-cab-001-d004/cab-001-004_s008,cab-001-004_s008,Se presentó un mandamiento del señor Gobernador para que se hagan los repartimientos de esta ciudad.,source-tei,segment leco:documentsAct focus,human_review,"Revisar el warning junto con su evidencia antes de modificar TEI, mapping u ontología.",pending,
cab-001-004,Warning,sh:MinCountConstraintComponent,leco:withinJurisdiction,"No se ha identificado una jurisdicción para este acto. Es una laguna de completitud, no un error estructural.",https://w3id.org/leco/data/co-ahrb-cab-001-d004/event_cab-001-004_cab-001-004_s002_a008,leco:RepartimientoAct,Repartimiento,https://w3id.org/leco/data/co-ahrb-cab-001-d004/cab-001-004_s002,cab-001-004_s002,"En este Cabildo los señores Justicia y Regimiento dijeron que por el pregón de un auto que se realizó, donde se mandó hacer la despedida del señor Gobernador por parte de los vecinos del Repartimiento, ya no fueran a tal acto.",source-tei,segment leco:documentsAct focus,review_jurisdiction_context,Revisar autoridad/institución y contexto documental. Solo añadir jurisdicción si está explícita o si se registra como inferencia contextual con procedencia.,pending,
cab-001-004,Warning,sh:MinCountConstraintComponent,leco:decidedBy,No se ha identificado quién decidió esta decisión jurídica.,https://w3id.org/leco/data/co-ahrb-cab-001-d004/event_cab-001-004_cab-001-004_s005_a004,leco:OrderAct,mandó,https://w3id.org/leco/data/co-ahrb-cab-001-d004/cab-001-004_s005,cab-001-004_s005,"2 de Septiembre 1547, se tratá lo relacionado a lo ausencia del teniente, quien se encuentra fuera de la ciudad, el señor gobernador mandó que a su llegada debia justificar la razón de su audencia.",source-tei,segment leco:documentsAct focus,review_deciding_authority,Comprobar quién adopta la decisión en el segmento y su contexto inmediato; no asumir Cabildo automáticamente si el texto no lo permite.,pending,
cab-001-004,Warning,sh:MinCountConstraintComponent,leco:withinJurisdiction,"No se ha identificado una jurisdicción para este acto. Es una laguna de completitud, no un error estructural.",https://w3id.org/leco/data/co-ahrb-cab-001-d004/event_cab-001-004_cab-001-004_s003_a001,leco:GrantOfPower,poder,https://w3id.org/leco/data/co-ahrb-cab-001-d004/cab-001-004_s003,cab-001-004_s003,"Se dió un poder a Hernan Suárez de Villalobos,para que apelara en la Audencia los contenidos del auto que contenian nuevas leyes que afectan a los indios y la tributación del maiz y otras cosas que sacan delas granjas.",source-tei,segment leco:documentsAct focus,review_jurisdiction_context,Revisar autoridad/institución y contexto documental. Solo añadir jurisdicción si está explícita o si se registra como inferencia contextual con procedencia.,pending,
cab-001-004,Warning,sh:MinCountConstraintComponent,leco:appointsToOffice,No se ha identificado el oficio al que se realiza el nombramiento.,https://w3id.org/leco/data/co-ahrb-cab-001-d004/event_cab-001-004_cab-001-004_s011_a003,leco:Appointment,nombrar,https://w3id.org/leco/data/co-ahrb-cab-001-d004/cab-001-004_s011,cab-001-004_s011,"Los señores Justicia y Regimiento acordaron nombrar por escribano público y de Cabildo a Don Juan de Padilla, mientras dure el señor Juan de Chinchillas fuera de la ciudad se firmo un documento en el que el señor Padilla recibe el escribano Chinchilla el cargo de Escribano comprometiendose a cumplir con sus obligaciones en el Cabildo.",source-tei,segment leco:documentsAct focus,review_appointment_office,Comprobar el oficio al que se nombra. Normalizar el tipo de oficio sin borrar la forma histórica del texto.,pending,
cab-001-004,Warning,sh:MinCountConstraintComponent,leco:withinJurisdiction,"No se ha identificado una jurisdicción para este acto. Es una laguna de completitud, no un error estructural.",https://w3id.org/leco/data/co-ahrb-cab-001-d004/event_cab-001-004_cab-001-004_s007_a004,leco:Petition,petición,https://w3id.org/leco/data/co-ahrb-cab-001-d004/cab-001-004_s007,cab-001-004_s007,"En este Cabildo se presentó Juan de la Peña con una petición para que se coloque remedio a la carcel, 10 de Octubre 1547.",source-tei,segment leco:documentsAct focus,review_jurisdiction_context,Revisar autoridad/institución y contexto documental. Solo añadir jurisdicción si está explícita o si se registra como inferencia contextual con procedencia.,pending,
cab-001-004,Warning,sh:OrConstraintComponent,,No se ha identificado ningún participante del acto. Mantener como incompletitud si la fuente no permite establecerlo.,https://w3id.org/leco/data/co-ahrb-cab-001-d004/event_cab-001-004_cab-001-004_s007_a004,leco:Petition,petición,https://w3id.org/leco/data/co-ahrb-cab-001-d004/cab-001-004_s007,cab-001-004_s007,"En este Cabildo se presentó Juan de la Peña con una petición para que se coloque remedio a la carcel, 10 de Octubre 1547.",source-tei,segment leco:documentsAct focus,human_review,"Revisar el warning junto con su evidencia antes de modificar TEI, mapping u ontología.",pending,
cab-001-004,Warning,sh:MinCountConstraintComponent,leco:withinJurisdiction,"No se ha identificado una jurisdicción para este acto. Es una laguna de completitud, no un error estructural.",https://w3id.org/leco/data/co-ahrb-cab-001-d004/event_cab-001-004_cab-001-004_s002_a005,leco:OrderAct,mandó,https://w3id.org/leco/data/co-ahrb-cab-001-d004/cab-001-004_s002,cab-001-004_s002,"En este Cabildo los señores Justicia y Regimiento dijeron que por el pregón de un auto que se realizó, donde se mandó hacer la despedida del señor Gobernador por parte de los vecinos del Repartimiento, ya no fueran a tal acto.",source-tei,segment leco:documentsAct focus,review_jurisdiction_context,Revisar autoridad/institución y contexto documental. Solo añadir jurisdicción si está explícita o si se registra como inferencia contextual con procedencia.,pending,
cab-001-004,Warning,sh:MinCountConstraintComponent,leco:withinJurisdiction,"No se ha identificado una jurisdicción para este acto. Es una laguna de completitud, no un error estructural.",https://w3id.org/leco/data/co-ahrb-cab-001-d004/event_cab-001-004_cab-001-004_s010_a007,leco:Petition,petición,https://w3id.org/leco/data/co-ahrb-cab-001-d004/cab-001-004_s010,cab-001-004_s010,En dicho Cabildo Martin de San Juan Alquacil presentó una petición para que se le descargue del oficio de carcelero negándoce la petición por los señores Justicia y Regimiento.,source-tei,segment leco:documentsAct focus,review_jurisdiction_context,Revisar autoridad/institución y contexto documental. Solo añadir jurisdicción si está explícita o si se registra como inferencia contextual con procedencia.,pending,
cab-001-004,Warning,sh:MinCountConstraintComponent,leco:withinJurisdiction,"No se ha identificado una jurisdicción para este acto. Es una laguna de completitud, no un error estructural.",https://w3id.org/leco/data/co-ahrb-cab-001-d004/event_cab-001-004_cab-001-004_s011_a003,leco:Appointment,nombrar,https://w3id.org/leco/data/co-ahrb-cab-001-d004/cab-001-004_s011,cab-001-004_s011,"Los señores Justicia y Regimiento acordaron nombrar por escribano público y de Cabildo a Don Juan de Padilla, mientras dure el señor Juan de Chinchillas fuera de la ciudad se firmo un documento en el que el señor Padilla recibe el escribano Chinchilla el cargo de Escribano comprometiendose a cumplir con sus obligaciones en el Cabildo.",source-tei,segment leco:documentsAct focus,review_jurisdiction_context,Revisar autoridad/institución y contexto documental. Solo añadir jurisdicción si está explícita o si se registra como inferencia contextual con procedencia.,pending,
cab-001-004,Warning,sh:MinCountConstraintComponent,leco:resultsInLegalArrangement,El repartimiento no está enlazado todavía con el arreglo o régimen jurídico resultante.,https://w3id.org/leco/data/co-ahrb-cab-001-d004/event_cab-001-004_cab-001-004_s002_a008,leco:RepartimientoAct,Repartimiento,https://w3id.org/leco/data/co-ahrb-cab-001-d004/cab-001-004_s002,cab-001-004_s002,"En este Cabildo los señores Justicia y Regimiento dijeron que por el pregón de un auto que se realizó, donde se mandó hacer la despedida del señor Gobernador por parte de los vecinos del Repartimiento, ya no fueran a tal acto.",source-tei,segment leco:documentsAct focus,review_legal_arrangement,Revisar si el acto produce realmente un régimen/arreglo jurídico (p. ej. repartimiento/merced) o si la fuente solo menciona el término.,pending,
cab-001-004,Warning,sh:MinCountConstraintComponent,leco:withinJurisdiction,"No se ha identificado una jurisdicción para este acto. Es una laguna de completitud, no un error estructural.",https://w3id.org/leco/data/co-ahrb-cab-001-d004/event_cab-001-004_cab-001-004_s010_a004,leco:Presentation,presentó,https://w3id.org/leco/data/co-ahrb-cab-001-d004/cab-001-004_s010,cab-001-004_s010,En dicho Cabildo Martin de San Juan Alquacil presentó una petición para que se le descargue del oficio de carcelero negándoce la petición por los señores Justicia y Regimiento.,source-tei,segment leco:documentsAct focus,review_jurisdiction_context,Revisar autoridad/institución y contexto documental. Solo añadir jurisdicción si está explícita o si se registra como inferencia contextual con procedencia.,pending,
cab-001-004,Warning,sh:OrConstraintComponent,,No se ha identificado ningún participante del acto. Mantener como incompletitud si la fuente no permite establecerlo.,https://w3id.org/leco/data/co-ahrb-cab-001-d004/event_cab-001-004_cab-001-004_s002_a005,leco:OrderAct,mandó,https://w3id.org/leco/data/co-ahrb-cab-001-d004/cab-001-004_s002,cab-001-004_s002,"En este Cabildo los señores Justicia y Regimiento dijeron que por el pregón de un auto que se realizó, donde se mandó hacer la despedida del señor Gobernador por parte de los vecinos del Repartimiento, ya no fueran a tal acto.",source-tei,segment leco:documentsAct focus,human_review,"Revisar el warning junto con su evidencia antes de modificar TEI, mapping u ontología.",pending,
cab-001-004,Warning,sh:MinCountConstraintComponent,leco:withinJurisdiction,"No se ha identificado una jurisdicción para este acto. Es una laguna de completitud, no un error estructural.",https://w3id.org/leco/data/co-ahrb-cab-001-d004/event_cab-001-004_cab-001-004_s008_a001,leco:Presentation,presentó,https://w3id.org/leco/data/co-ahrb-cab-001-d004/cab-001-004_s008,cab-001-004_s008,Se presentó un mandamiento del señor Gobernador para que se hagan los repartimientos de esta ciudad.,source-tei,segment leco:documentsAct focus,review_jurisdiction_context,Revisar autoridad/institución y contexto documental. Solo añadir jurisdicción si está explícita o si se registra como inferencia contextual con procedencia.,pending,
cab-001-004,Warning,sh:MinCountConstraintComponent,leco:withinJurisdiction,"No se ha identificado una jurisdicción para este acto. Es una laguna de completitud, no un error estructural.",https://w3id.org/leco/data/co-ahrb-cab-001-d004/event_cab-001-004_cab-001-004_s002_a003,leco:Proclamation,pregón,https://w3id.org/leco/data/co-ahrb-cab-001-d004/cab-001-004_s002,cab-001-004_s002,"En este Cabildo los señores Justicia y Regimiento dijeron que por el pregón de un auto que se realizó, donde se mandó hacer la despedida del señor Gobernador por parte de los vecinos del Repartimiento, ya no fueran a tal acto.",source-tei,segment leco:documentsAct focus,review_jurisdiction_context,Revisar autoridad/institución y contexto documental. Solo añadir jurisdicción si está explícita o si se registra como inferencia contextual con procedencia.,pending,
cab-001-004,Warning,sh:OrConstraintComponent,,No se ha identificado ningún participante del acto. Mantener como incompletitud si la fuente no permite establecerlo.,https://w3id.org/leco/data/co-ahrb-cab-001-d004/event_cab-001-004_cab-001-004_s009_a002,leco:Presentation,presentó,https://w3id.org/leco/data/co-ahrb-cab-001-d004/cab-001-004_s009,cab-001-004_s009,Don Pedro de Arevalo presentó una petición en la que se solicita un hierro para las vacas y otros ganados con el fin de herrarlos.,source-tei,segment leco:documentsAct focus,human_review,"Revisar el warning junto con su evidencia antes de modificar TEI, mapping u ontología.",pending,
cab-001-004,Warning,sh:MinCountConstraintComponent,leco:withinJurisdiction,"No se ha identificado una jurisdicción para este acto. Es una laguna de completitud, no un error estructural.",https://w3id.org/leco/data/co-ahrb-cab-001-d004/event_cab-001-004_cab-001-004_s009_a002,leco:Presentation,presentó,https://w3id.org/leco/data/co-ahrb-cab-001-d004/cab-001-004_s009,cab-001-004_s009,Don Pedro de Arevalo presentó una petición en la que se solicita un hierro para las vacas y otros ganados con el fin de herrarlos.,source-tei,segment leco:documentsAct focus,review_jurisdiction_context,Revisar autoridad/institución y contexto documental. Solo añadir jurisdicción si está explícita o si se registra como inferencia contextual con procedencia.,pending,
cab-001-004,Warning,sh:OrConstraintComponent,,No se ha identificado ningún participante del acto. Mantener como incompletitud si la fuente no permite establecerlo.,https://w3id.org/leco/data/co-ahrb-cab-001-d004/event_cab-001-004_cab-001-004_s002_a008,leco:RepartimientoAct,Repartimiento,https://w3id.org/leco/data/co-ahrb-cab-001-d004/cab-001-004_s002,cab-001-004_s002,"En este Cabildo los señores Justicia y Regimiento dijeron que por el pregón de un auto que se realizó, donde se mandó hacer la despedida del señor Gobernador por parte de los vecinos del Repartimiento, ya no fueran a tal acto.",source-tei,segment leco:documentsAct focus,human_review,"Revisar el warning junto con su evidencia antes de modificar TEI, mapping u ontología.",pending,
cab-001-004,Warning,sh:MinCountConstraintComponent,leco:withinJurisdiction,"No se ha identificado una jurisdicción para este acto. Es una laguna de completitud, no un error estructural.",https://w3id.org/leco/data/co-ahrb-cab-001-d004/event_cab-001-004_cab-001-004_s007_a002,leco:Presentation,presentó,https://w3id.org/leco/data/co-ahrb-cab-001-d004/cab-001-004_s007,cab-001-004_s007,"En este Cabildo se presentó Juan de la Peña con una petición para que se coloque remedio a la carcel, 10 de Octubre 1547.",source-tei,segment leco:documentsAct focus,review_jurisdiction_context,Revisar autoridad/institución y contexto documental. Solo añadir jurisdicción si está explícita o si se registra como inferencia contextual con procedencia.,pending,
cab-001-006,Warning,sh:MinCountConstraintComponent,leco:resultsInLegalArrangement,El repartimiento no está enlazado todavía con el arreglo o régimen jurídico resultante.,https://w3id.org/leco/data/co-ahrb-cab-001-d006/event_cab-001-006_cab-001-006_s006_a001,leco:RepartimientoAct,repartimientos,https://w3id.org/leco/data/co-ahrb-cab-001-d006/cab-001-006_s006,cab-001-006_s006,Finalmente; seguir autorizando los repartimientos de tierras e Indios a los primeros descubridores y conquistadores del Nuevo Reino de Granada.,source-tei,segment leco:documentsAct focus,review_legal_arrangement,Revisar si el acto produce realmente un régimen/arreglo jurídico (p. ej. repartimiento/merced) o si la fuente solo menciona el término.,pending,
cab-001-006,Warning,sh:MinCountConstraintComponent,leco:withinJurisdiction,"No se ha identificado una jurisdicción para este acto. Es una laguna de completitud, no un error estructural.",https://w3id.org/leco/data/co-ahrb-cab-001-d006/event_cab-001-006_cab-001-006_s002_a001,leco:Appointment,Nombrar,https://w3id.org/leco/data/co-ahrb-cab-001-d006/cab-001-006_s002,cab-001-006_s002,"Nombrar regidores perpetuos a personas hábiles, idónes que sean pobladores y descubridores del Nuevo Reino.",source-tei,segment leco:documentsAct focus,review_jurisdiction_context,Revisar autoridad/institución y contexto documental. Solo añadir jurisdicción si está explícita o si se registra como inferencia contextual con procedencia.,pending,
cab-001-006,Warning,sh:MinCountConstraintComponent,leco:withinJurisdiction,"No se ha identificado una jurisdicción para este acto. Es una laguna de completitud, no un error estructural.",https://w3id.org/leco/data/co-ahrb-cab-001-d006/event_cab-001-006_cab-001-006_s005_a002,leco:Sanction,penas,https://w3id.org/leco/data/co-ahrb-cab-001-d006/cab-001-006_s005,cab-001-006_s005,"Por cuanto es costumbre de los gobernantes del Reino y de las justicias, se pregona las penas contra los Indios, Suspenderlos, castigarlos por causar problemas con los vecinos de la ciudad dónde se fiel cumplimiento a esta carta Real Provisión.",source-tei,segment leco:documentsAct focus,review_jurisdiction_context,Revisar autoridad/institución y contexto documental. Solo añadir jurisdicción si está explícita o si se registra como inferencia contextual con procedencia.,pending,
cab-001-006,Warning,sh:MinCountConstraintComponent,leco:sanctions,No se ha identificado el actor sancionado.,https://w3id.org/leco/data/co-ahrb-cab-001-d006/event_cab-001-006_cab-001-006_s005_a004,leco:Punishment,castigarlos,https://w3id.org/leco/data/co-ahrb-cab-001-d006/cab-001-006_s005,cab-001-006_s005,"Por cuanto es costumbre de los gobernantes del Reino y de las justicias, se pregona las penas contra los Indios, Suspenderlos, castigarlos por causar problemas con los vecinos de la ciudad dónde se fiel cumplimiento a esta carta Real Provisión.",source-tei,segment leco:documentsAct focus,review_sanction_target,Identificar el destinatario de la sanción si está textual o inequívocamente contextualizado; conservar el warning si no puede determinarse.,pending,
cab-001-006,Warning,sh:MinCountConstraintComponent,leco:decidedBy,No se ha identificado quién decidió esta decisión jurídica.,https://w3id.org/leco/data/co-ahrb-cab-001-d006/event_cab-001-006_cab-001-006_s005_a002,leco:Sanction,penas,https://w3id.org/leco/data/co-ahrb-cab-001-d006/cab-001-006_s005,cab-001-006_s005,"Por cuanto es costumbre de los gobernantes del Reino y de las justicias, se pregona las penas contra los Indios, Suspenderlos, castigarlos por causar problemas con los vecinos de la ciudad dónde se fiel cumplimiento a esta carta Real Provisión.",source-tei,segment leco:documentsAct focus,review_deciding_authority,Comprobar quién adopta la decisión en el segmento y su contexto inmediato; no asumir Cabildo automáticamente si el texto no lo permite.,pending,
cab-001-006,Warning,sh:OrConstraintComponent,,No se ha identificado ningún participante del acto. Mantener como incompletitud si la fuente no permite establecerlo.,https://w3id.org/leco/data/co-ahrb-cab-001-d006/event_cab-001-006_cab-001-006_s006_a001,leco:RepartimientoAct,repartimientos,https://w3id.org/leco/data/co-ahrb-cab-001-d006/cab-001-006_s006,cab-001-006_s006,Finalmente; seguir autorizando los repartimientos de tierras e Indios a los primeros descubridores y conquistadores del Nuevo Reino de Granada.,source-tei,segment leco:documentsAct focus,human_review,"Revisar el warning junto con su evidencia antes de modificar TEI, mapping u ontología.",pending,
cab-001-006,Warning,sh:OrConstraintComponent,,No se ha identificado ningún participante del acto. Mantener como incompletitud si la fuente no permite establecerlo.,https://w3id.org/leco/data/co-ahrb-cab-001-d006/event_cab-001-006_cab-001-006_s005_a004,leco:Punishment,castigarlos,https://w3id.org/leco/data/co-ahrb-cab-001-d006/cab-001-006_s005,cab-001-006_s005,"Por cuanto es costumbre de los gobernantes del Reino y de las justicias, se pregona las penas contra los Indios, Suspenderlos, castigarlos por causar problemas con los vecinos de la ciudad dónde se fiel cumplimiento a esta carta Real Provisión.",source-tei,segment leco:documentsAct focus,human_review,"Revisar el warning junto con su evidencia antes de modificar TEI, mapping u ontología.",pending,
cab-001-006,Warning,sh:MinCountConstraintComponent,leco:appointsPerson,No se ha identificado la persona nombrada.,https://w3id.org/leco/data/co-ahrb-cab-001-d006/event_cab-001-006_cab-001-006_s002_a001,leco:Appointment,Nombrar,https://w3id.org/leco/data/co-ahrb-cab-001-d006/cab-001-006_s002,cab-001-006_s002,"Nombrar regidores perpetuos a personas hábiles, idónes que sean pobladores y descubridores del Nuevo Reino.",source-tei,segment leco:documentsAct focus,review_appointment_person,Comprobar la persona nombrada en el segmento y si el mapping/enriquecimiento omitió una relación explícita.,pending,
cab-001-006,Warning,sh:OrConstraintComponent,,No se ha identificado ningún participante del acto. Mantener como incompletitud si la fuente no permite establecerlo.,https://w3id.org/leco/data/co-ahrb-cab-001-d006/event_cab-001-006_cab-001-006_s004_a004,leco:Punishment,castigados,https://w3id.org/leco/data/co-ahrb-cab-001-d006/cab-001-006_s004,cab-001-006_s004,"Por cuanto en los confines y términos de la ciudad de Tunja y sus provincias y poblaciones de Indios hay guerras entre ellos con los Caribes los cuales comen carne humana, para que estos sean castigados por los españoles.",source-tei,segment leco:documentsAct focus,human_review,"Revisar el warning junto con su evidencia antes de modificar TEI, mapping u ontología.",pending,
cab-001-006,Warning,sh:MinCountConstraintComponent,leco:withinJurisdiction,"No se ha identificado una jurisdicción para este acto. Es una laguna de completitud, no un error estructural.",https://w3id.org/leco/data/co-ahrb-cab-001-d006/event_cab-001-006_cab-001-006_s004_a004,leco:Punishment,castigados,https://w3id.org/leco/data/co-ahrb-cab-001-d006/cab-001-006_s004,cab-001-006_s004,"Por cuanto en los confines y términos de la ciudad de Tunja y sus provincias y poblaciones de Indios hay guerras entre ellos con los Caribes los cuales comen carne humana, para que estos sean castigados por los españoles.",source-tei,segment leco:documentsAct focus,review_jurisdiction_context,Revisar autoridad/institución y contexto documental. Solo añadir jurisdicción si está explícita o si se registra como inferencia contextual con procedencia.,pending,
cab-001-006,Warning,sh:MinCountConstraintComponent,leco:sanctions,No se ha identificado el actor sancionado.,https://w3id.org/leco/data/co-ahrb-cab-001-d006/event_cab-001-006_cab-001-006_s004_a004,leco:Punishment,castigados,https://w3id.org/leco/data/co-ahrb-cab-001-d006/cab-001-006_s004,cab-001-006_s004,"Por cuanto en los confines y términos de la ciudad de Tunja y sus provincias y poblaciones de Indios hay guerras entre ellos con los Caribes los cuales comen carne humana, para que estos sean castigados por los españoles.",source-tei,segment leco:documentsAct focus,review_sanction_target,Identificar el destinatario de la sanción si está textual o inequívocamente contextualizado; conservar el warning si no puede determinarse.,pending,
cab-001-006,Warning,sh:MinCountConstraintComponent,leco:withinJurisdiction,"No se ha identificado una jurisdicción para este acto. Es una laguna de completitud, no un error estructural.",https://w3id.org/leco/data/co-ahrb-cab-001-d006/event_cab-001-006_cab-001-006_s006_a001,leco:RepartimientoAct,repartimientos,https://w3id.org/leco/data/co-ahrb-cab-001-d006/cab-001-006_s006,cab-001-006_s006,Finalmente; seguir autorizando los repartimientos de tierras e Indios a los primeros descubridores y conquistadores del Nuevo Reino de Granada.,source-tei,segment leco:documentsAct focus,review_jurisdiction_context,Revisar autoridad/institución y contexto documental. Solo añadir jurisdicción si está explícita o si se registra como inferencia contextual con procedencia.,pending,
cab-001-006,Warning,sh:OrConstraintComponent,,No se ha identificado ningún participante del acto. Mantener como incompletitud si la fuente no permite establecerlo.,https://w3id.org/leco/data/co-ahrb-cab-001-d006/event_cab-001-006_cab-001-006_s005_a002,leco:Sanction,penas,https://w3id.org/leco/data/co-ahrb-cab-001-d006/cab-001-006_s005,cab-001-006_s005,"Por cuanto es costumbre de los gobernantes del Reino y de las justicias, se pregona las penas contra los Indios, Suspenderlos, castigarlos por causar problemas con los vecinos de la ciudad dónde se fiel cumplimiento a esta carta Real Provisión.",source-tei,segment leco:documentsAct focus,human_review,"Revisar el warning junto con su evidencia antes de modificar TEI, mapping u ontología.",pending,
cab-001-006,Warning,sh:MinCountConstraintComponent,leco:decidedBy,No se ha identificado quién decidió esta decisión jurídica.,https://w3id.org/leco/data/co-ahrb-cab-001-d006/event_cab-001-006_cab-001-006_s005_a004,leco:Punishment,castigarlos,https://w3id.org/leco/data/co-ahrb-cab-001-d006/cab-001-006_s005,cab-001-006_s005,"Por cuanto es costumbre de los gobernantes del Reino y de las justicias, se pregona las penas contra los Indios, Suspenderlos, castigarlos por causar problemas con los vecinos de la ciudad dónde se fiel cumplimiento a esta carta Real Provisión.",source-tei,segment leco:documentsAct focus,review_deciding_authority,Comprobar quién adopta la decisión en el segmento y su contexto inmediato; no asumir Cabildo automáticamente si el texto no lo permite.,pending,
cab-001-006,Warning,sh:OrConstraintComponent,,No se ha identificado ningún participante del acto. Mantener como incompletitud si la fuente no permite establecerlo.,https://w3id.org/leco/data/co-ahrb-cab-001-d006/event_cab-001-006_cab-001-006_s002_a001,leco:Appointment,Nombrar,https://w3id.org/leco/data/co-ahrb-cab-001-d006/cab-001-006_s002,cab-001-006_s002,"Nombrar regidores perpetuos a personas hábiles, idónes que sean pobladores y descubridores del Nuevo Reino.",source-tei,segment leco:documentsAct focus,human_review,"Revisar el warning junto con su evidencia antes de modificar TEI, mapping u ontología.",pending,
cab-001-006,Warning,sh:MinCountConstraintComponent,leco:conceptUseTime,El uso del concepto histórico no tiene todavía contexto temporal identificado. Mantener como incompletitud si la fuente o los metadatos no permiten fecharlo.,https://w3id.org/leco/data/co-ahrb-cab-001-d006/concept_use_cab-001-006_cab-001-006_s005_a001,leco:HistoricalConceptUse,costumbre,https://w3id.org/leco/data/co-ahrb-cab-001-d006/cab-001-006_s005,cab-001-006_s005,"Por cuanto es costumbre de los gobernantes del Reino y de las justicias, se pregona las penas contra los Indios, Suspenderlos, castigarlos por causar problemas con los vecinos de la ciudad dónde se fiel cumplimiento a esta carta Real Provisión.",source-tei,focus leco:attestedIn,review_concept_time,"Revisar fecha del segmento/documento. Si se hereda la fecha documental, registrarla como contexto derivado y no como fecha textual del término.",pending,
cab-001-006,Warning,sh:MinCountConstraintComponent,leco:decidedBy,No se ha identificado quién decidió esta decisión jurídica.,https://w3id.org/leco/data/co-ahrb-cab-001-d006/event_cab-001-006_cab-001-006_s004_a004,leco:Punishment,castigados,https://w3id.org/leco/data/co-ahrb-cab-001-d006/cab-001-006_s004,cab-001-006_s004,"Por cuanto en los confines y términos de la ciudad de Tunja y sus provincias y poblaciones de Indios hay guerras entre ellos con los Caribes los cuales comen carne humana, para que estos sean castigados por los españoles.",source-tei,segment leco:documentsAct focus,review_deciding_authority,Comprobar quién adopta la decisión en el segmento y su contexto inmediato; no asumir Cabildo automáticamente si el texto no lo permite.,pending,
cab-001-006,Warning,sh:MinCountConstraintComponent,leco:withinJurisdiction,"No se ha identificado una jurisdicción para este acto. Es una laguna de completitud, no un error estructural.",https://w3id.org/leco/data/co-ahrb-cab-001-d006/event_cab-001-006_cab-001-006_s005_a004,leco:Punishment,castigarlos,https://w3id.org/leco/data/co-ahrb-cab-001-d006/cab-001-006_s005,cab-001-006_s005,"Por cuanto es costumbre de los gobernantes del Reino y de las justicias, se pregona las penas contra los Indios, Suspenderlos, castigarlos por causar problemas con los vecinos de la ciudad dónde se fiel cumplimiento a esta carta Real Provisión.",source-tei,segment leco:documentsAct focus,review_jurisdiction_context,Revisar autoridad/institución y contexto documental. Solo añadir jurisdicción si está explícita o si se registra como inferencia contextual con procedencia.,pending,
cab-001-006,Warning,sh:MinCountConstraintComponent,leco:appointsToOffice,No se ha identificado el oficio al que se realiza el nombramiento.,https://w3id.org/leco/data/co-ahrb-cab-001-d006/event_cab-001-006_cab-001-006_s002_a001,leco:Appointment,Nombrar,https://w3id.org/leco/data/co-ahrb-cab-001-d006/cab-001-006_s002,cab-001-006_s002,"Nombrar regidores perpetuos a personas hábiles, idónes que sean pobladores y descubridores del Nuevo Reino.",source-tei,segment leco:documentsAct focus,review_appointment_office,Comprobar el oficio al que se nombra. Normalizar el tipo de oficio sin borrar la forma histórica del texto.,pending,
cab-001-006,Warning,sh:MinCountConstraintComponent,leco:conceptUseTime,El uso del concepto histórico no tiene todavía contexto temporal identificado. Mantener como incompletitud si la fuente o los metadatos no permiten fecharlo.,https://w3id.org/leco/data/co-ahrb-cab-001-d006/concept_use_cab-001-006_cab-001-006_s003_a001,leco:HistoricalConceptUse,su majestad,https://w3id.org/leco/data/co-ahrb-cab-001-d006/cab-001-006_s003,cab-001-006_s003,"Hacer relación de su majestad de la cantidad de oro,espadas, Piedras preciosas producidas en este reino, para que por medio de la Real Audencia se entregue el informe, agregando las tierras mas fertiles de los Indigenas ó naturales.",source-tei,focus leco:attestedIn,review_concept_time,"Revisar fecha del segmento/documento. Si se hereda la fecha documental, registrarla como contexto derivado y no como fecha textual del término.",pending,
cab-001-006,Warning,sh:MinCountConstraintComponent,leco:sanctions,No se ha identificado el actor sancionado.,https://w3id.org/leco/data/co-ahrb-cab-001-d006/event_cab-001-006_cab-001-006_s005_a002,leco:Sanction,penas,https://w3id.org/leco/data/co-ahrb-cab-001-d006/cab-001-006_s005,cab-001-006_s005,"Por cuanto es costumbre de los gobernantes del Reino y de las justicias, se pregona las penas contra los Indios, Suspenderlos, castigarlos por causar problemas con los vecinos de la ciudad dónde se fiel cumplimiento a esta carta Real Provisión.",source-tei,segment leco:documentsAct focus,review_sanction_target,Identificar el destinatario de la sanción si está textual o inequívocamente contextualizado; conservar el warning si no puede determinarse.,pending,
cab-001-007,Warning,sh:OrConstraintComponent,,No se ha identificado ningún participante del acto. Mantener como incompletitud si la fuente no permite establecerlo.,https://w3id.org/leco/data/co-ahrb-cab-001-d007/event_cab-001-007_cab-001-007_s002_a002,leco:Appeal,apelaciones,https://w3id.org/leco/data/co-ahrb-cab-001-d007/cab-001-007_s002,cab-001-007_s002,"Dentro de las funciones asignadas, deben realizar suplicas, apelaciones, velar por los negocios de la ciudad, dar cumplimiento de las leyes de su Magestad, poner remedio a los conflictos de los naturales y de los colonos, para el bien de los vecinos del Nuevo Reino de Granada.",source-tei,segment leco:documentsAct focus,human_review,"Revisar el warning junto con su evidencia antes de modificar TEI, mapping u ontología.",pending,
cab-001-007,Warning,sh:OrConstraintComponent,,No se ha identificado ningún participante del acto. Mantener como incompletitud si la fuente no permite establecerlo.,https://w3id.org/leco/data/co-ahrb-cab-001-d007/event_cab-001-007_cab-001-007_s002_a001,leco:Supplication,suplicas,https://w3id.org/leco/data/co-ahrb-cab-001-d007/cab-001-007_s002,cab-001-007_s002,"Dentro de las funciones asignadas, deben realizar suplicas, apelaciones, velar por los negocios de la ciudad, dar cumplimiento de las leyes de su Magestad, poner remedio a los conflictos de los naturales y de los colonos, para el bien de los vecinos del Nuevo Reino de Granada.",source-tei,segment leco:documentsAct focus,human_review,"Revisar el warning junto con su evidencia antes de modificar TEI, mapping u ontología.",pending,
cab-001-007,Warning,sh:MinCountConstraintComponent,leco:appealsAgainst,No se ha identificado la decisión apelada.,https://w3id.org/leco/data/co-ahrb-cab-001-d007/event_cab-001-007_cab-001-007_s002_a002,leco:Appeal,apelaciones,https://w3id.org/leco/data/co-ahrb-cab-001-d007/cab-001-007_s002,cab-001-007_s002,"Dentro de las funciones asignadas, deben realizar suplicas, apelaciones, velar por los negocios de la ciudad, dar cumplimiento de las leyes de su Magestad, poner remedio a los conflictos de los naturales y de los colonos, para el bien de los vecinos del Nuevo Reino de Granada.",source-tei,segment leco:documentsAct focus,review_appealed_decision,"Identificar la decisión/acto contra el cual se apela, solo si el texto o el contexto documental lo sustentan.",pending,
cab-001-007,Warning,sh:MinCountConstraintComponent,leco:withinJurisdiction,"No se ha identificado una jurisdicción para este acto. Es una laguna de completitud, no un error estructural.",https://w3id.org/leco/data/co-ahrb-cab-001-d007/event_cab-001-007_cab-001-007_s003_a002,leco:Oath,juramento,https://w3id.org/leco/data/co-ahrb-cab-001-d007/cab-001-007_s003,cab-001-007_s003,"Los miembros del cabildo, procedieron a tomar el juramento de fidelidad a los dos Procuradores Generales a quienes se les otorgo el poder de representación y defensa de las causas de la provincia.",source-tei,segment leco:documentsAct focus,review_jurisdiction_context,Revisar autoridad/institución y contexto documental. Solo añadir jurisdicción si está explícita o si se registra como inferencia contextual con procedencia.,pending,
cab-001-007,Warning,sh:OrConstraintComponent,,No se ha identificado ningún participante del acto. Mantener como incompletitud si la fuente no permite establecerlo.,https://w3id.org/leco/data/co-ahrb-cab-001-d007/event_cab-001-007_cab-001-007_s001_a003,leco:GrantOfPower,poder,https://w3id.org/leco/data/co-ahrb-cab-001-d007/cab-001-007_s001,cab-001-007_s001,"Los miembros del Cabildo, Justicia y Regimiento otorgan el poder de Procuradores a don Pedro de Colemenares y Alonso Tellez, para que defiendan las causas de la ciudad de Tunja, ante la Real Audiencia de Santafé, Provisión fechada a 1 de diciembre de 1547.",source-tei,segment leco:documentsAct focus,human_review,"Revisar el warning junto con su evidencia antes de modificar TEI, mapping u ontología.",pending,
cab-001-007,Warning,sh:MinCountConstraintComponent,leco:withinJurisdiction,"No se ha identificado una jurisdicción para este acto. Es una laguna de completitud, no un error estructural.",https://w3id.org/leco/data/co-ahrb-cab-001-d007/event_cab-001-007_cab-001-007_s003_a005,leco:GrantOfPower,poder de representación,https://w3id.org/leco/data/co-ahrb-cab-001-d007/cab-001-007_s003,cab-001-007_s003,"Los miembros del cabildo, procedieron a tomar el juramento de fidelidad a los dos Procuradores Generales a quienes se les otorgo el poder de representación y defensa de las causas de la provincia.",source-tei,segment leco:documentsAct focus,review_jurisdiction_context,Revisar autoridad/institución y contexto documental. Solo añadir jurisdicción si está explícita o si se registra como inferencia contextual con procedencia.,pending,
cab-001-007,Warning,sh:MinCountConstraintComponent,leco:withinJurisdiction,"No se ha identificado una jurisdicción para este acto. Es una laguna de completitud, no un error estructural.",https://w3id.org/leco/data/co-ahrb-cab-001-d007/event_cab-001-007_cab-001-007_s002_a002,leco:Appeal,apelaciones,https://w3id.org/leco/data/co-ahrb-cab-001-d007/cab-001-007_s002,cab-001-007_s002,"Dentro de las funciones asignadas, deben realizar suplicas, apelaciones, velar por los negocios de la ciudad, dar cumplimiento de las leyes de su Magestad, poner remedio a los conflictos de los naturales y de los colonos, para el bien de los vecinos del Nuevo Reino de Granada.",source-tei,segment leco:documentsAct focus,review_jurisdiction_context,Revisar autoridad/institución y contexto documental. Solo añadir jurisdicción si está explícita o si se registra como inferencia contextual con procedencia.,pending,
cab-001-007,Warning,sh:MinCountConstraintComponent,leco:withinJurisdiction,"No se ha identificado una jurisdicción para este acto. Es una laguna de completitud, no un error estructural.",https://w3id.org/leco/data/co-ahrb-cab-001-d007/event_cab-001-007_cab-001-007_s001_a003,leco:GrantOfPower,poder,https://w3id.org/leco/data/co-ahrb-cab-001-d007/cab-001-007_s001,cab-001-007_s001,"Los miembros del Cabildo, Justicia y Regimiento otorgan el poder de Procuradores a don Pedro de Colemenares y Alonso Tellez, para que defiendan las causas de la ciudad de Tunja, ante la Real Audiencia de Santafé, Provisión fechada a 1 de diciembre de 1547.",source-tei,segment leco:documentsAct focus,review_jurisdiction_context,Revisar autoridad/institución y contexto documental. Solo añadir jurisdicción si está explícita o si se registra como inferencia contextual con procedencia.,pending,
cab-001-007,Warning,sh:OrConstraintComponent,,No se ha identificado ningún participante del acto. Mantener como incompletitud si la fuente no permite establecerlo.,https://w3id.org/leco/data/co-ahrb-cab-001-d007/event_cab-001-007_cab-001-007_s003_a005,leco:GrantOfPower,poder de representación,https://w3id.org/leco/data/co-ahrb-cab-001-d007/cab-001-007_s003,cab-001-007_s003,"Los miembros del cabildo, procedieron a tomar el juramento de fidelidad a los dos Procuradores Generales a quienes se les otorgo el poder de representación y defensa de las causas de la provincia.",source-tei,segment leco:documentsAct focus,human_review,"Revisar el warning junto con su evidencia antes de modificar TEI, mapping u ontología.",pending,
cab-001-007,Warning,sh:MinCountConstraintComponent,leco:createsRepresentation,El otorgamiento de poder no está enlazado todavía con una relación de representación.,https://w3id.org/leco/data/co-ahrb-cab-001-d007/event_cab-001-007_cab-001-007_s001_a003,leco:GrantOfPower,poder,https://w3id.org/leco/data/co-ahrb-cab-001-d007/cab-001-007_s001,cab-001-007_s001,"Los miembros del Cabildo, Justicia y Regimiento otorgan el poder de Procuradores a don Pedro de Colemenares y Alonso Tellez, para que defiendan las causas de la ciudad de Tunja, ante la Real Audiencia de Santafé, Provisión fechada a 1 de diciembre de 1547.",source-tei,segment leco:documentsAct focus,review_representation_relation,"Revisar el poder: principal, representante y relación creada. No convertir la mera palabra 'poder' en representación completa sin evidencia.",pending,
cab-001-007,Warning,sh:OrConstraintComponent,,No se ha identificado ningún participante del acto. Mantener como incompletitud si la fuente no permite establecerlo.,https://w3id.org/leco/data/co-ahrb-cab-001-d007/event_cab-001-007_cab-001-007_s003_a002,leco:Oath,juramento,https://w3id.org/leco/data/co-ahrb-cab-001-d007/cab-001-007_s003,cab-001-007_s003,"Los miembros del cabildo, procedieron a tomar el juramento de fidelidad a los dos Procuradores Generales a quienes se les otorgo el poder de representación y defensa de las causas de la provincia.",source-tei,segment leco:documentsAct focus,human_review,"Revisar el warning junto con su evidencia antes de modificar TEI, mapping u ontología.",pending,
cab-001-007,Warning,sh:MinCountConstraintComponent,leco:createsRepresentation,El otorgamiento de poder no está enlazado todavía con una relación de representación.,https://w3id.org/leco/data/co-ahrb-cab-001-d007/event_cab-001-007_cab-001-007_s003_a005,leco:GrantOfPower,poder de representación,https://w3id.org/leco/data/co-ahrb-cab-001-d007/cab-001-007_s003,cab-001-007_s003,"Los miembros del cabildo, procedieron a tomar el juramento de fidelidad a los dos Procuradores Generales a quienes se les otorgo el poder de representación y defensa de las causas de la provincia.",source-tei,segment leco:documentsAct focus,review_representation_relation,"Revisar el poder: principal, representante y relación creada. No convertir la mera palabra 'poder' en representación completa sin evidencia.",pending,
cab-001-007,Warning,sh:MinCountConstraintComponent,leco:withinJurisdiction,"No se ha identificado una jurisdicción para este acto. Es una laguna de completitud, no un error estructural.",https://w3id.org/leco/data/co-ahrb-cab-001-d007/event_cab-001-007_cab-001-007_s002_a001,leco:Supplication,suplicas,https://w3id.org/leco/data/co-ahrb-cab-001-d007/cab-001-007_s002,cab-001-007_s002,"Dentro de las funciones asignadas, deben realizar suplicas, apelaciones, velar por los negocios de la ciudad, dar cumplimiento de las leyes de su Magestad, poner remedio a los conflictos de los naturales y de los colonos, para el bien de los vecinos del Nuevo Reino de Granada.",source-tei,segment leco:documentsAct focus,review_jurisdiction_context,Revisar autoridad/institución y contexto documental. Solo añadir jurisdicción si está explícita o si se registra como inferencia contextual con procedencia.,pending,
cab-001-007,Warning,sh:MinCountConstraintComponent,leco:beforeAuthority,No se ha identificado la autoridad ante la cual se presenta la apelación.,https://w3id.org/leco/data/co-ahrb-cab-001-d007/event_cab-001-007_cab-001-007_s002_a002,leco:Appeal,apelaciones,https://w3id.org/leco/data/co-ahrb-cab-001-d007/cab-001-007_s002,cab-001-007_s002,"Dentro de las funciones asignadas, deben realizar suplicas, apelaciones, velar por los negocios de la ciudad, dar cumplimiento de las leyes de su Magestad, poner remedio a los conflictos de los naturales y de los colonos, para el bien de los vecinos del Nuevo Reino de Granada.",source-tei,segment leco:documentsAct focus,review_appeal_authority,Identificar la autoridad ante la que se interpone la apelación y registrar inferencia/procedencia si no es textual directa.,pending,
cab-001-008,Warning,sh:OrConstraintComponent,,No se ha identificado ningún participante del acto. Mantener como incompletitud si la fuente no permite establecerlo.,https://w3id.org/leco/data/co-ahrb-cab-001-d008/event_cab-001-008_cab-001-008_s005_a003,leco:Presentation,presentó,https://w3id.org/leco/data/co-ahrb-cab-001-d008/cab-001-008_s005,cab-001-008_s005,"Don Martin de San Juan Alquacil Mayor , presentó una petición, solicitando el nombramiento de un carcelero, para lo cual proponia el nombre de Pedro Gómez.",source-tei,segment leco:documentsAct focus,human_review,"Revisar el warning junto con su evidencia antes de modificar TEI, mapping u ontología.",pending,
cab-001-008,Warning,sh:MinCountConstraintComponent,leco:appointsPerson,No se ha identificado la persona nombrada.,https://w3id.org/leco/data/co-ahrb-cab-001-d008/event_cab-001-008_cab-001-008_s003_a002,leco:Appointment,nombrar,https://w3id.org/leco/data/co-ahrb-cab-001-d008/cab-001-008_s003,cab-001-008_s003,Se acordó nombrar por escribano público de Tunja a Juan quien se le ordena hacer buen uso de su cargo.,source-tei,segment leco:documentsAct focus,review_appointment_person,Comprobar la persona nombrada en el segmento y si el mapping/enriquecimiento omitió una relación explícita.,pending,
cab-001-008,Warning,sh:OrConstraintComponent,,No se ha identificado ningún participante del acto. Mantener como incompletitud si la fuente no permite establecerlo.,https://w3id.org/leco/data/co-ahrb-cab-001-d008/event_cab-001-008_cab-001-008_s003_a002,leco:Appointment,nombrar,https://w3id.org/leco/data/co-ahrb-cab-001-d008/cab-001-008_s003,cab-001-008_s003,Se acordó nombrar por escribano público de Tunja a Juan quien se le ordena hacer buen uso de su cargo.,source-tei,segment leco:documentsAct focus,human_review,"Revisar el warning junto con su evidencia antes de modificar TEI, mapping u ontología.",pending,
cab-001-008,Warning,sh:MinCountConstraintComponent,leco:withinJurisdiction,"No se ha identificado una jurisdicción para este acto. Es una laguna de completitud, no un error estructural.",https://w3id.org/leco/data/co-ahrb-cab-001-d008/event_cab-001-008_cab-001-008_s003_a002,leco:Appointment,nombrar,https://w3id.org/leco/data/co-ahrb-cab-001-d008/cab-001-008_s003,cab-001-008_s003,Se acordó nombrar por escribano público de Tunja a Juan quien se le ordena hacer buen uso de su cargo.,source-tei,segment leco:documentsAct focus,review_jurisdiction_context,Revisar autoridad/institución y contexto documental. Solo añadir jurisdicción si está explícita o si se registra como inferencia contextual con procedencia.,pending,
cab-001-008,Warning,sh:MinCountConstraintComponent,leco:appointsToOffice,No se ha identificado el oficio al que se realiza el nombramiento.,https://w3id.org/leco/data/co-ahrb-cab-001-d008/event_cab-001-008_cab-001-008_s003_a002,leco:Appointment,nombrar,https://w3id.org/leco/data/co-ahrb-cab-001-d008/cab-001-008_s003,cab-001-008_s003,Se acordó nombrar por escribano público de Tunja a Juan quien se le ordena hacer buen uso de su cargo.,source-tei,segment leco:documentsAct focus,review_appointment_office,Comprobar el oficio al que se nombra. Normalizar el tipo de oficio sin borrar la forma histórica del texto.,pending,
cab-001-008,Warning,sh:MinCountConstraintComponent,leco:withinJurisdiction,"No se ha identificado una jurisdicción para este acto. Es una laguna de completitud, no un error estructural.",https://w3id.org/leco/data/co-ahrb-cab-001-d008/event_cab-001-008_cab-001-008_s005_a003,leco:Presentation,presentó,https://w3id.org/leco/data/co-ahrb-cab-001-d008/cab-001-008_s005,cab-001-008_s005,"Don Martin de San Juan Alquacil Mayor , presentó una petición, solicitando el nombramiento de un carcelero, para lo cual proponia el nombre de Pedro Gómez.",source-tei,segment leco:documentsAct focus,review_jurisdiction_context,Revisar autoridad/institución y contexto documental. Solo añadir jurisdicción si está explícita o si se registra como inferencia contextual con procedencia.,pending,
cab-001-008,Warning,sh:MinCountConstraintComponent,leco:withinJurisdiction,"No se ha identificado una jurisdicción para este acto. Es una laguna de completitud, no un error estructural.",https://w3id.org/leco/data/co-ahrb-cab-001-d008/event_cab-001-008_cab-001-008_s005_a004,leco:Petition,petición,https://w3id.org/leco/data/co-ahrb-cab-001-d008/cab-001-008_s005,cab-001-008_s005,"Don Martin de San Juan Alquacil Mayor , presentó una petición, solicitando el nombramiento de un carcelero, para lo cual proponia el nombre de Pedro Gómez.",source-tei,segment leco:documentsAct focus,review_jurisdiction_context,Revisar autoridad/institución y contexto documental. Solo añadir jurisdicción si está explícita o si se registra como inferencia contextual con procedencia.,pending,
cab-001-008,Warning,sh:MinCountConstraintComponent,leco:withinJurisdiction,"No se ha identificado una jurisdicción para este acto. Es una laguna de completitud, no un error estructural.",https://w3id.org/leco/data/co-ahrb-cab-001-d008/event_cab-001-008_cab-001-008_s005_a005,leco:Appointment,nombramiento,https://w3id.org/leco/data/co-ahrb-cab-001-d008/cab-001-008_s005,cab-001-008_s005,"Don Martin de San Juan Alquacil Mayor , presentó una petición, solicitando el nombramiento de un carcelero, para lo cual proponia el nombre de Pedro Gómez.",source-tei,segment leco:documentsAct focus,review_jurisdiction_context,Revisar autoridad/institución y contexto documental. Solo añadir jurisdicción si está explícita o si se registra como inferencia contextual con procedencia.,pending,
cab-001-008,Warning,sh:MinCountConstraintComponent,leco:appointsToOffice,No se ha identificado el oficio al que se realiza el nombramiento.,https://w3id.org/leco/data/co-ahrb-cab-001-d008/event_cab-001-008_cab-001-008_s005_a005,leco:Appointment,nombramiento,https://w3id.org/leco/data/co-ahrb-cab-001-d008/cab-001-008_s005,cab-001-008_s005,"Don Martin de San Juan Alquacil Mayor , presentó una petición, solicitando el nombramiento de un carcelero, para lo cual proponia el nombre de Pedro Gómez.",source-tei,segment leco:documentsAct focus,review_appointment_office,Comprobar el oficio al que se nombra. Normalizar el tipo de oficio sin borrar la forma histórica del texto.,pending,
cab-001-011,Warning,sh:OrConstraintComponent,,No se ha identificado ningún participante del acto. Mantener como incompletitud si la fuente no permite establecerlo.,https://w3id.org/leco/data/co-ahrb-cab-001-d0011/event_cab-001-011_cab-001-011_s004_a003,leco:Sanction,penas,https://w3id.org/leco/data/co-ahrb-cab-001-d0011/cab-001-011_s004,cab-001-011_s004,"En está reunión, dijo Hernán Suarez de Villalobos Regidor, que las penas que se impusieran en el Cabildo, debian hacerse cumplir tanto por los naturales como por los colonos Españoles, al infringir las leyes establecidas.",source-tei,segment leco:documentsAct focus,human_review,"Revisar el warning junto con su evidencia antes de modificar TEI, mapping u ontología.",pending,
cab-001-011,Warning,sh:MinCountConstraintComponent,leco:withinJurisdiction,"No se ha identificado una jurisdicción para este acto. Es una laguna de completitud, no un error estructural.",https://w3id.org/leco/data/co-ahrb-cab-001-d0011/event_cab-001-011_cab-001-011_s001_a007,leco:Sanction,pena,https://w3id.org/leco/data/co-ahrb-cab-001-d0011/cab-001-011_s001,cab-001-011_s001,"En la ciudad de Tunja, el día 16 de Mayo 1548, se reunieron los miembros del Cabildo Justicia y Regimiento quienes acordaron prohibir a los vecinos de la ciudad permitir andar a los ganados por la calles y la plaza de la misma su pena, de $2 tomines.",source-tei,segment leco:documentsAct focus,review_jurisdiction_context,Revisar autoridad/institución y contexto documental. Solo añadir jurisdicción si está explícita o si se registra como inferencia contextual con procedencia.,pending,
cab-001-011,Warning,sh:MinCountConstraintComponent,leco:withinJurisdiction,"No se ha identificado una jurisdicción para este acto. Es una laguna de completitud, no un error estructural.",https://w3id.org/leco/data/co-ahrb-cab-001-d0011/event_cab-001-011_cab-001-011_s003_a002,leco:Collection,cobro,https://w3id.org/leco/data/co-ahrb-cab-001-d0011/cab-001-011_s003,cab-001-011_s003,"En este Cabildo los señores capitulares autoriza efectuar el cobro de los propios de la ciudad en el valle de Cerinza, donde estan los Indios de Honzaga .",source-tei,segment leco:documentsAct focus,review_jurisdiction_context,Revisar autoridad/institución y contexto documental. Solo añadir jurisdicción si está explícita o si se registra como inferencia contextual con procedencia.,pending,
cab-001-011,Warning,sh:MinCountConstraintComponent,leco:withinJurisdiction,"No se ha identificado una jurisdicción para este acto. Es una laguna de completitud, no un error estructural.",https://w3id.org/leco/data/co-ahrb-cab-001-d0011/event_cab-001-011_cab-001-011_s004_a003,leco:Sanction,penas,https://w3id.org/leco/data/co-ahrb-cab-001-d0011/cab-001-011_s004,cab-001-011_s004,"En está reunión, dijo Hernán Suarez de Villalobos Regidor, que las penas que se impusieran en el Cabildo, debian hacerse cumplir tanto por los naturales como por los colonos Españoles, al infringir las leyes establecidas.",source-tei,segment leco:documentsAct focus,review_jurisdiction_context,Revisar autoridad/institución y contexto documental. Solo añadir jurisdicción si está explícita o si se registra como inferencia contextual con procedencia.,pending,
cab-001-011,Warning,sh:OrConstraintComponent,,No se ha identificado ningún participante del acto. Mantener como incompletitud si la fuente no permite establecerlo.,https://w3id.org/leco/data/co-ahrb-cab-001-d0011/event_cab-001-011_cab-001-011_s002_a002,leco:Proclamation,pregonar,https://w3id.org/leco/data/co-ahrb-cab-001-d0011/cab-001-011_s002,cab-001-011_s002,Se ordenó pregonar en toda la ciudad lo acordado sobre los ganados y la probición de dejarlos sueltos.,source-tei,segment leco:documentsAct focus,human_review,"Revisar el warning junto con su evidencia antes de modificar TEI, mapping u ontología.",pending,
cab-001-011,Warning,sh:OrConstraintComponent,,No se ha identificado ningún participante del acto. Mantener como incompletitud si la fuente no permite establecerlo.,https://w3id.org/leco/data/co-ahrb-cab-001-d0011/event_cab-001-011_cab-001-011_s003_a002,leco:Collection,cobro,https://w3id.org/leco/data/co-ahrb-cab-001-d0011/cab-001-011_s003,cab-001-011_s003,"En este Cabildo los señores capitulares autoriza efectuar el cobro de los propios de la ciudad en el valle de Cerinza, donde estan los Indios de Honzaga .",source-tei,segment leco:documentsAct focus,human_review,"Revisar el warning junto con su evidencia antes de modificar TEI, mapping u ontología.",pending,
cab-001-011,Warning,sh:MinCountConstraintComponent,leco:decidedBy,No se ha identificado quién decidió esta decisión jurídica.,https://w3id.org/leco/data/co-ahrb-cab-001-d0011/event_cab-001-011_cab-001-011_s001_a007,leco:Sanction,pena,https://w3id.org/leco/data/co-ahrb-cab-001-d0011/cab-001-011_s001,cab-001-011_s001,"En la ciudad de Tunja, el día 16 de Mayo 1548, se reunieron los miembros del Cabildo Justicia y Regimiento quienes acordaron prohibir a los vecinos de la ciudad permitir andar a los ganados por la calles y la plaza de la misma su pena, de $2 tomines.",source-tei,segment leco:documentsAct focus,review_deciding_authority,Comprobar quién adopta la decisión en el segmento y su contexto inmediato; no asumir Cabildo automáticamente si el texto no lo permite.,pending,
cab-001-011,Warning,sh:MinCountConstraintComponent,leco:withinJurisdiction,"No se ha identificado una jurisdicción para este acto. Es una laguna de completitud, no un error estructural.",https://w3id.org/leco/data/co-ahrb-cab-001-d0011/event_cab-001-011_cab-001-011_s002_a001,leco:OrderAct,ordenó,https://w3id.org/leco/data/co-ahrb-cab-001-d0011/cab-001-011_s002,cab-001-011_s002,Se ordenó pregonar en toda la ciudad lo acordado sobre los ganados y la probición de dejarlos sueltos.,source-tei,segment leco:documentsAct focus,review_jurisdiction_context,Revisar autoridad/institución y contexto documental. Solo añadir jurisdicción si está explícita o si se registra como inferencia contextual con procedencia.,pending,
cab-001-011,Warning,sh:OrConstraintComponent,,No se ha identificado ningún participante del acto. Mantener como incompletitud si la fuente no permite establecerlo.,https://w3id.org/leco/data/co-ahrb-cab-001-d0011/event_cab-001-011_cab-001-011_s001_a005,leco:Prohibition,prohibir,https://w3id.org/leco/data/co-ahrb-cab-001-d0011/cab-001-011_s001,cab-001-011_s001,"En la ciudad de Tunja, el día 16 de Mayo 1548, se reunieron los miembros del Cabildo Justicia y Regimiento quienes acordaron prohibir a los vecinos de la ciudad permitir andar a los ganados por la calles y la plaza de la misma su pena, de $2 tomines.",source-tei,segment leco:documentsAct focus,human_review,"Revisar el warning junto con su evidencia antes de modificar TEI, mapping u ontología.",pending,
cab-001-011,Warning,sh:MinCountConstraintComponent,leco:withinJurisdiction,"No se ha identificado una jurisdicción para este acto. Es una laguna de completitud, no un error estructural.",https://w3id.org/leco/data/co-ahrb-cab-001-d0011/event_cab-001-011_cab-001-011_s002_a002,leco:Proclamation,pregonar,https://w3id.org/leco/data/co-ahrb-cab-001-d0011/cab-001-011_s002,cab-001-011_s002,Se ordenó pregonar en toda la ciudad lo acordado sobre los ganados y la probición de dejarlos sueltos.,source-tei,segment leco:documentsAct focus,review_jurisdiction_context,Revisar autoridad/institución y contexto documental. Solo añadir jurisdicción si está explícita o si se registra como inferencia contextual con procedencia.,pending,
cab-001-011,Warning,sh:MinCountConstraintComponent,leco:withinJurisdiction,"No se ha identificado una jurisdicción para este acto. Es una laguna de completitud, no un error estructural.",https://w3id.org/leco/data/co-ahrb-cab-001-d0011/event_cab-001-011_cab-001-011_s001_a005,leco:Prohibition,prohibir,https://w3id.org/leco/data/co-ahrb-cab-001-d0011/cab-001-011_s001,cab-001-011_s001,"En la ciudad de Tunja, el día 16 de Mayo 1548, se reunieron los miembros del Cabildo Justicia y Regimiento quienes acordaron prohibir a los vecinos de la ciudad permitir andar a los ganados por la calles y la plaza de la misma su pena, de $2 tomines.",source-tei,segment leco:documentsAct focus,review_jurisdiction_context,Revisar autoridad/institución y contexto documental. Solo añadir jurisdicción si está explícita o si se registra como inferencia contextual con procedencia.,pending,
cab-001-011,Warning,sh:MinCountConstraintComponent,leco:sanctions,No se ha identificado el actor sancionado.,https://w3id.org/leco/data/co-ahrb-cab-001-d0011/event_cab-001-011_cab-001-011_s004_a003,leco:Sanction,penas,https://w3id.org/leco/data/co-ahrb-cab-001-d0011/cab-001-011_s004,cab-001-011_s004,"En está reunión, dijo Hernán Suarez de Villalobos Regidor, que las penas que se impusieran en el Cabildo, debian hacerse cumplir tanto por los naturales como por los colonos Españoles, al infringir las leyes establecidas.",source-tei,segment leco:documentsAct focus,review_sanction_target,Identificar el destinatario de la sanción si está textual o inequívocamente contextualizado; conservar el warning si no puede determinarse.,pending,
cab-001-011,Warning,sh:OrConstraintComponent,,No se ha identificado ningún participante del acto. Mantener como incompletitud si la fuente no permite establecerlo.,https://w3id.org/leco/data/co-ahrb-cab-001-d0011/event_cab-001-011_cab-001-011_s002_a001,leco:OrderAct,ordenó,https://w3id.org/leco/data/co-ahrb-cab-001-d0011/cab-001-011_s002,cab-001-011_s002,Se ordenó pregonar en toda la ciudad lo acordado sobre los ganados y la probición de dejarlos sueltos.,source-tei,segment leco:documentsAct focus,human_review,"Revisar el warning junto con su evidencia antes de modificar TEI, mapping u ontología.",pending,
cab-001-011,Warning,sh:MinCountConstraintComponent,leco:decidedBy,No se ha identificado quién decidió esta decisión jurídica.,https://w3id.org/leco/data/co-ahrb-cab-001-d0011/event_cab-001-011_cab-001-011_s004_a003,leco:Sanction,penas,https://w3id.org/leco/data/co-ahrb-cab-001-d0011/cab-001-011_s004,cab-001-011_s004,"En está reunión, dijo Hernán Suarez de Villalobos Regidor, que las penas que se impusieran en el Cabildo, debian hacerse cumplir tanto por los naturales como por los colonos Españoles, al infringir las leyes establecidas.",source-tei,segment leco:documentsAct focus,review_deciding_authority,Comprobar quién adopta la decisión en el segmento y su contexto inmediato; no asumir Cabildo automáticamente si el texto no lo permite.,pending,
cab-001-011,Warning,sh:MinCountConstraintComponent,leco:sanctions,No se ha identificado el actor sancionado.,https://w3id.org/leco/data/co-ahrb-cab-001-d0011/event_cab-001-011_cab-001-011_s001_a007,leco:Sanction,pena,https://w3id.org/leco/data/co-ahrb-cab-001-d0011/cab-001-011_s001,cab-001-011_s001,"En la ciudad de Tunja, el día 16 de Mayo 1548, se reunieron los miembros del Cabildo Justicia y Regimiento quienes acordaron prohibir a los vecinos de la ciudad permitir andar a los ganados por la calles y la plaza de la misma su pena, de $2 tomines.",source-tei,segment leco:documentsAct focus,review_sanction_target,Identificar el destinatario de la sanción si está textual o inequívocamente contextualizado; conservar el warning si no puede determinarse.,pending,
cab-001-011,Warning,sh:MinCountConstraintComponent,leco:decidedBy,No se ha identificado quién decidió esta decisión jurídica.,https://w3id.org/leco/data/co-ahrb-cab-001-d0011/event_cab-001-011_cab-001-011_s002_a001,leco:OrderAct,ordenó,https://w3id.org/leco/data/co-ahrb-cab-001-d0011/cab-001-011_s002,cab-001-011_s002,Se ordenó pregonar en toda la ciudad lo acordado sobre los ganados y la probición de dejarlos sueltos.,source-tei,segment leco:documentsAct focus,review_deciding_authority,Comprobar quién adopta la decisión en el segmento y su contexto inmediato; no asumir Cabildo automáticamente si el texto no lo permite.,pending,
cab-001-011,Warning,sh:OrConstraintComponent,,No se ha identificado ningún participante del acto. Mantener como incompletitud si la fuente no permite establecerlo.,https://w3id.org/leco/data/co-ahrb-cab-001-d0011/event_cab-001-011_cab-001-011_s001_a007,leco:Sanction,pena,https://w3id.org/leco/data/co-ahrb-cab-001-d0011/cab-001-011_s001,cab-001-011_s001,"En la ciudad de Tunja, el día 16 de Mayo 1548, se reunieron los miembros del Cabildo Justicia y Regimiento quienes acordaron prohibir a los vecinos de la ciudad permitir andar a los ganados por la calles y la plaza de la misma su pena, de $2 tomines.",source-tei,segment leco:documentsAct focus,human_review,"Revisar el warning junto con su evidencia antes de modificar TEI, mapping u ontología.",pending,
cab-001-011,Warning,sh:MinCountConstraintComponent,leco:decidedBy,No se ha identificado quién decidió esta decisión jurídica.,https://w3id.org/leco/data/co-ahrb-cab-001-d0011/event_cab-001-011_cab-001-011_s001_a005,leco:Prohibition,prohibir,https://w3id.org/leco/data/co-ahrb-cab-001-d0011/cab-001-011_s001,cab-001-011_s001,"En la ciudad de Tunja, el día 16 de Mayo 1548, se reunieron los miembros del Cabildo Justicia y Regimiento quienes acordaron prohibir a los vecinos de la ciudad permitir andar a los ganados por la calles y la plaza de la misma su pena, de $2 tomines.",source-tei,segment leco:documentsAct focus,review_deciding_authority,Comprobar quién adopta la decisión en el segmento y su contexto inmediato; no asumir Cabildo automáticamente si el texto no lo permite.,pending,
cab-001-012,Warning,sh:MinCountConstraintComponent,leco:withinJurisdiction,"No se ha identificado una jurisdicción para este acto. Es una laguna de completitud, no un error estructural.",https://w3id.org/leco/data/co-ahrb-cab-001-d0012/event_cab-001-012_cab-001-012_s002_a006,leco:Petition,petición,https://w3id.org/leco/data/co-ahrb-cab-001-d0012/cab-001-012_s002,cab-001-012_s002,"En la reunión se trató lo relacionado a la petición presentada por Francisco Martinez, quien solicita la adjudicación de un pedazo de tierra en Sipatá se acordó proveerla petición, siempre y cuando no fuera lesivo para los vecinos de Tunja, ni para el paso de las yeguas al pueblo.",source-tei,segment leco:documentsAct focus,review_jurisdiction_context,Revisar autoridad/institución y contexto documental. Solo añadir jurisdicción si está explícita o si se registra como inferencia contextual con procedencia.,pending,
cab-001-012,Warning,sh:OrConstraintComponent,,No se ha identificado ningún participante del acto. Mantener como incompletitud si la fuente no permite establecerlo.,https://w3id.org/leco/data/co-ahrb-cab-001-d0012/event_cab-001-012_cab-001-012_s002_a003,leco:LandGrant,adjudicación,https://w3id.org/leco/data/co-ahrb-cab-001-d0012/cab-001-012_s002,cab-001-012_s002,"En la reunión se trató lo relacionado a la petición presentada por Francisco Martinez, quien solicita la adjudicación de un pedazo de tierra en Sipatá se acordó proveerla petición, siempre y cuando no fuera lesivo para los vecinos de Tunja, ni para el paso de las yeguas al pueblo.",source-tei,segment leco:documentsAct focus,human_review,"Revisar el warning junto con su evidencia antes de modificar TEI, mapping u ontología.",pending,
cab-001-012,Warning,sh:MinCountConstraintComponent,leco:decidedBy,No se ha identificado quién decidió esta decisión jurídica.,https://w3id.org/leco/data/co-ahrb-cab-001-d0012/event_cab-001-012_cab-001-012_s004_a002,leco:Approval,aprobaron,https://w3id.org/leco/data/co-ahrb-cab-001-d0012/cab-001-012_s004,cab-001-012_s004,"En el cabildo, aprobaron cobrar medio peso del buen oro, por cada vaca, yegua que se encontrara haciendo daño en las sementeras y en el sementerio.",source-tei,segment leco:documentsAct focus,review_deciding_authority,Comprobar quién adopta la decisión en el segmento y su contexto inmediato; no asumir Cabildo automáticamente si el texto no lo permite.,pending,
cab-001-012,Warning,sh:OrConstraintComponent,,No se ha identificado ningún participante del acto. Mantener como incompletitud si la fuente no permite establecerlo.,https://w3id.org/leco/data/co-ahrb-cab-001-d0012/event_cab-001-012_cab-001-012_s006_a004,leco:GrantOfPower,poder,https://w3id.org/leco/data/co-ahrb-cab-001-d0012/cab-001-012_s006,cab-001-012_s006,"Tunja , 23 junio 1549, Cabildo en el que se confiere un poder al Alcalde Ordinario Juan de Orozco para que defienda las causas y negocios de la Ciudad en la Real Audencia .",source-tei,segment leco:documentsAct focus,human_review,"Revisar el warning junto con su evidencia antes de modificar TEI, mapping u ontología.",pending,
cab-001-012,Warning,sh:MinCountConstraintComponent,leco:withinJurisdiction,"No se ha identificado una jurisdicción para este acto. Es una laguna de completitud, no un error estructural.",https://w3id.org/leco/data/co-ahrb-cab-001-d0012/event_cab-001-012_cab-001-012_s005_a002,leco:Proclamation,pregón,https://w3id.org/leco/data/co-ahrb-cab-001-d0012/cab-001-012_s005,cab-001-012_s005,"15 de Junio de 1549, fecha en laque se dió cumplimiento al pregón ordenado en el Cabildo del día 6 de Junio 1549.",source-tei,segment leco:documentsAct focus,review_jurisdiction_context,Revisar autoridad/institución y contexto documental. Solo añadir jurisdicción si está explícita o si se registra como inferencia contextual con procedencia.,pending,
cab-001-012,Warning,sh:MinCountConstraintComponent,leco:decidedBy,No se ha identificado quién decidió esta decisión jurídica.,https://w3id.org/leco/data/co-ahrb-cab-001-d0012/event_cab-001-012_cab-001-012_s003_a003,leco:Sanction,pena,https://w3id.org/leco/data/co-ahrb-cab-001-d0012/cab-001-012_s003,cab-001-012_s003,"También se acordó mandar a los vecinos hierrantes no pasar con los caballos por dichas tierras, so pena de $10 pesos; se ordenó pregonar la orden.",source-tei,segment leco:documentsAct focus,review_deciding_authority,Comprobar quién adopta la decisión en el segmento y su contexto inmediato; no asumir Cabildo automáticamente si el texto no lo permite.,pending,
cab-001-012,Warning,sh:OrConstraintComponent,,No se ha identificado ningún participante del acto. Mantener como incompletitud si la fuente no permite establecerlo.,https://w3id.org/leco/data/co-ahrb-cab-001-d0012/event_cab-001-012_cab-001-012_s005_a002,leco:Proclamation,pregón,https://w3id.org/leco/data/co-ahrb-cab-001-d0012/cab-001-012_s005,cab-001-012_s005,"15 de Junio de 1549, fecha en laque se dió cumplimiento al pregón ordenado en el Cabildo del día 6 de Junio 1549.",source-tei,segment leco:documentsAct focus,human_review,"Revisar el warning junto con su evidencia antes de modificar TEI, mapping u ontología.",pending,
cab-001-012,Warning,sh:MinCountConstraintComponent,leco:createsRepresentation,El otorgamiento de poder no está enlazado todavía con una relación de representación.,https://w3id.org/leco/data/co-ahrb-cab-001-d0012/event_cab-001-012_cab-001-012_s006_a004,leco:GrantOfPower,poder,https://w3id.org/leco/data/co-ahrb-cab-001-d0012/cab-001-012_s006,cab-001-012_s006,"Tunja , 23 junio 1549, Cabildo en el que se confiere un poder al Alcalde Ordinario Juan de Orozco para que defienda las causas y negocios de la Ciudad en la Real Audencia .",source-tei,segment leco:documentsAct focus,review_representation_relation,"Revisar el poder: principal, representante y relación creada. No convertir la mera palabra 'poder' en representación completa sin evidencia.",pending,
cab-001-012,Warning,sh:OrConstraintComponent,,No se ha identificado ningún participante del acto. Mantener como incompletitud si la fuente no permite establecerlo.,https://w3id.org/leco/data/co-ahrb-cab-001-d0012/event_cab-001-012_cab-001-012_s002_a006,leco:Petition,petición,https://w3id.org/leco/data/co-ahrb-cab-001-d0012/cab-001-012_s002,cab-001-012_s002,"En la reunión se trató lo relacionado a la petición presentada por Francisco Martinez, quien solicita la adjudicación de un pedazo de tierra en Sipatá se acordó proveerla petición, siempre y cuando no fuera lesivo para los vecinos de Tunja, ni para el paso de las yeguas al pueblo.",source-tei,segment leco:documentsAct focus,human_review,"Revisar el warning junto con su evidencia antes de modificar TEI, mapping u ontología.",pending,
cab-001-012,Warning,sh:MinCountConstraintComponent,leco:withinJurisdiction,"No se ha identificado una jurisdicción para este acto. Es una laguna de completitud, no un error estructural.",https://w3id.org/leco/data/co-ahrb-cab-001-d0012/event_cab-001-012_cab-001-012_s006_a004,leco:GrantOfPower,poder,https://w3id.org/leco/data/co-ahrb-cab-001-d0012/cab-001-012_s006,cab-001-012_s006,"Tunja , 23 junio 1549, Cabildo en el que se confiere un poder al Alcalde Ordinario Juan de Orozco para que defienda las causas y negocios de la Ciudad en la Real Audencia .",source-tei,segment leco:documentsAct focus,review_jurisdiction_context,Revisar autoridad/institución y contexto documental. Solo añadir jurisdicción si está explícita o si se registra como inferencia contextual con procedencia.,pending,
cab-001-012,Warning,sh:MinCountConstraintComponent,leco:withinJurisdiction,"No se ha identificado una jurisdicción para este acto. Es una laguna de completitud, no un error estructural.",https://w3id.org/leco/data/co-ahrb-cab-001-d0012/event_cab-001-012_cab-001-012_s003_a004,leco:OrderAct,ordenó,https://w3id.org/leco/data/co-ahrb-cab-001-d0012/cab-001-012_s003,cab-001-012_s003,"También se acordó mandar a los vecinos hierrantes no pasar con los caballos por dichas tierras, so pena de $10 pesos; se ordenó pregonar la orden.",source-tei,segment leco:documentsAct focus,review_jurisdiction_context,Revisar autoridad/institución y contexto documental. Solo añadir jurisdicción si está explícita o si se registra como inferencia contextual con procedencia.,pending,
cab-001-012,Warning,sh:OrConstraintComponent,,No se ha identificado ningún participante del acto. Mantener como incompletitud si la fuente no permite establecerlo.,https://w3id.org/leco/data/co-ahrb-cab-001-d0012/event_cab-001-012_cab-001-012_s003_a005,leco:Proclamation,pregonar,https://w3id.org/leco/data/co-ahrb-cab-001-d0012/cab-001-012_s003,cab-001-012_s003,"También se acordó mandar a los vecinos hierrantes no pasar con los caballos por dichas tierras, so pena de $10 pesos; se ordenó pregonar la orden.",source-tei,segment leco:documentsAct focus,human_review,"Revisar el warning junto con su evidencia antes de modificar TEI, mapping u ontología.",pending,
cab-001-012,Warning,sh:MinCountConstraintComponent,leco:withinJurisdiction,"No se ha identificado una jurisdicción para este acto. Es una laguna de completitud, no un error estructural.",https://w3id.org/leco/data/co-ahrb-cab-001-d0012/event_cab-001-012_cab-001-012_s004_a002,leco:Approval,aprobaron,https://w3id.org/leco/data/co-ahrb-cab-001-d0012/cab-001-012_s004,cab-001-012_s004,"En el cabildo, aprobaron cobrar medio peso del buen oro, por cada vaca, yegua que se encontrara haciendo daño en las sementeras y en el sementerio.",source-tei,segment leco:documentsAct focus,review_jurisdiction_context,Revisar autoridad/institución y contexto documental. Solo añadir jurisdicción si está explícita o si se registra como inferencia contextual con procedencia.,pending,
cab-001-012,Warning,sh:MinCountConstraintComponent,leco:withinJurisdiction,"No se ha identificado una jurisdicción para este acto. Es una laguna de completitud, no un error estructural.",https://w3id.org/leco/data/co-ahrb-cab-001-d0012/event_cab-001-012_cab-001-012_s003_a005,leco:Proclamation,pregonar,https://w3id.org/leco/data/co-ahrb-cab-001-d0012/cab-001-012_s003,cab-001-012_s003,"También se acordó mandar a los vecinos hierrantes no pasar con los caballos por dichas tierras, so pena de $10 pesos; se ordenó pregonar la orden.",source-tei,segment leco:documentsAct focus,review_jurisdiction_context,Revisar autoridad/institución y contexto documental. Solo añadir jurisdicción si está explícita o si se registra como inferencia contextual con procedencia.,pending,
cab-001-012,Warning,sh:MinCountConstraintComponent,leco:sanctions,No se ha identificado el actor sancionado.,https://w3id.org/leco/data/co-ahrb-cab-001-d0012/event_cab-001-012_cab-001-012_s003_a003,leco:Sanction,pena,https://w3id.org/leco/data/co-ahrb-cab-001-d0012/cab-001-012_s003,cab-001-012_s003,"También se acordó mandar a los vecinos hierrantes no pasar con los caballos por dichas tierras, so pena de $10 pesos; se ordenó pregonar la orden.",source-tei,segment leco:documentsAct focus,review_sanction_target,Identificar el destinatario de la sanción si está textual o inequívocamente contextualizado; conservar el warning si no puede determinarse.,pending,
cab-001-012,Warning,sh:OrConstraintComponent,,No se ha identificado ningún participante del acto. Mantener como incompletitud si la fuente no permite establecerlo.,https://w3id.org/leco/data/co-ahrb-cab-001-d0012/event_cab-001-012_cab-001-012_s004_a002,leco:Approval,aprobaron,https://w3id.org/leco/data/co-ahrb-cab-001-d0012/cab-001-012_s004,cab-001-012_s004,"En el cabildo, aprobaron cobrar medio peso del buen oro, por cada vaca, yegua que se encontrara haciendo daño en las sementeras y en el sementerio.",source-tei,segment leco:documentsAct focus,human_review,"Revisar el warning junto con su evidencia antes de modificar TEI, mapping u ontología.",pending,
cab-001-012,Warning,sh:OrConstraintComponent,,No se ha identificado ningún participante del acto. Mantener como incompletitud si la fuente no permite establecerlo.,https://w3id.org/leco/data/co-ahrb-cab-001-d0012/event_cab-001-012_cab-001-012_s004_a003,leco:Collection,cobrar,https://w3id.org/leco/data/co-ahrb-cab-001-d0012/cab-001-012_s004,cab-001-012_s004,"En el cabildo, aprobaron cobrar medio peso del buen oro, por cada vaca, yegua que se encontrara haciendo daño en las sementeras y en el sementerio.",source-tei,segment leco:documentsAct focus,human_review,"Revisar el warning junto con su evidencia antes de modificar TEI, mapping u ontología.",pending,
cab-001-012,Warning,sh:MinCountConstraintComponent,leco:withinJurisdiction,"No se ha identificado una jurisdicción para este acto. Es una laguna de completitud, no un error estructural.",https://w3id.org/leco/data/co-ahrb-cab-001-d0012/event_cab-001-012_cab-001-012_s002_a001,leco:Petition,petición,https://w3id.org/leco/data/co-ahrb-cab-001-d0012/cab-001-012_s002,cab-001-012_s002,"En la reunión se trató lo relacionado a la petición presentada por Francisco Martinez, quien solicita la adjudicación de un pedazo de tierra en Sipatá se acordó proveerla petición, siempre y cuando no fuera lesivo para los vecinos de Tunja, ni para el paso de las yeguas al pueblo.",source-tei,segment leco:documentsAct focus,review_jurisdiction_context,Revisar autoridad/institución y contexto documental. Solo añadir jurisdicción si está explícita o si se registra como inferencia contextual con procedencia.,pending,
cab-001-012,Warning,sh:OrConstraintComponent,,No se ha identificado ningún participante del acto. Mantener como incompletitud si la fuente no permite establecerlo.,https://w3id.org/leco/data/co-ahrb-cab-001-d0012/event_cab-001-012_cab-001-012_s003_a003,leco:Sanction,pena,https://w3id.org/leco/data/co-ahrb-cab-001-d0012/cab-001-012_s003,cab-001-012_s003,"También se acordó mandar a los vecinos hierrantes no pasar con los caballos por dichas tierras, so pena de $10 pesos; se ordenó pregonar la orden.",source-tei,segment leco:documentsAct focus,human_review,"Revisar el warning junto con su evidencia antes de modificar TEI, mapping u ontología.",pending,
cab-001-012,Warning,sh:MinCountConstraintComponent,leco:withinJurisdiction,"No se ha identificado una jurisdicción para este acto. Es una laguna de completitud, no un error estructural.",https://w3id.org/leco/data/co-ahrb-cab-001-d0012/event_cab-001-012_cab-001-012_s004_a003,leco:Collection,cobrar,https://w3id.org/leco/data/co-ahrb-cab-001-d0012/cab-001-012_s004,cab-001-012_s004,"En el cabildo, aprobaron cobrar medio peso del buen oro, por cada vaca, yegua que se encontrara haciendo daño en las sementeras y en el sementerio.",source-tei,segment leco:documentsAct focus,review_jurisdiction_context,Revisar autoridad/institución y contexto documental. Solo añadir jurisdicción si está explícita o si se registra como inferencia contextual con procedencia.,pending,
cab-001-012,Warning,sh:OrConstraintComponent,,No se ha identificado ningún participante del acto. Mantener como incompletitud si la fuente no permite establecerlo.,https://w3id.org/leco/data/co-ahrb-cab-001-d0012/event_cab-001-012_cab-001-012_s003_a004,leco:OrderAct,ordenó,https://w3id.org/leco/data/co-ahrb-cab-001-d0012/cab-001-012_s003,cab-001-012_s003,"También se acordó mandar a los vecinos hierrantes no pasar con los caballos por dichas tierras, so pena de $10 pesos; se ordenó pregonar la orden.",source-tei,segment leco:documentsAct focus,human_review,"Revisar el warning junto con su evidencia antes de modificar TEI, mapping u ontología.",pending,
cab-001-012,Warning,sh:MinCountConstraintComponent,leco:withinJurisdiction,"No se ha identificado una jurisdicción para este acto. Es una laguna de completitud, no un error estructural.",https://w3id.org/leco/data/co-ahrb-cab-001-d0012/event_cab-001-012_cab-001-012_s002_a003,leco:LandGrant,adjudicación,https://w3id.org/leco/data/co-ahrb-cab-001-d0012/cab-001-012_s002,cab-001-012_s002,"En la reunión se trató lo relacionado a la petición presentada por Francisco Martinez, quien solicita la adjudicación de un pedazo de tierra en Sipatá se acordó proveerla petición, siempre y cuando no fuera lesivo para los vecinos de Tunja, ni para el paso de las yeguas al pueblo.",source-tei,segment leco:documentsAct focus,review_jurisdiction_context,Revisar autoridad/institución y contexto documental. Solo añadir jurisdicción si está explícita o si se registra como inferencia contextual con procedencia.,pending,
cab-001-012,Warning,sh:MinCountConstraintComponent,leco:withinJurisdiction,"No se ha identificado una jurisdicción para este acto. Es una laguna de completitud, no un error estructural.",https://w3id.org/leco/data/co-ahrb-cab-001-d0012/event_cab-001-012_cab-001-012_s003_a003,leco:Sanction,pena,https://w3id.org/leco/data/co-ahrb-cab-001-d0012/cab-001-012_s003,cab-001-012_s003,"También se acordó mandar a los vecinos hierrantes no pasar con los caballos por dichas tierras, so pena de $10 pesos; se ordenó pregonar la orden.",source-tei,segment leco:documentsAct focus,review_jurisdiction_context,Revisar autoridad/institución y contexto documental. Solo añadir jurisdicción si está explícita o si se registra como inferencia contextual con procedencia.,pending,
cab-001-012,Warning,sh:MinCountConstraintComponent,leco:decidedBy,No se ha identificado quién decidió esta decisión jurídica.,https://w3id.org/leco/data/co-ahrb-cab-001-d0012/event_cab-001-012_cab-001-012_s003_a004,leco:OrderAct,ordenó,https://w3id.org/leco/data/co-ahrb-cab-001-d0012/cab-001-012_s003,cab-001-012_s003,"También se acordó mandar a los vecinos hierrantes no pasar con los caballos por dichas tierras, so pena de $10 pesos; se ordenó pregonar la orden.",source-tei,segment leco:documentsAct focus,review_deciding_authority,Comprobar quién adopta la decisión en el segmento y su contexto inmediato; no asumir Cabildo automáticamente si el texto no lo permite.,pending,
cab-001-016,Warning,sh:OrConstraintComponent,,No se ha identificado ningún participante del acto. Mantener como incompletitud si la fuente no permite establecerlo.,https://w3id.org/leco/data/co-ahrb-cab-001-d0016/event_cab-001-016_cab-001-016_s003_a003,leco:Presentation,presentó,https://w3id.org/leco/data/co-ahrb-cab-001-d0016/cab-001-016_s003,cab-001-016_s003,"Tunja , 8 agosto 1548, se presentó una petición por parte de Baltazar Gómez de Avila, quien propone un nuevo precio para la venta de la arroba de Carne de Vaca a $1 tomine y $2 tomines para vender la arroba de carnero; ademas que se lleve un control de pesaje semanalmente.",source-tei,segment leco:documentsAct focus,human_review,"Revisar el warning junto con su evidencia antes de modificar TEI, mapping u ontología.",pending,
cab-001-016,Warning,sh:OrConstraintComponent,,No se ha identificado ningún participante del acto. Mantener como incompletitud si la fuente no permite establecerlo.,https://w3id.org/leco/data/co-ahrb-cab-001-d0016/event_cab-001-016_cab-001-016_s002_a001,leco:ReadingAct,leyó,https://w3id.org/leco/data/co-ahrb-cab-001-d0016/cab-001-016_s002,cab-001-016_s002,"En la reunión se leyó la orden del Gobernador Juan de Orozco, se acató y mando ejecutar por parte de los señores Justicia y Regimiento.",source-tei,segment leco:documentsAct focus,human_review,"Revisar el warning junto con su evidencia antes de modificar TEI, mapping u ontología.",pending,
cab-001-016,Warning,sh:OrConstraintComponent,,No se ha identificado ningún participante del acto. Mantener como incompletitud si la fuente no permite establecerlo.,https://w3id.org/leco/data/co-ahrb-cab-001-d0016/event_cab-001-016_cab-001-016_s002_a005,leco:Obedience,acató,https://w3id.org/leco/data/co-ahrb-cab-001-d0016/cab-001-016_s002,cab-001-016_s002,"En la reunión se leyó la orden del Gobernador Juan de Orozco, se acató y mando ejecutar por parte de los señores Justicia y Regimiento.",source-tei,segment leco:documentsAct focus,human_review,"Revisar el warning junto con su evidencia antes de modificar TEI, mapping u ontología.",pending,
cab-001-016,Warning,sh:MinCountConstraintComponent,leco:withinJurisdiction,"No se ha identificado una jurisdicción para este acto. Es una laguna de completitud, no un error estructural.",https://w3id.org/leco/data/co-ahrb-cab-001-d0016/event_cab-001-016_cab-001-016_s003_a003,leco:Presentation,presentó,https://w3id.org/leco/data/co-ahrb-cab-001-d0016/cab-001-016_s003,cab-001-016_s003,"Tunja , 8 agosto 1548, se presentó una petición por parte de Baltazar Gómez de Avila, quien propone un nuevo precio para la venta de la arroba de Carne de Vaca a $1 tomine y $2 tomines para vender la arroba de carnero; ademas que se lleve un control de pesaje semanalmente.",source-tei,segment leco:documentsAct focus,review_jurisdiction_context,Revisar autoridad/institución y contexto documental. Solo añadir jurisdicción si está explícita o si se registra como inferencia contextual con procedencia.,pending,
cab-001-016,Warning,sh:MinCountConstraintComponent,leco:withinJurisdiction,"No se ha identificado una jurisdicción para este acto. Es una laguna de completitud, no un error estructural.",https://w3id.org/leco/data/co-ahrb-cab-001-d0016/event_cab-001-016_cab-001-016_s004_a003,leco:OrderAct,mandó,https://w3id.org/leco/data/co-ahrb-cab-001-d0016/cab-001-016_s004,cab-001-016_s004,Se aprobó. 14 agosto 1548 se mandó rematar la carne en favor de Baltazar Gómez de Avila y se de cumplimiento al pesaje de los novillos cada 15 días.,source-tei,segment leco:documentsAct focus,review_jurisdiction_context,Revisar autoridad/institución y contexto documental. Solo añadir jurisdicción si está explícita o si se registra como inferencia contextual con procedencia.,pending,
cab-001-016,Warning,sh:MinCountConstraintComponent,leco:withinJurisdiction,"No se ha identificado una jurisdicción para este acto. Es una laguna de completitud, no un error estructural.",https://w3id.org/leco/data/co-ahrb-cab-001-d0016/event_cab-001-016_cab-001-016_s004_a004,leco:AuctionAward,rematar,https://w3id.org/leco/data/co-ahrb-cab-001-d0016/cab-001-016_s004,cab-001-016_s004,Se aprobó. 14 agosto 1548 se mandó rematar la carne en favor de Baltazar Gómez de Avila y se de cumplimiento al pesaje de los novillos cada 15 días.,source-tei,segment leco:documentsAct focus,review_jurisdiction_context,Revisar autoridad/institución y contexto documental. Solo añadir jurisdicción si está explícita o si se registra como inferencia contextual con procedencia.,pending,
cab-001-016,Warning,sh:MinCountConstraintComponent,leco:withinJurisdiction,"No se ha identificado una jurisdicción para este acto. Es una laguna de completitud, no un error estructural.",https://w3id.org/leco/data/co-ahrb-cab-001-d0016/event_cab-001-016_cab-001-016_s006_a001,leco:OrderAct,ordenó,https://w3id.org/leco/data/co-ahrb-cab-001-d0016/cab-001-016_s006,cab-001-016_s006,"Se ordenó dar el titulo de Regidor a las personas ó personas que comparecieren, por las razones y requisitos exigidos por la ley, en el sentido de no tener acusaciones ni delitos.",source-tei,segment leco:documentsAct focus,review_jurisdiction_context,Revisar autoridad/institución y contexto documental. Solo añadir jurisdicción si está explícita o si se registra como inferencia contextual con procedencia.,pending,
cab-001-016,Warning,sh:OrConstraintComponent,,No se ha identificado ningún participante del acto. Mantener como incompletitud si la fuente no permite establecerlo.,https://w3id.org/leco/data/co-ahrb-cab-001-d0016/event_cab-001-016_cab-001-016_s004_a004,leco:AuctionAward,rematar,https://w3id.org/leco/data/co-ahrb-cab-001-d0016/cab-001-016_s004,cab-001-016_s004,Se aprobó. 14 agosto 1548 se mandó rematar la carne en favor de Baltazar Gómez de Avila y se de cumplimiento al pesaje de los novillos cada 15 días.,source-tei,segment leco:documentsAct focus,human_review,"Revisar el warning junto con su evidencia antes de modificar TEI, mapping u ontología.",pending,
cab-001-016,Warning,sh:OrConstraintComponent,,No se ha identificado ningún participante del acto. Mantener como incompletitud si la fuente no permite establecerlo.,https://w3id.org/leco/data/co-ahrb-cab-001-d0016/event_cab-001-016_cab-001-016_s004_a003,leco:OrderAct,mandó,https://w3id.org/leco/data/co-ahrb-cab-001-d0016/cab-001-016_s004,cab-001-016_s004,Se aprobó. 14 agosto 1548 se mandó rematar la carne en favor de Baltazar Gómez de Avila y se de cumplimiento al pesaje de los novillos cada 15 días.,source-tei,segment leco:documentsAct focus,human_review,"Revisar el warning junto con su evidencia antes de modificar TEI, mapping u ontología.",pending,
cab-001-016,Warning,sh:MinCountConstraintComponent,leco:decidedBy,No se ha identificado quién decidió esta decisión jurídica.,https://w3id.org/leco/data/co-ahrb-cab-001-d0016/event_cab-001-016_cab-001-016_s004_a001,leco:Approval,aprobó,https://w3id.org/leco/data/co-ahrb-cab-001-d0016/cab-001-016_s004,cab-001-016_s004,Se aprobó. 14 agosto 1548 se mandó rematar la carne en favor de Baltazar Gómez de Avila y se de cumplimiento al pesaje de los novillos cada 15 días.,source-tei,segment leco:documentsAct focus,review_deciding_authority,Comprobar quién adopta la decisión en el segmento y su contexto inmediato; no asumir Cabildo automáticamente si el texto no lo permite.,pending,
cab-001-016,Warning,sh:MinCountConstraintComponent,leco:withinJurisdiction,"No se ha identificado una jurisdicción para este acto. Es una laguna de completitud, no un error estructural.",https://w3id.org/leco/data/co-ahrb-cab-001-d0016/event_cab-001-016_cab-001-016_s004_a001,leco:Approval,aprobó,https://w3id.org/leco/data/co-ahrb-cab-001-d0016/cab-001-016_s004,cab-001-016_s004,Se aprobó. 14 agosto 1548 se mandó rematar la carne en favor de Baltazar Gómez de Avila y se de cumplimiento al pesaje de los novillos cada 15 días.,source-tei,segment leco:documentsAct focus,review_jurisdiction_context,Revisar autoridad/institución y contexto documental. Solo añadir jurisdicción si está explícita o si se registra como inferencia contextual con procedencia.,pending,
cab-001-016,Warning,sh:OrConstraintComponent,,No se ha identificado ningún participante del acto. Mantener como incompletitud si la fuente no permite establecerlo.,https://w3id.org/leco/data/co-ahrb-cab-001-d0016/event_cab-001-016_cab-001-016_s006_a001,leco:OrderAct,ordenó,https://w3id.org/leco/data/co-ahrb-cab-001-d0016/cab-001-016_s006,cab-001-016_s006,"Se ordenó dar el titulo de Regidor a las personas ó personas que comparecieren, por las razones y requisitos exigidos por la ley, en el sentido de no tener acusaciones ni delitos.",source-tei,segment leco:documentsAct focus,human_review,"Revisar el warning junto con su evidencia antes de modificar TEI, mapping u ontología.",pending,
cab-001-016,Warning,sh:MinCountConstraintComponent,leco:withinJurisdiction,"No se ha identificado una jurisdicción para este acto. Es una laguna de completitud, no un error estructural.",https://w3id.org/leco/data/co-ahrb-cab-001-d0016/event_cab-001-016_cab-001-016_s002_a005,leco:Obedience,acató,https://w3id.org/leco/data/co-ahrb-cab-001-d0016/cab-001-016_s002,cab-001-016_s002,"En la reunión se leyó la orden del Gobernador Juan de Orozco, se acató y mando ejecutar por parte de los señores Justicia y Regimiento.",source-tei,segment leco:documentsAct focus,review_jurisdiction_context,Revisar autoridad/institución y contexto documental. Solo añadir jurisdicción si está explícita o si se registra como inferencia contextual con procedencia.,pending,
cab-001-016,Warning,sh:MinCountConstraintComponent,leco:withinJurisdiction,"No se ha identificado una jurisdicción para este acto. Es una laguna de completitud, no un error estructural.",https://w3id.org/leco/data/co-ahrb-cab-001-d0016/event_cab-001-016_cab-001-016_s003_a004,leco:Petition,petición,https://w3id.org/leco/data/co-ahrb-cab-001-d0016/cab-001-016_s003,cab-001-016_s003,"Tunja , 8 agosto 1548, se presentó una petición por parte de Baltazar Gómez de Avila, quien propone un nuevo precio para la venta de la arroba de Carne de Vaca a $1 tomine y $2 tomines para vender la arroba de carnero; ademas que se lleve un control de pesaje semanalmente.",source-tei,segment leco:documentsAct focus,review_jurisdiction_context,Revisar autoridad/institución y contexto documental. Solo añadir jurisdicción si está explícita o si se registra como inferencia contextual con procedencia.,pending,
cab-001-016,Warning,sh:MinCountConstraintComponent,leco:withinJurisdiction,"No se ha identificado una jurisdicción para este acto. Es una laguna de completitud, no un error estructural.",https://w3id.org/leco/data/co-ahrb-cab-001-d0016/event_cab-001-016_cab-001-016_s002_a006,leco:Execution,ejecutar,https://w3id.org/leco/data/co-ahrb-cab-001-d0016/cab-001-016_s002,cab-001-016_s002,"En la reunión se leyó la orden del Gobernador Juan de Orozco, se acató y mando ejecutar por parte de los señores Justicia y Regimiento.",source-tei,segment leco:documentsAct focus,review_jurisdiction_context,Revisar autoridad/institución y contexto documental. Solo añadir jurisdicción si está explícita o si se registra como inferencia contextual con procedencia.,pending,
cab-001-016,Warning,sh:MinCountConstraintComponent,leco:decidedBy,No se ha identificado quién decidió esta decisión jurídica.,https://w3id.org/leco/data/co-ahrb-cab-001-d0016/event_cab-001-016_cab-001-016_s004_a003,leco:OrderAct,mandó,https://w3id.org/leco/data/co-ahrb-cab-001-d0016/cab-001-016_s004,cab-001-016_s004,Se aprobó. 14 agosto 1548 se mandó rematar la carne en favor de Baltazar Gómez de Avila y se de cumplimiento al pesaje de los novillos cada 15 días.,source-tei,segment leco:documentsAct focus,review_deciding_authority,Comprobar quién adopta la decisión en el segmento y su contexto inmediato; no asumir Cabildo automáticamente si el texto no lo permite.,pending,
cab-001-016,Warning,sh:OrConstraintComponent,,No se ha identificado ningún participante del acto. Mantener como incompletitud si la fuente no permite establecerlo.,https://w3id.org/leco/data/co-ahrb-cab-001-d0016/event_cab-001-016_cab-001-016_s004_a001,leco:Approval,aprobó,https://w3id.org/leco/data/co-ahrb-cab-001-d0016/cab-001-016_s004,cab-001-016_s004,Se aprobó. 14 agosto 1548 se mandó rematar la carne en favor de Baltazar Gómez de Avila y se de cumplimiento al pesaje de los novillos cada 15 días.,source-tei,segment leco:documentsAct focus,human_review,"Revisar el warning junto con su evidencia antes de modificar TEI, mapping u ontología.",pending,
cab-001-016,Warning,sh:OrConstraintComponent,,No se ha identificado ningún participante del acto. Mantener como incompletitud si la fuente no permite establecerlo.,https://w3id.org/leco/data/co-ahrb-cab-001-d0016/event_cab-001-016_cab-001-016_s002_a006,leco:Execution,ejecutar,https://w3id.org/leco/data/co-ahrb-cab-001-d0016/cab-001-016_s002,cab-001-016_s002,"En la reunión se leyó la orden del Gobernador Juan de Orozco, se acató y mando ejecutar por parte de los señores Justicia y Regimiento.",source-tei,segment leco:documentsAct focus,human_review,"Revisar el warning junto con su evidencia antes de modificar TEI, mapping u ontología.",pending,
cab-001-016,Warning,sh:MinCountConstraintComponent,leco:decidedBy,No se ha identificado quién decidió esta decisión jurídica.,https://w3id.org/leco/data/co-ahrb-cab-001-d0016/event_cab-001-016_cab-001-016_s006_a001,leco:OrderAct,ordenó,https://w3id.org/leco/data/co-ahrb-cab-001-d0016/cab-001-016_s006,cab-001-016_s006,"Se ordenó dar el titulo de Regidor a las personas ó personas que comparecieren, por las razones y requisitos exigidos por la ley, en el sentido de no tener acusaciones ni delitos.",source-tei,segment leco:documentsAct focus,review_deciding_authority,Comprobar quién adopta la decisión en el segmento y su contexto inmediato; no asumir Cabildo automáticamente si el texto no lo permite.,pending,
cab-001-016,Warning,sh:MinCountConstraintComponent,leco:withinJurisdiction,"No se ha identificado una jurisdicción para este acto. Es una laguna de completitud, no un error estructural.",https://w3id.org/leco/data/co-ahrb-cab-001-d0016/event_cab-001-016_cab-001-016_s002_a001,leco:ReadingAct,leyó,https://w3id.org/leco/data/co-ahrb-cab-001-d0016/cab-001-016_s002,cab-001-016_s002,"En la reunión se leyó la orden del Gobernador Juan de Orozco, se acató y mando ejecutar por parte de los señores Justicia y Regimiento.",source-tei,segment leco:documentsAct focus,review_jurisdiction_context,Revisar autoridad/institución y contexto documental. Solo añadir jurisdicción si está explícita o si se registra como inferencia contextual con procedencia.,pending,
cab-001-018,Warning,sh:MinCountConstraintComponent,leco:sanctions,No se ha identificado el actor sancionado.,https://w3id.org/leco/data/co-ahrb-cab-001-d0018/event_cab-001-018_cab-001-018_s003_a002,leco:Sanction,pena,https://w3id.org/leco/data/co-ahrb-cab-001-d0018/cab-001-018_s003,cab-001-018_s003,"Tambien se dispone que los señores Justicias de cada Provincia colaboren para encontrar al negro en mención y se estipula una pena de $1.000 pesos a quién colocara algún impedimento, dicho dinero pasaria a la cámara del Rey.",source-tei,segment leco:documentsAct focus,review_sanction_target,Identificar el destinatario de la sanción si está textual o inequívocamente contextualizado; conservar el warning si no puede determinarse.,pending,
cab-001-018,Warning,sh:MinCountConstraintComponent,leco:withinJurisdiction,"No se ha identificado una jurisdicción para este acto. Es una laguna de completitud, no un error estructural.",https://w3id.org/leco/data/co-ahrb-cab-001-d0018/event_cab-001-018_cab-001-018_s002_a001,leco:Proclamation,pregón,https://w3id.org/leco/data/co-ahrb-cab-001-d0018/cab-001-018_s002,cab-001-018_s002,"Se autoriza efectuar el pregón, con el fin de conocer información alguna sobre el negro Valenciano; quien habia sido traido al reino por parte del licenciado Miguel Diaz de Armendaris, habia pertenecido a Don Alonso Tellez y actualmente se encontraba fugitivo.",source-tei,segment leco:documentsAct focus,review_jurisdiction_context,Revisar autoridad/institución y contexto documental. Solo añadir jurisdicción si está explícita o si se registra como inferencia contextual con procedencia.,pending,
cab-001-018,Warning,sh:MinCountConstraintComponent,leco:decidedBy,No se ha identificado quién decidió esta decisión jurídica.,https://w3id.org/leco/data/co-ahrb-cab-001-d0018/event_cab-001-018_cab-001-018_s003_a002,leco:Sanction,pena,https://w3id.org/leco/data/co-ahrb-cab-001-d0018/cab-001-018_s003,cab-001-018_s003,"Tambien se dispone que los señores Justicias de cada Provincia colaboren para encontrar al negro en mención y se estipula una pena de $1.000 pesos a quién colocara algún impedimento, dicho dinero pasaria a la cámara del Rey.",source-tei,segment leco:documentsAct focus,review_deciding_authority,Comprobar quién adopta la decisión en el segmento y su contexto inmediato; no asumir Cabildo automáticamente si el texto no lo permite.,pending,
cab-001-018,Warning,sh:OrConstraintComponent,,No se ha identificado ningún participante del acto. Mantener como incompletitud si la fuente no permite establecerlo.,https://w3id.org/leco/data/co-ahrb-cab-001-d0018/event_cab-001-018_cab-001-018_s003_a002,leco:Sanction,pena,https://w3id.org/leco/data/co-ahrb-cab-001-d0018/cab-001-018_s003,cab-001-018_s003,"Tambien se dispone que los señores Justicias de cada Provincia colaboren para encontrar al negro en mención y se estipula una pena de $1.000 pesos a quién colocara algún impedimento, dicho dinero pasaria a la cámara del Rey.",source-tei,segment leco:documentsAct focus,human_review,"Revisar el warning junto con su evidencia antes de modificar TEI, mapping u ontología.",pending,
cab-001-018,Warning,sh:MinCountConstraintComponent,leco:withinJurisdiction,"No se ha identificado una jurisdicción para este acto. Es una laguna de completitud, no un error estructural.",https://w3id.org/leco/data/co-ahrb-cab-001-d0018/event_cab-001-018_cab-001-018_s004_a002,leco:Oath,juramento,https://w3id.org/leco/data/co-ahrb-cab-001-d0018/cab-001-018_s004,cab-001-018_s004,"Finalmente se ordena entregar la vara de Justicia al capitan Lanchero, quien tomo el juramento de fidelidad, en prueba de su cumplimiento a la misión encomendada Santafé, 9 Septiembre 1553.",source-tei,segment leco:documentsAct focus,review_jurisdiction_context,Revisar autoridad/institución y contexto documental. Solo añadir jurisdicción si está explícita o si se registra como inferencia contextual con procedencia.,pending,
cab-001-018,Warning,sh:MinCountConstraintComponent,leco:withinJurisdiction,"No se ha identificado una jurisdicción para este acto. Es una laguna de completitud, no un error estructural.",https://w3id.org/leco/data/co-ahrb-cab-001-d0018/event_cab-001-018_cab-001-018_s001_a009,leco:GrantOfPower,poder,https://w3id.org/leco/data/co-ahrb-cab-001-d0018/cab-001-018_s001,cab-001-018_s001,"En la ciudad de Tunja del Nuevo Reino de Granada, 12 de Septiembre de 1553 se reunieron los miembros del Cabildo; allí el Licenciado Juan Montaño Oidor de la Audencia y Juez de Comisión dá fé de la orden que se le inpartió para hacer comparecer ante él, a un poder y facultad al capitán Luis Lanchero para que vaya a la ciudad de Tunja y a otras ciudades del Reino hasta encontrarlo y remitirlo a esta ciudad.",source-tei,segment leco:documentsAct focus,review_jurisdiction_context,Revisar autoridad/institución y contexto documental. Solo añadir jurisdicción si está explícita o si se registra como inferencia contextual con procedencia.,pending,
cab-001-018,Warning,sh:MinCountConstraintComponent,leco:createsRepresentation,El otorgamiento de poder no está enlazado todavía con una relación de representación.,https://w3id.org/leco/data/co-ahrb-cab-001-d0018/event_cab-001-018_cab-001-018_s001_a009,leco:GrantOfPower,poder,https://w3id.org/leco/data/co-ahrb-cab-001-d0018/cab-001-018_s001,cab-001-018_s001,"En la ciudad de Tunja del Nuevo Reino de Granada, 12 de Septiembre de 1553 se reunieron los miembros del Cabildo; allí el Licenciado Juan Montaño Oidor de la Audencia y Juez de Comisión dá fé de la orden que se le inpartió para hacer comparecer ante él, a un poder y facultad al capitán Luis Lanchero para que vaya a la ciudad de Tunja y a otras ciudades del Reino hasta encontrarlo y remitirlo a esta ciudad.",source-tei,segment leco:documentsAct focus,review_representation_relation,"Revisar el poder: principal, representante y relación creada. No convertir la mera palabra 'poder' en representación completa sin evidencia.",pending,
cab-001-018,Warning,sh:MinCountConstraintComponent,leco:withinJurisdiction,"No se ha identificado una jurisdicción para este acto. Es una laguna de completitud, no un error estructural.",https://w3id.org/leco/data/co-ahrb-cab-001-d0018/event_cab-001-018_cab-001-018_s003_a002,leco:Sanction,pena,https://w3id.org/leco/data/co-ahrb-cab-001-d0018/cab-001-018_s003,cab-001-018_s003,"Tambien se dispone que los señores Justicias de cada Provincia colaboren para encontrar al negro en mención y se estipula una pena de $1.000 pesos a quién colocara algún impedimento, dicho dinero pasaria a la cámara del Rey.",source-tei,segment leco:documentsAct focus,review_jurisdiction_context,Revisar autoridad/institución y contexto documental. Solo añadir jurisdicción si está explícita o si se registra como inferencia contextual con procedencia.,pending,
cab-001-018,Warning,sh:OrConstraintComponent,,No se ha identificado ningún participante del acto. Mantener como incompletitud si la fuente no permite establecerlo.,https://w3id.org/leco/data/co-ahrb-cab-001-d0018/event_cab-001-018_cab-001-018_s002_a001,leco:Proclamation,pregón,https://w3id.org/leco/data/co-ahrb-cab-001-d0018/cab-001-018_s002,cab-001-018_s002,"Se autoriza efectuar el pregón, con el fin de conocer información alguna sobre el negro Valenciano; quien habia sido traido al reino por parte del licenciado Miguel Diaz de Armendaris, habia pertenecido a Don Alonso Tellez y actualmente se encontraba fugitivo.",source-tei,segment leco:documentsAct focus,human_review,"Revisar el warning junto con su evidencia antes de modificar TEI, mapping u ontología.",pending,
cab-001-018,Warning,sh:OrConstraintComponent,,No se ha identificado ningún participante del acto. Mantener como incompletitud si la fuente no permite establecerlo.,https://w3id.org/leco/data/co-ahrb-cab-001-d0018/event_cab-001-018_cab-001-018_s004_a002,leco:Oath,juramento,https://w3id.org/leco/data/co-ahrb-cab-001-d0018/cab-001-018_s004,cab-001-018_s004,"Finalmente se ordena entregar la vara de Justicia al capitan Lanchero, quien tomo el juramento de fidelidad, en prueba de su cumplimiento a la misión encomendada Santafé, 9 Septiembre 1553.",source-tei,segment leco:documentsAct focus,human_review,"Revisar el warning junto con su evidencia antes de modificar TEI, mapping u ontología.",pending,
cab-001-018,Warning,sh:OrConstraintComponent,,No se ha identificado ningún participante del acto. Mantener como incompletitud si la fuente no permite establecerlo.,https://w3id.org/leco/data/co-ahrb-cab-001-d0018/event_cab-001-018_cab-001-018_s001_a009,leco:GrantOfPower,poder,https://w3id.org/leco/data/co-ahrb-cab-001-d0018/cab-001-018_s001,cab-001-018_s001,"En la ciudad de Tunja del Nuevo Reino de Granada, 12 de Septiembre de 1553 se reunieron los miembros del Cabildo; allí el Licenciado Juan Montaño Oidor de la Audencia y Juez de Comisión dá fé de la orden que se le inpartió para hacer comparecer ante él, a un poder y facultad al capitán Luis Lanchero para que vaya a la ciudad de Tunja y a otras ciudades del Reino hasta encontrarlo y remitirlo a esta ciudad.",source-tei,segment leco:documentsAct focus,human_review,"Revisar el warning junto con su evidencia antes de modificar TEI, mapping u ontología.",pending,
cab-001-019,Warning,sh:MinCountConstraintComponent,leco:sanctions,No se ha identificado el actor sancionado.,https://w3id.org/leco/data/co-ahrb-cab-001-d0019/event_cab-001-019_cab-001-019_s003_a001,leco:Fine,multa,https://w3id.org/leco/data/co-ahrb-cab-001-d0019/cab-001-019_s003,cab-001-019_s003,Por lo anterior se multa con $200 pesos del buen oro a quienes siendo del Cabildo incumplieran la Real Provisión.,source-tei,segment leco:documentsAct focus,review_sanction_target,Identificar el destinatario de la sanción si está textual o inequívocamente contextualizado; conservar el warning si no puede determinarse.,pending,
cab-001-019,Warning,sh:MinCountConstraintComponent,leco:withinJurisdiction,"No se ha identificado una jurisdicción para este acto. Es una laguna de completitud, no un error estructural.",https://w3id.org/leco/data/co-ahrb-cab-001-d0019/event_cab-001-019_cab-001-019_s003_a001,leco:Fine,multa,https://w3id.org/leco/data/co-ahrb-cab-001-d0019/cab-001-019_s003,cab-001-019_s003,Por lo anterior se multa con $200 pesos del buen oro a quienes siendo del Cabildo incumplieran la Real Provisión.,source-tei,segment leco:documentsAct focus,review_jurisdiction_context,Revisar autoridad/institución y contexto documental. Solo añadir jurisdicción si está explícita o si se registra como inferencia contextual con procedencia.,pending,
cab-001-019,Warning,sh:MinCountConstraintComponent,leco:withinJurisdiction,"No se ha identificado una jurisdicción para este acto. Es una laguna de completitud, no un error estructural.",https://w3id.org/leco/data/co-ahrb-cab-001-d0019/event_cab-001-019_cab-001-019_s004_a001,leco:GrantOfPower,poder de representación,https://w3id.org/leco/data/co-ahrb-cab-001-d0019/cab-001-019_s004,cab-001-019_s004,En esta reunión se dió todo el poder de representación al capitan Gonzalo Suárez para que apele y suplique por el Cabildo.,source-tei,segment leco:documentsAct focus,review_jurisdiction_context,Revisar autoridad/institución y contexto documental. Solo añadir jurisdicción si está explícita o si se registra como inferencia contextual con procedencia.,pending,
cab-001-019,Warning,sh:OrConstraintComponent,,No se ha identificado ningún participante del acto. Mantener como incompletitud si la fuente no permite establecerlo.,https://w3id.org/leco/data/co-ahrb-cab-001-d0019/event_cab-001-019_cab-001-019_s004_a001,leco:GrantOfPower,poder de representación,https://w3id.org/leco/data/co-ahrb-cab-001-d0019/cab-001-019_s004,cab-001-019_s004,En esta reunión se dió todo el poder de representación al capitan Gonzalo Suárez para que apele y suplique por el Cabildo.,source-tei,segment leco:documentsAct focus,human_review,"Revisar el warning junto con su evidencia antes de modificar TEI, mapping u ontología.",pending,
cab-001-019,Warning,sh:MinCountConstraintComponent,leco:appealsAgainst,No se ha identificado la decisión apelada.,https://w3id.org/leco/data/co-ahrb-cab-001-d0019/event_cab-001-019_cab-001-019_s004_a004,leco:Appeal,apele,https://w3id.org/leco/data/co-ahrb-cab-001-d0019/cab-001-019_s004,cab-001-019_s004,En esta reunión se dió todo el poder de representación al capitan Gonzalo Suárez para que apele y suplique por el Cabildo.,source-tei,segment leco:documentsAct focus,review_appealed_decision,"Identificar la decisión/acto contra el cual se apela, solo si el texto o el contexto documental lo sustentan.",pending,
cab-001-019,Warning,sh:MinCountConstraintComponent,leco:withinJurisdiction,"No se ha identificado una jurisdicción para este acto. Es una laguna de completitud, no un error estructural.",https://w3id.org/leco/data/co-ahrb-cab-001-d0019/event_cab-001-019_cab-001-019_s004_a004,leco:Appeal,apele,https://w3id.org/leco/data/co-ahrb-cab-001-d0019/cab-001-019_s004,cab-001-019_s004,En esta reunión se dió todo el poder de representación al capitan Gonzalo Suárez para que apele y suplique por el Cabildo.,source-tei,segment leco:documentsAct focus,review_jurisdiction_context,Revisar autoridad/institución y contexto documental. Solo añadir jurisdicción si está explícita o si se registra como inferencia contextual con procedencia.,pending,
cab-001-019,Warning,sh:OrConstraintComponent,,No se ha identificado ningún participante del acto. Mantener como incompletitud si la fuente no permite establecerlo.,https://w3id.org/leco/data/co-ahrb-cab-001-d0019/event_cab-001-019_cab-001-019_s003_a001,leco:Fine,multa,https://w3id.org/leco/data/co-ahrb-cab-001-d0019/cab-001-019_s003,cab-001-019_s003,Por lo anterior se multa con $200 pesos del buen oro a quienes siendo del Cabildo incumplieran la Real Provisión.,source-tei,segment leco:documentsAct focus,human_review,"Revisar el warning junto con su evidencia antes de modificar TEI, mapping u ontología.",pending,
cab-001-019,Warning,sh:OrConstraintComponent,,No se ha identificado ningún participante del acto. Mantener como incompletitud si la fuente no permite establecerlo.,https://w3id.org/leco/data/co-ahrb-cab-001-d0019/event_cab-001-019_cab-001-019_s001_a003,leco:ReadingAct,leyó,https://w3id.org/leco/data/co-ahrb-cab-001-d0019/cab-001-019_s001,cab-001-019_s001,"En la ciudad de Tunja, el día 17 de Octubre 1553, se leyó una Real Provisión en la que se dice que los Consejos Justicia y Regimiento de este Nuevo Reino de Granada no enviaron procuradores al Reino de España, para que negociaran y solicitaran lo que conviniera a las ciudades y cabildos, ante el Consejo de Indias.",source-tei,segment leco:documentsAct focus,human_review,"Revisar el warning junto con su evidencia antes de modificar TEI, mapping u ontología.",pending,
cab-001-019,Warning,sh:MinCountConstraintComponent,leco:beforeAuthority,No se ha identificado la autoridad ante la cual se presenta la apelación.,https://w3id.org/leco/data/co-ahrb-cab-001-d0019/event_cab-001-019_cab-001-019_s004_a004,leco:Appeal,apele,https://w3id.org/leco/data/co-ahrb-cab-001-d0019/cab-001-019_s004,cab-001-019_s004,En esta reunión se dió todo el poder de representación al capitan Gonzalo Suárez para que apele y suplique por el Cabildo.,source-tei,segment leco:documentsAct focus,review_appeal_authority,Identificar la autoridad ante la que se interpone la apelación y registrar inferencia/procedencia si no es textual directa.,pending,
cab-001-019,Warning,sh:MinCountConstraintComponent,leco:createsRepresentation,El otorgamiento de poder no está enlazado todavía con una relación de representación.,https://w3id.org/leco/data/co-ahrb-cab-001-d0019/event_cab-001-019_cab-001-019_s004_a001,leco:GrantOfPower,poder de representación,https://w3id.org/leco/data/co-ahrb-cab-001-d0019/cab-001-019_s004,cab-001-019_s004,En esta reunión se dió todo el poder de representación al capitan Gonzalo Suárez para que apele y suplique por el Cabildo.,source-tei,segment leco:documentsAct focus,review_representation_relation,"Revisar el poder: principal, representante y relación creada. No convertir la mera palabra 'poder' en representación completa sin evidencia.",pending,
cab-001-019,Warning,sh:MinCountConstraintComponent,leco:withinJurisdiction,"No se ha identificado una jurisdicción para este acto. Es una laguna de completitud, no un error estructural.",https://w3id.org/leco/data/co-ahrb-cab-001-d0019/event_cab-001-019_cab-001-019_s001_a003,leco:ReadingAct,leyó,https://w3id.org/leco/data/co-ahrb-cab-001-d0019/cab-001-019_s001,cab-001-019_s001,"En la ciudad de Tunja, el día 17 de Octubre 1553, se leyó una Real Provisión en la que se dice que los Consejos Justicia y Regimiento de este Nuevo Reino de Granada no enviaron procuradores al Reino de España, para que negociaran y solicitaran lo que conviniera a las ciudades y cabildos, ante el Consejo de Indias.",source-tei,segment leco:documentsAct focus,review_jurisdiction_context,Revisar autoridad/institución y contexto documental. Solo añadir jurisdicción si está explícita o si se registra como inferencia contextual con procedencia.,pending,
cab-001-019,Warning,sh:OrConstraintComponent,,No se ha identificado ningún participante del acto. Mantener como incompletitud si la fuente no permite establecerlo.,https://w3id.org/leco/data/co-ahrb-cab-001-d0019/event_cab-001-019_cab-001-019_s004_a005,leco:Supplication,suplique,https://w3id.org/leco/data/co-ahrb-cab-001-d0019/cab-001-019_s004,cab-001-019_s004,En esta reunión se dió todo el poder de representación al capitan Gonzalo Suárez para que apele y suplique por el Cabildo.,source-tei,segment leco:documentsAct focus,human_review,"Revisar el warning junto con su evidencia antes de modificar TEI, mapping u ontología.",pending,
cab-001-019,Warning,sh:MinCountConstraintComponent,leco:decidedBy,No se ha identificado quién decidió esta decisión jurídica.,https://w3id.org/leco/data/co-ahrb-cab-001-d0019/event_cab-001-019_cab-001-019_s003_a001,leco:Fine,multa,https://w3id.org/leco/data/co-ahrb-cab-001-d0019/cab-001-019_s003,cab-001-019_s003,Por lo anterior se multa con $200 pesos del buen oro a quienes siendo del Cabildo incumplieran la Real Provisión.,source-tei,segment leco:documentsAct focus,review_deciding_authority,Comprobar quién adopta la decisión en el segmento y su contexto inmediato; no asumir Cabildo automáticamente si el texto no lo permite.,pending,
cab-001-019,Warning,sh:MinCountConstraintComponent,leco:withinJurisdiction,"No se ha identificado una jurisdicción para este acto. Es una laguna de completitud, no un error estructural.",https://w3id.org/leco/data/co-ahrb-cab-001-d0019/event_cab-001-019_cab-001-019_s004_a005,leco:Supplication,suplique,https://w3id.org/leco/data/co-ahrb-cab-001-d0019/cab-001-019_s004,cab-001-019_s004,En esta reunión se dió todo el poder de representación al capitan Gonzalo Suárez para que apele y suplique por el Cabildo.,source-tei,segment leco:documentsAct focus,review_jurisdiction_context,Revisar autoridad/institución y contexto documental. Solo añadir jurisdicción si está explícita o si se registra como inferencia contextual con procedencia.,pending,
cab-001-038,Warning,sh:OrConstraintComponent,,No se ha identificado ningún participante del acto. Mantener como incompletitud si la fuente no permite establecerlo.,https://w3id.org/leco/data/co-ahrb-cab-001-d0038/event_cab-001-038_cab-001-038_s006_a006,leco:OrderAct,ordenó,https://w3id.org/leco/data/co-ahrb-cab-001-d0038/cab-001-038_s006,cab-001-038_s006,"Acordaron nombrar por alcalde a Hernando de Rojas, mientras donde el titular fuera de Tunja, razón por la cual se ordenó realizar los preparativos del recibimiento.",source-tei,segment leco:documentsAct focus,human_review,"Revisar el warning junto con su evidencia antes de modificar TEI, mapping u ontología.",pending,
cab-001-038,Warning,sh:MinCountConstraintComponent,leco:appointsToOffice,No se ha identificado el oficio al que se realiza el nombramiento.,https://w3id.org/leco/data/co-ahrb-cab-001-d0038/event_cab-001-038_cab-001-038_s006_a002,leco:Appointment,nombrar,https://w3id.org/leco/data/co-ahrb-cab-001-d0038/cab-001-038_s006,cab-001-038_s006,"Acordaron nombrar por alcalde a Hernando de Rojas, mientras donde el titular fuera de Tunja, razón por la cual se ordenó realizar los preparativos del recibimiento.",source-tei,segment leco:documentsAct focus,review_appointment_office,Comprobar el oficio al que se nombra. Normalizar el tipo de oficio sin borrar la forma histórica del texto.,pending,
cab-001-038,Warning,sh:MinCountConstraintComponent,leco:withinJurisdiction,"No se ha identificado una jurisdicción para este acto. Es una laguna de completitud, no un error estructural.",https://w3id.org/leco/data/co-ahrb-cab-001-d0038/event_cab-001-038_cab-001-038_s002_a003,leco:Fine,multas,https://w3id.org/leco/data/co-ahrb-cab-001-d0038/cab-001-038_s002,cab-001-038_s002,"Se dijo que habia queponer remedio a las personas que estan hechando a perder los montes de esta jurisdicción, para lo cual se deben cobrar multas. 24 mayo 1549.",source-tei,segment leco:documentsAct focus,review_jurisdiction_context,Revisar autoridad/institución y contexto documental. Solo añadir jurisdicción si está explícita o si se registra como inferencia contextual con procedencia.,pending,
cab-001-038,Warning,sh:OrConstraintComponent,,No se ha identificado ningún participante del acto. Mantener como incompletitud si la fuente no permite establecerlo.,https://w3id.org/leco/data/co-ahrb-cab-001-d0038/event_cab-001-038_cab-001-038_s003_a003,leco:GrantOfPower,poder,https://w3id.org/leco/data/co-ahrb-cab-001-d0038/cab-001-038_s003,cab-001-038_s003,"Don Juan de Montalvo solicita a los señores Justicia y Regimiento un poder para ocupar el cargo de contador mientras dure la ausencia del titular, quien viajó a la ciudad de Velez .",source-tei,segment leco:documentsAct focus,human_review,"Revisar el warning junto con su evidencia antes de modificar TEI, mapping u ontología.",pending,
cab-001-038,Warning,sh:MinCountConstraintComponent,leco:createsRepresentation,El otorgamiento de poder no está enlazado todavía con una relación de representación.,https://w3id.org/leco/data/co-ahrb-cab-001-d0038/event_cab-001-038_cab-001-038_s003_a003,leco:GrantOfPower,poder,https://w3id.org/leco/data/co-ahrb-cab-001-d0038/cab-001-038_s003,cab-001-038_s003,"Don Juan de Montalvo solicita a los señores Justicia y Regimiento un poder para ocupar el cargo de contador mientras dure la ausencia del titular, quien viajó a la ciudad de Velez .",source-tei,segment leco:documentsAct focus,review_representation_relation,"Revisar el poder: principal, representante y relación creada. No convertir la mera palabra 'poder' en representación completa sin evidencia.",pending,
cab-001-038,Warning,sh:OrConstraintComponent,,No se ha identificado ningún participante del acto. Mantener como incompletitud si la fuente no permite establecerlo.,https://w3id.org/leco/data/co-ahrb-cab-001-d0038/event_cab-001-038_cab-001-038_s005_a002,leco:Obedience,obedecieron,https://w3id.org/leco/data/co-ahrb-cab-001-d0038/cab-001-038_s005,cab-001-038_s005,Los miembros del Cabildo obedecieron y dieron fiel cumplimiento a lo dispuesto por su señoria.,source-tei,segment leco:documentsAct focus,human_review,"Revisar el warning junto con su evidencia antes de modificar TEI, mapping u ontología.",pending,
cab-001-038,Warning,sh:MinCountConstraintComponent,leco:sanctions,No se ha identificado el actor sancionado.,https://w3id.org/leco/data/co-ahrb-cab-001-d0038/event_cab-001-038_cab-001-038_s002_a003,leco:Fine,multas,https://w3id.org/leco/data/co-ahrb-cab-001-d0038/cab-001-038_s002,cab-001-038_s002,"Se dijo que habia queponer remedio a las personas que estan hechando a perder los montes de esta jurisdicción, para lo cual se deben cobrar multas. 24 mayo 1549.",source-tei,segment leco:documentsAct focus,review_sanction_target,Identificar el destinatario de la sanción si está textual o inequívocamente contextualizado; conservar el warning si no puede determinarse.,pending,
cab-001-038,Warning,sh:MinCountConstraintComponent,leco:withinJurisdiction,"No se ha identificado una jurisdicción para este acto. Es una laguna de completitud, no un error estructural.",https://w3id.org/leco/data/co-ahrb-cab-001-d0038/event_cab-001-038_cab-001-038_s006_a002,leco:Appointment,nombrar,https://w3id.org/leco/data/co-ahrb-cab-001-d0038/cab-001-038_s006,cab-001-038_s006,"Acordaron nombrar por alcalde a Hernando de Rojas, mientras donde el titular fuera de Tunja, razón por la cual se ordenó realizar los preparativos del recibimiento.",source-tei,segment leco:documentsAct focus,review_jurisdiction_context,Revisar autoridad/institución y contexto documental. Solo añadir jurisdicción si está explícita o si se registra como inferencia contextual con procedencia.,pending,
cab-001-038,Warning,sh:OrConstraintComponent,,No se ha identificado ningún participante del acto. Mantener como incompletitud si la fuente no permite establecerlo.,https://w3id.org/leco/data/co-ahrb-cab-001-d0038/event_cab-001-038_cab-001-038_s004_a005,leco:LandGrant,adjudique,https://w3id.org/leco/data/co-ahrb-cab-001-d0038/cab-001-038_s004,cab-001-038_s004,"En este Cabildo se leyó una petición de Don Juan de Chinchilla quien pide se le adjudique un pedazo de tierra, ubicada junto al Corral de Pedro Cordoba. 20 octubre 1549 Cabildo en el que se leyó la orden del señor Gobernador Don Miguel Diaz de Armendaris, para que se se represente en la Real Audencia el Alcalde Gómez de Cifuentes.",source-tei,segment leco:documentsAct focus,human_review,"Revisar el warning junto con su evidencia antes de modificar TEI, mapping u ontología.",pending,
cab-001-038,Warning,sh:MinCountConstraintComponent,leco:withinJurisdiction,"No se ha identificado una jurisdicción para este acto. Es una laguna de completitud, no un error estructural.",https://w3id.org/leco/data/co-ahrb-cab-001-d0038/event_cab-001-038_cab-001-038_s004_a009,leco:ReadingAct,leyó,https://w3id.org/leco/data/co-ahrb-cab-001-d0038/cab-001-038_s004,cab-001-038_s004,"En este Cabildo se leyó una petición de Don Juan de Chinchilla quien pide se le adjudique un pedazo de tierra, ubicada junto al Corral de Pedro Cordoba. 20 octubre 1549 Cabildo en el que se leyó la orden del señor Gobernador Don Miguel Diaz de Armendaris, para que se se represente en la Real Audencia el Alcalde Gómez de Cifuentes.",source-tei,segment leco:documentsAct focus,review_jurisdiction_context,Revisar autoridad/institución y contexto documental. Solo añadir jurisdicción si está explícita o si se registra como inferencia contextual con procedencia.,pending,
cab-001-038,Warning,sh:MinCountConstraintComponent,leco:withinJurisdiction,"No se ha identificado una jurisdicción para este acto. Es una laguna de completitud, no un error estructural.",https://w3id.org/leco/data/co-ahrb-cab-001-d0038/event_cab-001-038_cab-001-038_s004_a002,leco:ReadingAct,leyó,https://w3id.org/leco/data/co-ahrb-cab-001-d0038/cab-001-038_s004,cab-001-038_s004,"En este Cabildo se leyó una petición de Don Juan de Chinchilla quien pide se le adjudique un pedazo de tierra, ubicada junto al Corral de Pedro Cordoba. 20 octubre 1549 Cabildo en el que se leyó la orden del señor Gobernador Don Miguel Diaz de Armendaris, para que se se represente en la Real Audencia el Alcalde Gómez de Cifuentes.",source-tei,segment leco:documentsAct focus,review_jurisdiction_context,Revisar autoridad/institución y contexto documental. Solo añadir jurisdicción si está explícita o si se registra como inferencia contextual con procedencia.,pending,
cab-001-038,Warning,sh:MinCountConstraintComponent,leco:withinJurisdiction,"No se ha identificado una jurisdicción para este acto. Es una laguna de completitud, no un error estructural.",https://w3id.org/leco/data/co-ahrb-cab-001-d0038/event_cab-001-038_cab-001-038_s003_a003,leco:GrantOfPower,poder,https://w3id.org/leco/data/co-ahrb-cab-001-d0038/cab-001-038_s003,cab-001-038_s003,"Don Juan de Montalvo solicita a los señores Justicia y Regimiento un poder para ocupar el cargo de contador mientras dure la ausencia del titular, quien viajó a la ciudad de Velez .",source-tei,segment leco:documentsAct focus,review_jurisdiction_context,Revisar autoridad/institución y contexto documental. Solo añadir jurisdicción si está explícita o si se registra como inferencia contextual con procedencia.,pending,
cab-001-038,Warning,sh:MinCountConstraintComponent,leco:withinJurisdiction,"No se ha identificado una jurisdicción para este acto. Es una laguna de completitud, no un error estructural.",https://w3id.org/leco/data/co-ahrb-cab-001-d0038/event_cab-001-038_cab-001-038_s007_a003,leco:Presentation,presentó,https://w3id.org/leco/data/co-ahrb-cab-001-d0038/cab-001-038_s007,cab-001-038_s007,"El 3 de Noviembre de 1549 el padre Fray Bernardino Minaya de Paz, presentó una petición y un libro de la bula del papa Julio, en la que da fé el obispo de Austria cardenal de San Jorge, en lo referente a la petición, solicitud la orden para la fundación del Monasterio de la ciudad de Tunja .",source-tei,segment leco:documentsAct focus,review_jurisdiction_context,Revisar autoridad/institución y contexto documental. Solo añadir jurisdicción si está explícita o si se registra como inferencia contextual con procedencia.,pending,
cab-001-038,Warning,sh:MinCountConstraintComponent,leco:withinJurisdiction,"No se ha identificado una jurisdicción para este acto. Es una laguna de completitud, no un error estructural.",https://w3id.org/leco/data/co-ahrb-cab-001-d0038/event_cab-001-038_cab-001-038_s005_a002,leco:Obedience,obedecieron,https://w3id.org/leco/data/co-ahrb-cab-001-d0038/cab-001-038_s005,cab-001-038_s005,Los miembros del Cabildo obedecieron y dieron fiel cumplimiento a lo dispuesto por su señoria.,source-tei,segment leco:documentsAct focus,review_jurisdiction_context,Revisar autoridad/institución y contexto documental. Solo añadir jurisdicción si está explícita o si se registra como inferencia contextual con procedencia.,pending,
cab-001-038,Warning,sh:MinCountConstraintComponent,leco:withinJurisdiction,"No se ha identificado una jurisdicción para este acto. Es una laguna de completitud, no un error estructural.",https://w3id.org/leco/data/co-ahrb-cab-001-d0038/event_cab-001-038_cab-001-038_s004_a003,leco:Petition,petición,https://w3id.org/leco/data/co-ahrb-cab-001-d0038/cab-001-038_s004,cab-001-038_s004,"En este Cabildo se leyó una petición de Don Juan de Chinchilla quien pide se le adjudique un pedazo de tierra, ubicada junto al Corral de Pedro Cordoba. 20 octubre 1549 Cabildo en el que se leyó la orden del señor Gobernador Don Miguel Diaz de Armendaris, para que se se represente en la Real Audencia el Alcalde Gómez de Cifuentes.",source-tei,segment leco:documentsAct focus,review_jurisdiction_context,Revisar autoridad/institución y contexto documental. Solo añadir jurisdicción si está explícita o si se registra como inferencia contextual con procedencia.,pending,
cab-001-038,Warning,sh:MinCountConstraintComponent,leco:withinJurisdiction,"No se ha identificado una jurisdicción para este acto. Es una laguna de completitud, no un error estructural.",https://w3id.org/leco/data/co-ahrb-cab-001-d0038/event_cab-001-038_cab-001-038_s006_a006,leco:OrderAct,ordenó,https://w3id.org/leco/data/co-ahrb-cab-001-d0038/cab-001-038_s006,cab-001-038_s006,"Acordaron nombrar por alcalde a Hernando de Rojas, mientras donde el titular fuera de Tunja, razón por la cual se ordenó realizar los preparativos del recibimiento.",source-tei,segment leco:documentsAct focus,review_jurisdiction_context,Revisar autoridad/institución y contexto documental. Solo añadir jurisdicción si está explícita o si se registra como inferencia contextual con procedencia.,pending,
cab-001-038,Warning,sh:OrConstraintComponent,,No se ha identificado ningún participante del acto. Mantener como incompletitud si la fuente no permite establecerlo.,https://w3id.org/leco/data/co-ahrb-cab-001-d0038/event_cab-001-038_cab-001-038_s002_a002,leco:Collection,cobrar,https://w3id.org/leco/data/co-ahrb-cab-001-d0038/cab-001-038_s002,cab-001-038_s002,"Se dijo que habia queponer remedio a las personas que estan hechando a perder los montes de esta jurisdicción, para lo cual se deben cobrar multas. 24 mayo 1549.",source-tei,segment leco:documentsAct focus,human_review,"Revisar el warning junto con su evidencia antes de modificar TEI, mapping u ontología.",pending,
cab-001-038,Warning,sh:MinCountConstraintComponent,leco:withinJurisdiction,"No se ha identificado una jurisdicción para este acto. Es una laguna de completitud, no un error estructural.",https://w3id.org/leco/data/co-ahrb-cab-001-d0038/event_cab-001-038_cab-001-038_s007_a010,leco:Petition,petición,https://w3id.org/leco/data/co-ahrb-cab-001-d0038/cab-001-038_s007,cab-001-038_s007,"El 3 de Noviembre de 1549 el padre Fray Bernardino Minaya de Paz, presentó una petición y un libro de la bula del papa Julio, en la que da fé el obispo de Austria cardenal de San Jorge, en lo referente a la petición, solicitud la orden para la fundación del Monasterio de la ciudad de Tunja .",source-tei,segment leco:documentsAct focus,review_jurisdiction_context,Revisar autoridad/institución y contexto documental. Solo añadir jurisdicción si está explícita o si se registra como inferencia contextual con procedencia.,pending,
cab-001-038,Warning,sh:OrConstraintComponent,,No se ha identificado ningún participante del acto. Mantener como incompletitud si la fuente no permite establecerlo.,https://w3id.org/leco/data/co-ahrb-cab-001-d0038/event_cab-001-038_cab-001-038_s004_a002,leco:ReadingAct,leyó,https://w3id.org/leco/data/co-ahrb-cab-001-d0038/cab-001-038_s004,cab-001-038_s004,"En este Cabildo se leyó una petición de Don Juan de Chinchilla quien pide se le adjudique un pedazo de tierra, ubicada junto al Corral de Pedro Cordoba. 20 octubre 1549 Cabildo en el que se leyó la orden del señor Gobernador Don Miguel Diaz de Armendaris, para que se se represente en la Real Audencia el Alcalde Gómez de Cifuentes.",source-tei,segment leco:documentsAct focus,human_review,"Revisar el warning junto con su evidencia antes de modificar TEI, mapping u ontología.",pending,
cab-001-038,Warning,sh:OrConstraintComponent,,No se ha identificado ningún participante del acto. Mantener como incompletitud si la fuente no permite establecerlo.,https://w3id.org/leco/data/co-ahrb-cab-001-d0038/event_cab-001-038_cab-001-038_s004_a009,leco:ReadingAct,leyó,https://w3id.org/leco/data/co-ahrb-cab-001-d0038/cab-001-038_s004,cab-001-038_s004,"En este Cabildo se leyó una petición de Don Juan de Chinchilla quien pide se le adjudique un pedazo de tierra, ubicada junto al Corral de Pedro Cordoba. 20 octubre 1549 Cabildo en el que se leyó la orden del señor Gobernador Don Miguel Diaz de Armendaris, para que se se represente en la Real Audencia el Alcalde Gómez de Cifuentes.",source-tei,segment leco:documentsAct focus,human_review,"Revisar el warning junto con su evidencia antes de modificar TEI, mapping u ontología.",pending,
cab-001-038,Warning,sh:MinCountConstraintComponent,leco:withinJurisdiction,"No se ha identificado una jurisdicción para este acto. Es una laguna de completitud, no un error estructural.",https://w3id.org/leco/data/co-ahrb-cab-001-d0038/event_cab-001-038_cab-001-038_s004_a005,leco:LandGrant,adjudique,https://w3id.org/leco/data/co-ahrb-cab-001-d0038/cab-001-038_s004,cab-001-038_s004,"En este Cabildo se leyó una petición de Don Juan de Chinchilla quien pide se le adjudique un pedazo de tierra, ubicada junto al Corral de Pedro Cordoba. 20 octubre 1549 Cabildo en el que se leyó la orden del señor Gobernador Don Miguel Diaz de Armendaris, para que se se represente en la Real Audencia el Alcalde Gómez de Cifuentes.",source-tei,segment leco:documentsAct focus,review_jurisdiction_context,Revisar autoridad/institución y contexto documental. Solo añadir jurisdicción si está explícita o si se registra como inferencia contextual con procedencia.,pending,
cab-001-038,Warning,sh:OrConstraintComponent,,No se ha identificado ningún participante del acto. Mantener como incompletitud si la fuente no permite establecerlo.,https://w3id.org/leco/data/co-ahrb-cab-001-d0038/event_cab-001-038_cab-001-038_s002_a003,leco:Fine,multas,https://w3id.org/leco/data/co-ahrb-cab-001-d0038/cab-001-038_s002,cab-001-038_s002,"Se dijo que habia queponer remedio a las personas que estan hechando a perder los montes de esta jurisdicción, para lo cual se deben cobrar multas. 24 mayo 1549.",source-tei,segment leco:documentsAct focus,human_review,"Revisar el warning junto con su evidencia antes de modificar TEI, mapping u ontología.",pending,
cab-001-038,Warning,sh:OrConstraintComponent,,No se ha identificado ningún participante del acto. Mantener como incompletitud si la fuente no permite establecerlo.,https://w3id.org/leco/data/co-ahrb-cab-001-d0038/event_cab-001-038_cab-001-038_s007_a003,leco:Presentation,presentó,https://w3id.org/leco/data/co-ahrb-cab-001-d0038/cab-001-038_s007,cab-001-038_s007,"El 3 de Noviembre de 1549 el padre Fray Bernardino Minaya de Paz, presentó una petición y un libro de la bula del papa Julio, en la que da fé el obispo de Austria cardenal de San Jorge, en lo referente a la petición, solicitud la orden para la fundación del Monasterio de la ciudad de Tunja .",source-tei,segment leco:documentsAct focus,human_review,"Revisar el warning junto con su evidencia antes de modificar TEI, mapping u ontología.",pending,
cab-001-038,Warning,sh:MinCountConstraintComponent,leco:decidedBy,No se ha identificado quién decidió esta decisión jurídica.,https://w3id.org/leco/data/co-ahrb-cab-001-d0038/event_cab-001-038_cab-001-038_s006_a006,leco:OrderAct,ordenó,https://w3id.org/leco/data/co-ahrb-cab-001-d0038/cab-001-038_s006,cab-001-038_s006,"Acordaron nombrar por alcalde a Hernando de Rojas, mientras donde el titular fuera de Tunja, razón por la cual se ordenó realizar los preparativos del recibimiento.",source-tei,segment leco:documentsAct focus,review_deciding_authority,Comprobar quién adopta la decisión en el segmento y su contexto inmediato; no asumir Cabildo automáticamente si el texto no lo permite.,pending,
cab-001-038,Warning,sh:MinCountConstraintComponent,leco:withinJurisdiction,"No se ha identificado una jurisdicción para este acto. Es una laguna de completitud, no un error estructural.",https://w3id.org/leco/data/co-ahrb-cab-001-d0038/event_cab-001-038_cab-001-038_s007_a004,leco:Petition,petición,https://w3id.org/leco/data/co-ahrb-cab-001-d0038/cab-001-038_s007,cab-001-038_s007,"El 3 de Noviembre de 1549 el padre Fray Bernardino Minaya de Paz, presentó una petición y un libro de la bula del papa Julio, en la que da fé el obispo de Austria cardenal de San Jorge, en lo referente a la petición, solicitud la orden para la fundación del Monasterio de la ciudad de Tunja .",source-tei,segment leco:documentsAct focus,review_jurisdiction_context,Revisar autoridad/institución y contexto documental. Solo añadir jurisdicción si está explícita o si se registra como inferencia contextual con procedencia.,pending,
cab-001-038,Warning,sh:MinCountConstraintComponent,leco:decidedBy,No se ha identificado quién decidió esta decisión jurídica.,https://w3id.org/leco/data/co-ahrb-cab-001-d0038/event_cab-001-038_cab-001-038_s002_a003,leco:Fine,multas,https://w3id.org/leco/data/co-ahrb-cab-001-d0038/cab-001-038_s002,cab-001-038_s002,"Se dijo que habia queponer remedio a las personas que estan hechando a perder los montes de esta jurisdicción, para lo cual se deben cobrar multas. 24 mayo 1549.",source-tei,segment leco:documentsAct focus,review_deciding_authority,Comprobar quién adopta la decisión en el segmento y su contexto inmediato; no asumir Cabildo automáticamente si el texto no lo permite.,pending,
cab-001-038,Warning,sh:MinCountConstraintComponent,leco:withinJurisdiction,"No se ha identificado una jurisdicción para este acto. Es una laguna de completitud, no un error estructural.",https://w3id.org/leco/data/co-ahrb-cab-001-d0038/event_cab-001-038_cab-001-038_s002_a002,leco:Collection,cobrar,https://w3id.org/leco/data/co-ahrb-cab-001-d0038/cab-001-038_s002,cab-001-038_s002,"Se dijo que habia queponer remedio a las personas que estan hechando a perder los montes de esta jurisdicción, para lo cual se deben cobrar multas. 24 mayo 1549.",source-tei,segment leco:documentsAct focus,review_jurisdiction_context,Revisar autoridad/institución y contexto documental. Solo añadir jurisdicción si está explícita o si se registra como inferencia contextual con procedencia.,pending,
cab-001-038,Warning,sh:OrConstraintComponent,,No se ha identificado ningún participante del acto. Mantener como incompletitud si la fuente no permite establecerlo.,https://w3id.org/leco/data/co-ahrb-cab-001-d0038/event_cab-001-038_cab-001-038_s007_a010,leco:Petition,petición,https://w3id.org/leco/data/co-ahrb-cab-001-d0038/cab-001-038_s007,cab-001-038_s007,"El 3 de Noviembre de 1549 el padre Fray Bernardino Minaya de Paz, presentó una petición y un libro de la bula del papa Julio, en la que da fé el obispo de Austria cardenal de San Jorge, en lo referente a la petición, solicitud la orden para la fundación del Monasterio de la ciudad de Tunja .",source-tei,segment leco:documentsAct focus,human_review,"Revisar el warning junto con su evidencia antes de modificar TEI, mapping u ontología.",pending,
cab-001-039,Warning,sh:OrConstraintComponent,,No se ha identificado ningún participante del acto. Mantener como incompletitud si la fuente no permite establecerlo.,https://w3id.org/leco/data/co-ahrb-cab-001-d0039/event_cab-001-039_cab-001-039_s005_a006,leco:AdministrativeAct,merced,https://w3id.org/leco/data/co-ahrb-cab-001-d0039/cab-001-039_s005,cab-001-039_s005,En este Cabildo Hernando de Rojas Regidor presentó una petición en la que solicita se la haga merced de un Hegido en términos de la ciudad con el fin de hacer un molino de aguas frontero de un tejar los capituladores aprobaron la petición.,source-tei,segment leco:documentsAct focus,human_review,"Revisar el warning junto con su evidencia antes de modificar TEI, mapping u ontología.",pending,
cab-001-039,Warning,sh:OrConstraintComponent,,No se ha identificado ningún participante del acto. Mantener como incompletitud si la fuente no permite establecerlo.,https://w3id.org/leco/data/co-ahrb-cab-001-d0039/event_cab-001-039_cab-001-039_s003_a004,leco:Presentation,presentó,https://w3id.org/leco/data/co-ahrb-cab-001-d0039/cab-001-039_s003,cab-001-039_s003,"Después, a los 10 dias del mes de noviembre del mismo año, ante el noble señor Alonso de Cabrera Alcalde Ordinario de Tunja se presentó Fray Bernardino quien mostró la provisión para la construcción del Monasterio del señor San Salvador, firmaron por testigos y dieran fe: Cap Gonzalo Suárez, el capitan Baltazar Maldonado, Hernando de Rojas y Pedro Rodriguez.",source-tei,segment leco:documentsAct focus,human_review,"Revisar el warning junto con su evidencia antes de modificar TEI, mapping u ontología.",pending,
cab-001-039,Warning,sh:MinCountConstraintComponent,leco:withinJurisdiction,"No se ha identificado una jurisdicción para este acto. Es una laguna de completitud, no un error estructural.",https://w3id.org/leco/data/co-ahrb-cab-001-d0039/event_cab-001-039_cab-001-039_s005_a008,leco:Petition,petición,https://w3id.org/leco/data/co-ahrb-cab-001-d0039/cab-001-039_s005,cab-001-039_s005,En este Cabildo Hernando de Rojas Regidor presentó una petición en la que solicita se la haga merced de un Hegido en términos de la ciudad con el fin de hacer un molino de aguas frontero de un tejar los capituladores aprobaron la petición.,source-tei,segment leco:documentsAct focus,review_jurisdiction_context,Revisar autoridad/institución y contexto documental. Solo añadir jurisdicción si está explícita o si se registra como inferencia contextual con procedencia.,pending,
cab-001-039,Warning,sh:MinCountConstraintComponent,leco:withinJurisdiction,"No se ha identificado una jurisdicción para este acto. Es una laguna de completitud, no un error estructural.",https://w3id.org/leco/data/co-ahrb-cab-001-d0039/event_cab-001-039_cab-001-039_s005_a006,leco:AdministrativeAct,merced,https://w3id.org/leco/data/co-ahrb-cab-001-d0039/cab-001-039_s005,cab-001-039_s005,En este Cabildo Hernando de Rojas Regidor presentó una petición en la que solicita se la haga merced de un Hegido en términos de la ciudad con el fin de hacer un molino de aguas frontero de un tejar los capituladores aprobaron la petición.,source-tei,segment leco:documentsAct focus,review_jurisdiction_context,Revisar autoridad/institución y contexto documental. Solo añadir jurisdicción si está explícita o si se registra como inferencia contextual con procedencia.,pending,
cab-001-039,Warning,sh:MinCountConstraintComponent,leco:withinJurisdiction,"No se ha identificado una jurisdicción para este acto. Es una laguna de completitud, no un error estructural.",https://w3id.org/leco/data/co-ahrb-cab-001-d0039/event_cab-001-039_cab-001-039_s005_a005,leco:Petition,petición,https://w3id.org/leco/data/co-ahrb-cab-001-d0039/cab-001-039_s005,cab-001-039_s005,En este Cabildo Hernando de Rojas Regidor presentó una petición en la que solicita se la haga merced de un Hegido en términos de la ciudad con el fin de hacer un molino de aguas frontero de un tejar los capituladores aprobaron la petición.,source-tei,segment leco:documentsAct focus,review_jurisdiction_context,Revisar autoridad/institución y contexto documental. Solo añadir jurisdicción si está explícita o si se registra como inferencia contextual con procedencia.,pending,
cab-001-039,Warning,sh:OrConstraintComponent,,No se ha identificado ningún participante del acto. Mantener como incompletitud si la fuente no permite establecerlo.,https://w3id.org/leco/data/co-ahrb-cab-001-d0039/event_cab-001-039_cab-001-039_s005_a004,leco:Presentation,presentó,https://w3id.org/leco/data/co-ahrb-cab-001-d0039/cab-001-039_s005,cab-001-039_s005,En este Cabildo Hernando de Rojas Regidor presentó una petición en la que solicita se la haga merced de un Hegido en términos de la ciudad con el fin de hacer un molino de aguas frontero de un tejar los capituladores aprobaron la petición.,source-tei,segment leco:documentsAct focus,human_review,"Revisar el warning junto con su evidencia antes de modificar TEI, mapping u ontología.",pending,
cab-001-039,Warning,sh:MinCountConstraintComponent,leco:withinJurisdiction,"No se ha identificado una jurisdicción para este acto. Es una laguna de completitud, no un error estructural.",https://w3id.org/leco/data/co-ahrb-cab-001-d0039/event_cab-001-039_cab-001-039_s002_a002,leco:Notification,notificó,https://w3id.org/leco/data/co-ahrb-cab-001-d0039/cab-001-039_s002,cab-001-039_s002,"Don Diego de Robles notificó la orden al Padre Fray Diego Mynaya, en la se autoriza la construción de Monasterio.",source-tei,segment leco:documentsAct focus,review_jurisdiction_context,Revisar autoridad/institución y contexto documental. Solo añadir jurisdicción si está explícita o si se registra como inferencia contextual con procedencia.,pending,
cab-001-039,Warning,sh:MinCountConstraintComponent,leco:decidedBy,No se ha identificado quién decidió esta decisión jurídica.,https://w3id.org/leco/data/co-ahrb-cab-001-d0039/event_cab-001-039_cab-001-039_s005_a007,leco:Approval,aprobaron,https://w3id.org/leco/data/co-ahrb-cab-001-d0039/cab-001-039_s005,cab-001-039_s005,En este Cabildo Hernando de Rojas Regidor presentó una petición en la que solicita se la haga merced de un Hegido en términos de la ciudad con el fin de hacer un molino de aguas frontero de un tejar los capituladores aprobaron la petición.,source-tei,segment leco:documentsAct focus,review_deciding_authority,Comprobar quién adopta la decisión en el segmento y su contexto inmediato; no asumir Cabildo automáticamente si el texto no lo permite.,pending,
cab-001-039,Warning,sh:MinCountConstraintComponent,leco:withinJurisdiction,"No se ha identificado una jurisdicción para este acto. Es una laguna de completitud, no un error estructural.",https://w3id.org/leco/data/co-ahrb-cab-001-d0039/event_cab-001-039_cab-001-039_s005_a007,leco:Approval,aprobaron,https://w3id.org/leco/data/co-ahrb-cab-001-d0039/cab-001-039_s005,cab-001-039_s005,En este Cabildo Hernando de Rojas Regidor presentó una petición en la que solicita se la haga merced de un Hegido en términos de la ciudad con el fin de hacer un molino de aguas frontero de un tejar los capituladores aprobaron la petición.,source-tei,segment leco:documentsAct focus,review_jurisdiction_context,Revisar autoridad/institución y contexto documental. Solo añadir jurisdicción si está explícita o si se registra como inferencia contextual con procedencia.,pending,
cab-001-039,Warning,sh:OrConstraintComponent,,No se ha identificado ningún participante del acto. Mantener como incompletitud si la fuente no permite establecerlo.,https://w3id.org/leco/data/co-ahrb-cab-001-d0039/event_cab-001-039_cab-001-039_s005_a007,leco:Approval,aprobaron,https://w3id.org/leco/data/co-ahrb-cab-001-d0039/cab-001-039_s005,cab-001-039_s005,En este Cabildo Hernando de Rojas Regidor presentó una petición en la que solicita se la haga merced de un Hegido en términos de la ciudad con el fin de hacer un molino de aguas frontero de un tejar los capituladores aprobaron la petición.,source-tei,segment leco:documentsAct focus,human_review,"Revisar el warning junto con su evidencia antes de modificar TEI, mapping u ontología.",pending,
cab-001-039,Warning,sh:OrConstraintComponent,,No se ha identificado ningún participante del acto. Mantener como incompletitud si la fuente no permite establecerlo.,https://w3id.org/leco/data/co-ahrb-cab-001-d0039/event_cab-001-039_cab-001-039_s002_a002,leco:Notification,notificó,https://w3id.org/leco/data/co-ahrb-cab-001-d0039/cab-001-039_s002,cab-001-039_s002,"Don Diego de Robles notificó la orden al Padre Fray Diego Mynaya, en la se autoriza la construción de Monasterio.",source-tei,segment leco:documentsAct focus,human_review,"Revisar el warning junto con su evidencia antes de modificar TEI, mapping u ontología.",pending,
cab-001-039,Warning,sh:MinCountConstraintComponent,leco:withinJurisdiction,"No se ha identificado una jurisdicción para este acto. Es una laguna de completitud, no un error estructural.",https://w3id.org/leco/data/co-ahrb-cab-001-d0039/event_cab-001-039_cab-001-039_s005_a004,leco:Presentation,presentó,https://w3id.org/leco/data/co-ahrb-cab-001-d0039/cab-001-039_s005,cab-001-039_s005,En este Cabildo Hernando de Rojas Regidor presentó una petición en la que solicita se la haga merced de un Hegido en términos de la ciudad con el fin de hacer un molino de aguas frontero de un tejar los capituladores aprobaron la petición.,source-tei,segment leco:documentsAct focus,review_jurisdiction_context,Revisar autoridad/institución y contexto documental. Solo añadir jurisdicción si está explícita o si se registra como inferencia contextual con procedencia.,pending,
cab-001-039,Warning,sh:OrConstraintComponent,,No se ha identificado ningún participante del acto. Mantener como incompletitud si la fuente no permite establecerlo.,https://w3id.org/leco/data/co-ahrb-cab-001-d0039/event_cab-001-039_cab-001-039_s005_a008,leco:Petition,petición,https://w3id.org/leco/data/co-ahrb-cab-001-d0039/cab-001-039_s005,cab-001-039_s005,En este Cabildo Hernando de Rojas Regidor presentó una petición en la que solicita se la haga merced de un Hegido en términos de la ciudad con el fin de hacer un molino de aguas frontero de un tejar los capituladores aprobaron la petición.,source-tei,segment leco:documentsAct focus,human_review,"Revisar el warning junto con su evidencia antes de modificar TEI, mapping u ontología.",pending,
cab-001-039,Warning,sh:MinCountConstraintComponent,leco:withinJurisdiction,"No se ha identificado una jurisdicción para este acto. Es una laguna de completitud, no un error estructural.",https://w3id.org/leco/data/co-ahrb-cab-001-d0039/event_cab-001-039_cab-001-039_s003_a004,leco:Presentation,presentó,https://w3id.org/leco/data/co-ahrb-cab-001-d0039/cab-001-039_s003,cab-001-039_s003,"Después, a los 10 dias del mes de noviembre del mismo año, ante el noble señor Alonso de Cabrera Alcalde Ordinario de Tunja se presentó Fray Bernardino quien mostró la provisión para la construcción del Monasterio del señor San Salvador, firmaron por testigos y dieran fe: Cap Gonzalo Suárez, el capitan Baltazar Maldonado, Hernando de Rojas y Pedro Rodriguez.",source-tei,segment leco:documentsAct focus,review_jurisdiction_context,Revisar autoridad/institución y contexto documental. Solo añadir jurisdicción si está explícita o si se registra como inferencia contextual con procedencia.,pending,
cab-001-039,Warning,sh:MinCountConstraintComponent,leco:withinJurisdiction,"No se ha identificado una jurisdicción para este acto. Es una laguna de completitud, no un error estructural.",https://w3id.org/leco/data/co-ahrb-cab-001-d0039/event_cab-001-039_cab-001-039_s006_a001,leco:Petition,petición,https://w3id.org/leco/data/co-ahrb-cab-001-d0039/cab-001-039_s006,cab-001-039_s006,"En dicha reunión se vió otra petición, presentaba por Sebastian Martin vecino de Tunja, quien pide se le dé un solar cerca al arroyo de la ciudad.",source-tei,segment leco:documentsAct focus,review_jurisdiction_context,Revisar autoridad/institución y contexto documental. Solo añadir jurisdicción si está explícita o si se registra como inferencia contextual con procedencia.,pending,
cab-001-040,Warning,sh:MinCountConstraintComponent,leco:withinJurisdiction,"No se ha identificado una jurisdicción para este acto. Es una laguna de completitud, no un error estructural.",https://w3id.org/leco/data/co-ahrb-cab-001-d0040/event_cab-001-040_cab-001-040_s003_a005,leco:GrantOfPower,poder,https://w3id.org/leco/data/co-ahrb-cab-001-d0040/cab-001-040_s003,cab-001-040_s003,"Los señores Justicia y Regimiento en nombre del Cabildo de la ciudad de Tunja y sus vecinos dan todo su poder cumplido a Miguel de Trujillo vecino y corregidor de esta ciudad, se ordenó pregonar la decisión en la plaza principal en prueba de testimonio dieron fé y firmaron: Cabrera , Cifuentes, Suárez, Orozco , Rojas, Beteita, Trujillo , Aguirre.",source-tei,segment leco:documentsAct focus,review_jurisdiction_context,Revisar autoridad/institución y contexto documental. Solo añadir jurisdicción si está explícita o si se registra como inferencia contextual con procedencia.,pending,
cab-001-040,Warning,sh:MinCountConstraintComponent,leco:withinJurisdiction,"No se ha identificado una jurisdicción para este acto. Es una laguna de completitud, no un error estructural.",https://w3id.org/leco/data/co-ahrb-cab-001-d0040/event_cab-001-040_cab-001-040_s003_a008,leco:OrderAct,ordenó,https://w3id.org/leco/data/co-ahrb-cab-001-d0040/cab-001-040_s003,cab-001-040_s003,"Los señores Justicia y Regimiento en nombre del Cabildo de la ciudad de Tunja y sus vecinos dan todo su poder cumplido a Miguel de Trujillo vecino y corregidor de esta ciudad, se ordenó pregonar la decisión en la plaza principal en prueba de testimonio dieron fé y firmaron: Cabrera , Cifuentes, Suárez, Orozco , Rojas, Beteita, Trujillo , Aguirre.",source-tei,segment leco:documentsAct focus,review_jurisdiction_context,Revisar autoridad/institución y contexto documental. Solo añadir jurisdicción si está explícita o si se registra como inferencia contextual con procedencia.,pending,
cab-001-040,Warning,sh:OrConstraintComponent,,No se ha identificado ningún participante del acto. Mantener como incompletitud si la fuente no permite establecerlo.,https://w3id.org/leco/data/co-ahrb-cab-001-d0040/event_cab-001-040_cab-001-040_s003_a009,leco:Proclamation,pregonar,https://w3id.org/leco/data/co-ahrb-cab-001-d0040/cab-001-040_s003,cab-001-040_s003,"Los señores Justicia y Regimiento en nombre del Cabildo de la ciudad de Tunja y sus vecinos dan todo su poder cumplido a Miguel de Trujillo vecino y corregidor de esta ciudad, se ordenó pregonar la decisión en la plaza principal en prueba de testimonio dieron fé y firmaron: Cabrera , Cifuentes, Suárez, Orozco , Rojas, Beteita, Trujillo , Aguirre.",source-tei,segment leco:documentsAct focus,human_review,"Revisar el warning junto con su evidencia antes de modificar TEI, mapping u ontología.",pending,
cab-001-040,Warning,sh:OrConstraintComponent,,No se ha identificado ningún participante del acto. Mantener como incompletitud si la fuente no permite establecerlo.,https://w3id.org/leco/data/co-ahrb-cab-001-d0040/event_cab-001-040_cab-001-040_s003_a005,leco:GrantOfPower,poder,https://w3id.org/leco/data/co-ahrb-cab-001-d0040/cab-001-040_s003,cab-001-040_s003,"Los señores Justicia y Regimiento en nombre del Cabildo de la ciudad de Tunja y sus vecinos dan todo su poder cumplido a Miguel de Trujillo vecino y corregidor de esta ciudad, se ordenó pregonar la decisión en la plaza principal en prueba de testimonio dieron fé y firmaron: Cabrera , Cifuentes, Suárez, Orozco , Rojas, Beteita, Trujillo , Aguirre.",source-tei,segment leco:documentsAct focus,human_review,"Revisar el warning junto con su evidencia antes de modificar TEI, mapping u ontología.",pending,
cab-001-040,Warning,sh:OrConstraintComponent,,No se ha identificado ningún participante del acto. Mantener como incompletitud si la fuente no permite establecerlo.,https://w3id.org/leco/data/co-ahrb-cab-001-d0040/event_cab-001-040_cab-001-040_s003_a008,leco:OrderAct,ordenó,https://w3id.org/leco/data/co-ahrb-cab-001-d0040/cab-001-040_s003,cab-001-040_s003,"Los señores Justicia y Regimiento en nombre del Cabildo de la ciudad de Tunja y sus vecinos dan todo su poder cumplido a Miguel de Trujillo vecino y corregidor de esta ciudad, se ordenó pregonar la decisión en la plaza principal en prueba de testimonio dieron fé y firmaron: Cabrera , Cifuentes, Suárez, Orozco , Rojas, Beteita, Trujillo , Aguirre.",source-tei,segment leco:documentsAct focus,human_review,"Revisar el warning junto con su evidencia antes de modificar TEI, mapping u ontología.",pending,
cab-001-040,Warning,sh:MinCountConstraintComponent,leco:createsRepresentation,El otorgamiento de poder no está enlazado todavía con una relación de representación.,https://w3id.org/leco/data/co-ahrb-cab-001-d0040/event_cab-001-040_cab-001-040_s003_a005,leco:GrantOfPower,poder,https://w3id.org/leco/data/co-ahrb-cab-001-d0040/cab-001-040_s003,cab-001-040_s003,"Los señores Justicia y Regimiento en nombre del Cabildo de la ciudad de Tunja y sus vecinos dan todo su poder cumplido a Miguel de Trujillo vecino y corregidor de esta ciudad, se ordenó pregonar la decisión en la plaza principal en prueba de testimonio dieron fé y firmaron: Cabrera , Cifuentes, Suárez, Orozco , Rojas, Beteita, Trujillo , Aguirre.",source-tei,segment leco:documentsAct focus,review_representation_relation,"Revisar el poder: principal, representante y relación creada. No convertir la mera palabra 'poder' en representación completa sin evidencia.",pending,
cab-001-040,Warning,sh:MinCountConstraintComponent,leco:decidedBy,No se ha identificado quién decidió esta decisión jurídica.,https://w3id.org/leco/data/co-ahrb-cab-001-d0040/event_cab-001-040_cab-001-040_s003_a008,leco:OrderAct,ordenó,https://w3id.org/leco/data/co-ahrb-cab-001-d0040/cab-001-040_s003,cab-001-040_s003,"Los señores Justicia y Regimiento en nombre del Cabildo de la ciudad de Tunja y sus vecinos dan todo su poder cumplido a Miguel de Trujillo vecino y corregidor de esta ciudad, se ordenó pregonar la decisión en la plaza principal en prueba de testimonio dieron fé y firmaron: Cabrera , Cifuentes, Suárez, Orozco , Rojas, Beteita, Trujillo , Aguirre.",source-tei,segment leco:documentsAct focus,review_deciding_authority,Comprobar quién adopta la decisión en el segmento y su contexto inmediato; no asumir Cabildo automáticamente si el texto no lo permite.,pending,
cab-001-040,Warning,sh:MinCountConstraintComponent,leco:withinJurisdiction,"No se ha identificado una jurisdicción para este acto. Es una laguna de completitud, no un error estructural.",https://w3id.org/leco/data/co-ahrb-cab-001-d0040/event_cab-001-040_cab-001-040_s003_a009,leco:Proclamation,pregonar,https://w3id.org/leco/data/co-ahrb-cab-001-d0040/cab-001-040_s003,cab-001-040_s003,"Los señores Justicia y Regimiento en nombre del Cabildo de la ciudad de Tunja y sus vecinos dan todo su poder cumplido a Miguel de Trujillo vecino y corregidor de esta ciudad, se ordenó pregonar la decisión en la plaza principal en prueba de testimonio dieron fé y firmaron: Cabrera , Cifuentes, Suárez, Orozco , Rojas, Beteita, Trujillo , Aguirre.",source-tei,segment leco:documentsAct focus,review_jurisdiction_context,Revisar autoridad/institución y contexto documental. Solo añadir jurisdicción si está explícita o si se registra como inferencia contextual con procedencia.,pending,
cab-001-042,Warning,sh:OrConstraintComponent,,No se ha identificado ningún participante del acto. Mantener como incompletitud si la fuente no permite establecerlo.,https://w3id.org/leco/data/co-ahrb-cab-001-d0042/event_cab-001-042_cab-001-042_s008_a002,leco:Petition,petición,https://w3id.org/leco/data/co-ahrb-cab-001-d0042/cab-001-042_s008,cab-001-042_s008,Se leyó otra petición de Juan R.,source-tei,segment leco:documentsAct focus,human_review,"Revisar el warning junto con su evidencia antes de modificar TEI, mapping u ontología.",pending,
cab-001-042,Warning,sh:MinCountConstraintComponent,leco:withinJurisdiction,"No se ha identificado una jurisdicción para este acto. Es una laguna de completitud, no un error estructural.",https://w3id.org/leco/data/co-ahrb-cab-001-d0042/event_cab-001-042_cab-001-042_s001_a006,leco:Presentation,presentó,https://w3id.org/leco/data/co-ahrb-cab-001-d0042/cab-001-042_s001,cab-001-042_s001,"En Tunja, el 21 de diciembre 1549 se llevó a cabo otra reeunión de su Cabildo, donde el capitan Martin Rojas presentó una carta de la costa de Cartagena, en la que advierte la visita de los oidores de la Real Audiencia, quien viene viajando, pasando por Velez y Tunja, por tal motivo hay lanecesidad de reparar los malos caminos y puentes; evitandoles asi algún accidente ó peligro.",source-tei,segment leco:documentsAct focus,review_jurisdiction_context,Revisar autoridad/institución y contexto documental. Solo añadir jurisdicción si está explícita o si se registra como inferencia contextual con procedencia.,pending,
cab-001-042,Warning,sh:MinCountConstraintComponent,leco:withinJurisdiction,"No se ha identificado una jurisdicción para este acto. Es una laguna de completitud, no un error estructural.",https://w3id.org/leco/data/co-ahrb-cab-001-d0042/event_cab-001-042_cab-001-042_s008_a002,leco:Petition,petición,https://w3id.org/leco/data/co-ahrb-cab-001-d0042/cab-001-042_s008,cab-001-042_s008,Se leyó otra petición de Juan R.,source-tei,segment leco:documentsAct focus,review_jurisdiction_context,Revisar autoridad/institución y contexto documental. Solo añadir jurisdicción si está explícita o si se registra como inferencia contextual con procedencia.,pending,
cab-001-042,Warning,sh:MinCountConstraintComponent,leco:withinJurisdiction,"No se ha identificado una jurisdicción para este acto. Es una laguna de completitud, no un error estructural.",https://w3id.org/leco/data/co-ahrb-cab-001-d0042/event_cab-001-042_cab-001-042_s007_a003,leco:Petition,petición,https://w3id.org/leco/data/co-ahrb-cab-001-d0042/cab-001-042_s007,cab-001-042_s007,En este Cabildo se presentó una petición de Don Vicente de Ruesga solicita se le conceda una vencidad en esta ciudad los miembros del Cabildo acordaron asignarle un solar de tierra.,source-tei,segment leco:documentsAct focus,review_jurisdiction_context,Revisar autoridad/institución y contexto documental. Solo añadir jurisdicción si está explícita o si se registra como inferencia contextual con procedencia.,pending,
cab-001-042,Warning,sh:OrConstraintComponent,,No se ha identificado ningún participante del acto. Mantener como incompletitud si la fuente no permite establecerlo.,https://w3id.org/leco/data/co-ahrb-cab-001-d0042/event_cab-001-042_cab-001-042_s001_a006,leco:Presentation,presentó,https://w3id.org/leco/data/co-ahrb-cab-001-d0042/cab-001-042_s001,cab-001-042_s001,"En Tunja, el 21 de diciembre 1549 se llevó a cabo otra reeunión de su Cabildo, donde el capitan Martin Rojas presentó una carta de la costa de Cartagena, en la que advierte la visita de los oidores de la Real Audiencia, quien viene viajando, pasando por Velez y Tunja, por tal motivo hay lanecesidad de reparar los malos caminos y puentes; evitandoles asi algún accidente ó peligro.",source-tei,segment leco:documentsAct focus,human_review,"Revisar el warning junto con su evidencia antes de modificar TEI, mapping u ontología.",pending,
cab-001-042,Warning,sh:MinCountConstraintComponent,leco:withinJurisdiction,"No se ha identificado una jurisdicción para este acto. Es una laguna de completitud, no un error estructural.",https://w3id.org/leco/data/co-ahrb-cab-001-d0042/event_cab-001-042_cab-001-042_s003_a001,leco:Sanction,pena,https://w3id.org/leco/data/co-ahrb-cab-001-d0042/cab-001-042_s003,cab-001-042_s003,"Los pasos y fuentes; so pena de $1000 pesos del buen oro, al incumplimiento de la orden dada.",source-tei,segment leco:documentsAct focus,review_jurisdiction_context,Revisar autoridad/institución y contexto documental. Solo añadir jurisdicción si está explícita o si se registra como inferencia contextual con procedencia.,pending,
cab-001-042,Warning,sh:MinCountConstraintComponent,leco:decidedBy,No se ha identificado quién decidió esta decisión jurídica.,https://w3id.org/leco/data/co-ahrb-cab-001-d0042/event_cab-001-042_cab-001-042_s002_a001,leco:Approval,aprobó,https://w3id.org/leco/data/co-ahrb-cab-001-d0042/cab-001-042_s002,cab-001-042_s002,"Se aprobó enviar ocho soldados y algunos peones con el capitan Martin Galeano, quien debe llevar azadones y hachas, para reparar el camino.",source-tei,segment leco:documentsAct focus,review_deciding_authority,Comprobar quién adopta la decisión en el segmento y su contexto inmediato; no asumir Cabildo automáticamente si el texto no lo permite.,pending,
cab-001-042,Warning,sh:MinCountConstraintComponent,leco:withinJurisdiction,"No se ha identificado una jurisdicción para este acto. Es una laguna de completitud, no un error estructural.",https://w3id.org/leco/data/co-ahrb-cab-001-d0042/event_cab-001-042_cab-001-042_s007_a002,leco:Presentation,presentó,https://w3id.org/leco/data/co-ahrb-cab-001-d0042/cab-001-042_s007,cab-001-042_s007,En este Cabildo se presentó una petición de Don Vicente de Ruesga solicita se le conceda una vencidad en esta ciudad los miembros del Cabildo acordaron asignarle un solar de tierra.,source-tei,segment leco:documentsAct focus,review_jurisdiction_context,Revisar autoridad/institución y contexto documental. Solo añadir jurisdicción si está explícita o si se registra como inferencia contextual con procedencia.,pending,
cab-001-042,Warning,sh:MinCountConstraintComponent,leco:withinJurisdiction,"No se ha identificado una jurisdicción para este acto. Es una laguna de completitud, no un error estructural.",https://w3id.org/leco/data/co-ahrb-cab-001-d0042/event_cab-001-042_cab-001-042_s002_a001,leco:Approval,aprobó,https://w3id.org/leco/data/co-ahrb-cab-001-d0042/cab-001-042_s002,cab-001-042_s002,"Se aprobó enviar ocho soldados y algunos peones con el capitan Martin Galeano, quien debe llevar azadones y hachas, para reparar el camino.",source-tei,segment leco:documentsAct focus,review_jurisdiction_context,Revisar autoridad/institución y contexto documental. Solo añadir jurisdicción si está explícita o si se registra como inferencia contextual con procedencia.,pending,
cab-001-042,Warning,sh:OrConstraintComponent,,No se ha identificado ningún participante del acto. Mantener como incompletitud si la fuente no permite establecerlo.,https://w3id.org/leco/data/co-ahrb-cab-001-d0042/event_cab-001-042_cab-001-042_s007_a002,leco:Presentation,presentó,https://w3id.org/leco/data/co-ahrb-cab-001-d0042/cab-001-042_s007,cab-001-042_s007,En este Cabildo se presentó una petición de Don Vicente de Ruesga solicita se le conceda una vencidad en esta ciudad los miembros del Cabildo acordaron asignarle un solar de tierra.,source-tei,segment leco:documentsAct focus,human_review,"Revisar el warning junto con su evidencia antes de modificar TEI, mapping u ontología.",pending,
cab-001-042,Warning,sh:OrConstraintComponent,,No se ha identificado ningún participante del acto. Mantener como incompletitud si la fuente no permite establecerlo.,https://w3id.org/leco/data/co-ahrb-cab-001-d0042/event_cab-001-042_cab-001-042_s003_a001,leco:Sanction,pena,https://w3id.org/leco/data/co-ahrb-cab-001-d0042/cab-001-042_s003,cab-001-042_s003,"Los pasos y fuentes; so pena de $1000 pesos del buen oro, al incumplimiento de la orden dada.",source-tei,segment leco:documentsAct focus,human_review,"Revisar el warning junto con su evidencia antes de modificar TEI, mapping u ontología.",pending,
cab-001-042,Warning,sh:OrConstraintComponent,,No se ha identificado ningún participante del acto. Mantener como incompletitud si la fuente no permite establecerlo.,https://w3id.org/leco/data/co-ahrb-cab-001-d0042/event_cab-001-042_cab-001-042_s008_a001,leco:ReadingAct,leyó,https://w3id.org/leco/data/co-ahrb-cab-001-d0042/cab-001-042_s008,cab-001-042_s008,Se leyó otra petición de Juan R.,source-tei,segment leco:documentsAct focus,human_review,"Revisar el warning junto con su evidencia antes de modificar TEI, mapping u ontología.",pending,
cab-001-042,Warning,sh:OrConstraintComponent,,No se ha identificado ningún participante del acto. Mantener como incompletitud si la fuente no permite establecerlo.,https://w3id.org/leco/data/co-ahrb-cab-001-d0042/event_cab-001-042_cab-001-042_s002_a001,leco:Approval,aprobó,https://w3id.org/leco/data/co-ahrb-cab-001-d0042/cab-001-042_s002,cab-001-042_s002,"Se aprobó enviar ocho soldados y algunos peones con el capitan Martin Galeano, quien debe llevar azadones y hachas, para reparar el camino.",source-tei,segment leco:documentsAct focus,human_review,"Revisar el warning junto con su evidencia antes de modificar TEI, mapping u ontología.",pending,
cab-001-042,Warning,sh:MinCountConstraintComponent,leco:decidedBy,No se ha identificado quién decidió esta decisión jurídica.,https://w3id.org/leco/data/co-ahrb-cab-001-d0042/event_cab-001-042_cab-001-042_s003_a001,leco:Sanction,pena,https://w3id.org/leco/data/co-ahrb-cab-001-d0042/cab-001-042_s003,cab-001-042_s003,"Los pasos y fuentes; so pena de $1000 pesos del buen oro, al incumplimiento de la orden dada.",source-tei,segment leco:documentsAct focus,review_deciding_authority,Comprobar quién adopta la decisión en el segmento y su contexto inmediato; no asumir Cabildo automáticamente si el texto no lo permite.,pending,
cab-001-042,Warning,sh:MinCountConstraintComponent,leco:withinJurisdiction,"No se ha identificado una jurisdicción para este acto. Es una laguna de completitud, no un error estructural.",https://w3id.org/leco/data/co-ahrb-cab-001-d0042/event_cab-001-042_cab-001-042_s008_a001,leco:ReadingAct,leyó,https://w3id.org/leco/data/co-ahrb-cab-001-d0042/cab-001-042_s008,cab-001-042_s008,Se leyó otra petición de Juan R.,source-tei,segment leco:documentsAct focus,review_jurisdiction_context,Revisar autoridad/institución y contexto documental. Solo añadir jurisdicción si está explícita o si se registra como inferencia contextual con procedencia.,pending,
cab-001-042,Warning,sh:MinCountConstraintComponent,leco:sanctions,No se ha identificado el actor sancionado.,https://w3id.org/leco/data/co-ahrb-cab-001-d0042/event_cab-001-042_cab-001-042_s003_a001,leco:Sanction,pena,https://w3id.org/leco/data/co-ahrb-cab-001-d0042/cab-001-042_s003,cab-001-042_s003,"Los pasos y fuentes; so pena de $1000 pesos del buen oro, al incumplimiento de la orden dada.",source-tei,segment leco:documentsAct focus,review_sanction_target,Identificar el destinatario de la sanción si está textual o inequívocamente contextualizado; conservar el warning si no puede determinarse.,pending,
cab-001-046,Warning,sh:MinCountConstraintComponent,leco:withinJurisdiction,"No se ha identificado una jurisdicción para este acto. Es una laguna de completitud, no un error estructural.",https://w3id.org/leco/data/co-ahrb-cab-001-d0046/event_cab-001-046_cab-001-046_s002_a003,leco:Proclamation,pregón,https://w3id.org/leco/data/co-ahrb-cab-001-d0046/cab-001-046_s002,cab-001-046_s002,"8 de marzo 1550, se ordenó dar al pregón el valor de los aranceles que debian pagar los carpinteros.",source-tei,segment leco:documentsAct focus,review_jurisdiction_context,Revisar autoridad/institución y contexto documental. Solo añadir jurisdicción si está explícita o si se registra como inferencia contextual con procedencia.,pending,
cab-001-046,Warning,sh:MinCountConstraintComponent,leco:conceptUseJurisdiction,El uso del concepto histórico no tiene todavía contexto jurisdiccional identificado.,https://w3id.org/leco/data/co-ahrb-cab-001-d0046/concept_use_cab-001-046_cab-001-046_s013_a002,leco:HistoricalConceptUse,República,https://w3id.org/leco/data/co-ahrb-cab-001-d0046/cab-001-046_s013,cab-001-046_s013,Los señores Justicia y Regimiento dijeron se provea lo que mas conviene a la ciudad y la República.,source-tei,focus leco:attestedIn,review_concept_jurisdiction,Revisar si el uso conceptual puede contextualizarse jurisdiccionalmente; mantener warning cuando el alcance no sea seguro.,pending,
cab-001-046,Warning,sh:OrConstraintComponent,,No se ha identificado ningún participante del acto. Mantener como incompletitud si la fuente no permite establecerlo.,https://w3id.org/leco/data/co-ahrb-cab-001-d0046/event_cab-001-046_cab-001-046_s002_a002,leco:OrderAct,ordenó,https://w3id.org/leco/data/co-ahrb-cab-001-d0046/cab-001-046_s002,cab-001-046_s002,"8 de marzo 1550, se ordenó dar al pregón el valor de los aranceles que debian pagar los carpinteros.",source-tei,segment leco:documentsAct focus,human_review,"Revisar el warning junto con su evidencia antes de modificar TEI, mapping u ontología.",pending,
cab-001-046,Warning,sh:MinCountConstraintComponent,leco:decidedBy,No se ha identificado quién decidió esta decisión jurídica.,https://w3id.org/leco/data/co-ahrb-cab-001-d0046/event_cab-001-046_cab-001-046_s001_a005,leco:OrderAct,ordenó,https://w3id.org/leco/data/co-ahrb-cab-001-d0046/cab-001-046_s001,cab-001-046_s001,"En el Cabildo del 7 de Marzo de 1550 se trató lo relacionado al pago de aranceles por parte de los carpinteros, el Gobernador Miguel Diaz de Armendaris ordenó se cobrara dichos aranceles de acuerdo a lo establecido.",source-tei,segment leco:documentsAct focus,review_deciding_authority,Comprobar quién adopta la decisión en el segmento y su contexto inmediato; no asumir Cabildo automáticamente si el texto no lo permite.,pending,
cab-001-046,Warning,sh:MinCountConstraintComponent,leco:withinJurisdiction,"No se ha identificado una jurisdicción para este acto. Es una laguna de completitud, no un error estructural.",https://w3id.org/leco/data/co-ahrb-cab-001-d0046/event_cab-001-046_cab-001-046_s001_a005,leco:OrderAct,ordenó,https://w3id.org/leco/data/co-ahrb-cab-001-d0046/cab-001-046_s001,cab-001-046_s001,"En el Cabildo del 7 de Marzo de 1550 se trató lo relacionado al pago de aranceles por parte de los carpinteros, el Gobernador Miguel Diaz de Armendaris ordenó se cobrara dichos aranceles de acuerdo a lo establecido.",source-tei,segment leco:documentsAct focus,review_jurisdiction_context,Revisar autoridad/institución y contexto documental. Solo añadir jurisdicción si está explícita o si se registra como inferencia contextual con procedencia.,pending,
cab-001-046,Warning,sh:MinCountConstraintComponent,leco:withinJurisdiction,"No se ha identificado una jurisdicción para este acto. Es una laguna de completitud, no un error estructural.",https://w3id.org/leco/data/co-ahrb-cab-001-d0046/event_cab-001-046_cab-001-046_s002_a002,leco:OrderAct,ordenó,https://w3id.org/leco/data/co-ahrb-cab-001-d0046/cab-001-046_s002,cab-001-046_s002,"8 de marzo 1550, se ordenó dar al pregón el valor de los aranceles que debian pagar los carpinteros.",source-tei,segment leco:documentsAct focus,review_jurisdiction_context,Revisar autoridad/institución y contexto documental. Solo añadir jurisdicción si está explícita o si se registra como inferencia contextual con procedencia.,pending,
cab-001-046,Warning,sh:OrConstraintComponent,,No se ha identificado ningún participante del acto. Mantener como incompletitud si la fuente no permite establecerlo.,https://w3id.org/leco/data/co-ahrb-cab-001-d0046/event_cab-001-046_cab-001-046_s001_a005,leco:OrderAct,ordenó,https://w3id.org/leco/data/co-ahrb-cab-001-d0046/cab-001-046_s001,cab-001-046_s001,"En el Cabildo del 7 de Marzo de 1550 se trató lo relacionado al pago de aranceles por parte de los carpinteros, el Gobernador Miguel Diaz de Armendaris ordenó se cobrara dichos aranceles de acuerdo a lo establecido.",source-tei,segment leco:documentsAct focus,human_review,"Revisar el warning junto con su evidencia antes de modificar TEI, mapping u ontología.",pending,
cab-001-046,Warning,sh:MinCountConstraintComponent,leco:decidedBy,No se ha identificado quién decidió esta decisión jurídica.,https://w3id.org/leco/data/co-ahrb-cab-001-d0046/event_cab-001-046_cab-001-046_s002_a002,leco:OrderAct,ordenó,https://w3id.org/leco/data/co-ahrb-cab-001-d0046/cab-001-046_s002,cab-001-046_s002,"8 de marzo 1550, se ordenó dar al pregón el valor de los aranceles que debian pagar los carpinteros.",source-tei,segment leco:documentsAct focus,review_deciding_authority,Comprobar quién adopta la decisión en el segmento y su contexto inmediato; no asumir Cabildo automáticamente si el texto no lo permite.,pending,
cab-001-046,Warning,sh:OrConstraintComponent,,No se ha identificado ningún participante del acto. Mantener como incompletitud si la fuente no permite establecerlo.,https://w3id.org/leco/data/co-ahrb-cab-001-d0046/event_cab-001-046_cab-001-046_s002_a003,leco:Proclamation,pregón,https://w3id.org/leco/data/co-ahrb-cab-001-d0046/cab-001-046_s002,cab-001-046_s002,"8 de marzo 1550, se ordenó dar al pregón el valor de los aranceles que debian pagar los carpinteros.",source-tei,segment leco:documentsAct focus,human_review,"Revisar el warning junto con su evidencia antes de modificar TEI, mapping u ontología.",pending,
cab-001-055,Warning,sh:MinCountConstraintComponent,leco:decidedBy,No se ha identificado quién decidió esta decisión jurídica.,https://w3id.org/leco/data/co-ahrb-cab-001-d0055/event_cab-001-055_cab-001-055_s004_a002,leco:Approval,aprobaron,https://w3id.org/leco/data/co-ahrb-cab-001-d0055/cab-001-055_s004,cab-001-055_s004,"Los señores Justicia y Regimiento aprobaron los titulos de tierra solicitados, siempre y cuando no existan problemas con los naturales ó terceros.",source-tei,segment leco:documentsAct focus,review_deciding_authority,Comprobar quién adopta la decisión en el segmento y su contexto inmediato; no asumir Cabildo automáticamente si el texto no lo permite.,pending,
cab-001-055,Warning,sh:MinCountConstraintComponent,leco:withinJurisdiction,"No se ha identificado una jurisdicción para este acto. Es una laguna de completitud, no un error estructural.",https://w3id.org/leco/data/co-ahrb-cab-001-d0055/event_cab-001-055_cab-001-055_s002_a002,leco:Presentation,presentó,https://w3id.org/leco/data/co-ahrb-cab-001-d0055/cab-001-055_s002,cab-001-055_s002,"Se llevó a cabo otra reunión del Cabildo, en la que se presentó ua petición de Martin Sanchez Ropero, quien pide un sitio para construir un molino cerca al puente del camino, real.",source-tei,segment leco:documentsAct focus,review_jurisdiction_context,Revisar autoridad/institución y contexto documental. Solo añadir jurisdicción si está explícita o si se registra como inferencia contextual con procedencia.,pending,
cab-001-055,Warning,sh:MinCountConstraintComponent,leco:withinJurisdiction,"No se ha identificado una jurisdicción para este acto. Es una laguna de completitud, no un error estructural.",https://w3id.org/leco/data/co-ahrb-cab-001-d0055/event_cab-001-055_cab-001-055_s003_a001,leco:Petition,petición,https://w3id.org/leco/data/co-ahrb-cab-001-d0055/cab-001-055_s003,cab-001-055_s003,"Tambien sepresentó otra petición por parte de Hernando Rojas, quien solicita unas tierras para ganados mayor en términos de Tunja .",source-tei,segment leco:documentsAct focus,review_jurisdiction_context,Revisar autoridad/institución y contexto documental. Solo añadir jurisdicción si está explícita o si se registra como inferencia contextual con procedencia.,pending,
cab-001-055,Warning,sh:MinCountConstraintComponent,leco:decidedBy,No se ha identificado quién decidió esta decisión jurídica.,https://w3id.org/leco/data/co-ahrb-cab-001-d0055/event_cab-001-055_cab-001-055_s005_a001,leco:OrderAct,ordenó,https://w3id.org/leco/data/co-ahrb-cab-001-d0055/cab-001-055_s005,cab-001-055_s005,Se ordenó dar al pregón en la plaza principal.,source-tei,segment leco:documentsAct focus,review_deciding_authority,Comprobar quién adopta la decisión en el segmento y su contexto inmediato; no asumir Cabildo automáticamente si el texto no lo permite.,pending,
cab-001-055,Warning,sh:MinCountConstraintComponent,leco:withinJurisdiction,"No se ha identificado una jurisdicción para este acto. Es una laguna de completitud, no un error estructural.",https://w3id.org/leco/data/co-ahrb-cab-001-d0055/event_cab-001-055_cab-001-055_s005_a001,leco:OrderAct,ordenó,https://w3id.org/leco/data/co-ahrb-cab-001-d0055/cab-001-055_s005,cab-001-055_s005,Se ordenó dar al pregón en la plaza principal.,source-tei,segment leco:documentsAct focus,review_jurisdiction_context,Revisar autoridad/institución y contexto documental. Solo añadir jurisdicción si está explícita o si se registra como inferencia contextual con procedencia.,pending,
cab-001-055,Warning,sh:MinCountConstraintComponent,leco:withinJurisdiction,"No se ha identificado una jurisdicción para este acto. Es una laguna de completitud, no un error estructural.",https://w3id.org/leco/data/co-ahrb-cab-001-d0055/event_cab-001-055_cab-001-055_s006_a002,leco:Approval,aprobó,https://w3id.org/leco/data/co-ahrb-cab-001-d0055/cab-001-055_s006,cab-001-055_s006,"En este Cabildo, se aprobó cobrar $40 pesos del buen oro en cada un año por los propios de la ciudad, en constancia firmaron los capituladores.",source-tei,segment leco:documentsAct focus,review_jurisdiction_context,Revisar autoridad/institución y contexto documental. Solo añadir jurisdicción si está explícita o si se registra como inferencia contextual con procedencia.,pending,
cab-001-055,Warning,sh:OrConstraintComponent,,No se ha identificado ningún participante del acto. Mantener como incompletitud si la fuente no permite establecerlo.,https://w3id.org/leco/data/co-ahrb-cab-001-d0055/event_cab-001-055_cab-001-055_s004_a002,leco:Approval,aprobaron,https://w3id.org/leco/data/co-ahrb-cab-001-d0055/cab-001-055_s004,cab-001-055_s004,"Los señores Justicia y Regimiento aprobaron los titulos de tierra solicitados, siempre y cuando no existan problemas con los naturales ó terceros.",source-tei,segment leco:documentsAct focus,human_review,"Revisar el warning junto con su evidencia antes de modificar TEI, mapping u ontología.",pending,
cab-001-055,Warning,sh:OrConstraintComponent,,No se ha identificado ningún participante del acto. Mantener como incompletitud si la fuente no permite establecerlo.,https://w3id.org/leco/data/co-ahrb-cab-001-d0055/event_cab-001-055_cab-001-055_s006_a003,leco:Collection,cobrar,https://w3id.org/leco/data/co-ahrb-cab-001-d0055/cab-001-055_s006,cab-001-055_s006,"En este Cabildo, se aprobó cobrar $40 pesos del buen oro en cada un año por los propios de la ciudad, en constancia firmaron los capituladores.",source-tei,segment leco:documentsAct focus,human_review,"Revisar el warning junto con su evidencia antes de modificar TEI, mapping u ontología.",pending,
cab-001-055,Warning,sh:MinCountConstraintComponent,leco:withinJurisdiction,"No se ha identificado una jurisdicción para este acto. Es una laguna de completitud, no un error estructural.",https://w3id.org/leco/data/co-ahrb-cab-001-d0055/event_cab-001-055_cab-001-055_s005_a002,leco:Proclamation,pregón,https://w3id.org/leco/data/co-ahrb-cab-001-d0055/cab-001-055_s005,cab-001-055_s005,Se ordenó dar al pregón en la plaza principal.,source-tei,segment leco:documentsAct focus,review_jurisdiction_context,Revisar autoridad/institución y contexto documental. Solo añadir jurisdicción si está explícita o si se registra como inferencia contextual con procedencia.,pending,
cab-001-055,Warning,sh:OrConstraintComponent,,No se ha identificado ningún participante del acto. Mantener como incompletitud si la fuente no permite establecerlo.,https://w3id.org/leco/data/co-ahrb-cab-001-d0055/event_cab-001-055_cab-001-055_s006_a002,leco:Approval,aprobó,https://w3id.org/leco/data/co-ahrb-cab-001-d0055/cab-001-055_s006,cab-001-055_s006,"En este Cabildo, se aprobó cobrar $40 pesos del buen oro en cada un año por los propios de la ciudad, en constancia firmaron los capituladores.",source-tei,segment leco:documentsAct focus,human_review,"Revisar el warning junto con su evidencia antes de modificar TEI, mapping u ontología.",pending,
cab-001-055,Warning,sh:MinCountConstraintComponent,leco:withinJurisdiction,"No se ha identificado una jurisdicción para este acto. Es una laguna de completitud, no un error estructural.",https://w3id.org/leco/data/co-ahrb-cab-001-d0055/event_cab-001-055_cab-001-055_s004_a002,leco:Approval,aprobaron,https://w3id.org/leco/data/co-ahrb-cab-001-d0055/cab-001-055_s004,cab-001-055_s004,"Los señores Justicia y Regimiento aprobaron los titulos de tierra solicitados, siempre y cuando no existan problemas con los naturales ó terceros.",source-tei,segment leco:documentsAct focus,review_jurisdiction_context,Revisar autoridad/institución y contexto documental. Solo añadir jurisdicción si está explícita o si se registra como inferencia contextual con procedencia.,pending,
cab-001-055,Warning,sh:OrConstraintComponent,,No se ha identificado ningún participante del acto. Mantener como incompletitud si la fuente no permite establecerlo.,https://w3id.org/leco/data/co-ahrb-cab-001-d0055/event_cab-001-055_cab-001-055_s005_a002,leco:Proclamation,pregón,https://w3id.org/leco/data/co-ahrb-cab-001-d0055/cab-001-055_s005,cab-001-055_s005,Se ordenó dar al pregón en la plaza principal.,source-tei,segment leco:documentsAct focus,human_review,"Revisar el warning junto con su evidencia antes de modificar TEI, mapping u ontología.",pending,
cab-001-055,Warning,sh:MinCountConstraintComponent,leco:decidedBy,No se ha identificado quién decidió esta decisión jurídica.,https://w3id.org/leco/data/co-ahrb-cab-001-d0055/event_cab-001-055_cab-001-055_s006_a002,leco:Approval,aprobó,https://w3id.org/leco/data/co-ahrb-cab-001-d0055/cab-001-055_s006,cab-001-055_s006,"En este Cabildo, se aprobó cobrar $40 pesos del buen oro en cada un año por los propios de la ciudad, en constancia firmaron los capituladores.",source-tei,segment leco:documentsAct focus,review_deciding_authority,Comprobar quién adopta la decisión en el segmento y su contexto inmediato; no asumir Cabildo automáticamente si el texto no lo permite.,pending,
cab-001-055,Warning,sh:MinCountConstraintComponent,leco:withinJurisdiction,"No se ha identificado una jurisdicción para este acto. Es una laguna de completitud, no un error estructural.",https://w3id.org/leco/data/co-ahrb-cab-001-d0055/event_cab-001-055_cab-001-055_s002_a003,leco:Petition,petición,https://w3id.org/leco/data/co-ahrb-cab-001-d0055/cab-001-055_s002,cab-001-055_s002,"Se llevó a cabo otra reunión del Cabildo, en la que se presentó ua petición de Martin Sanchez Ropero, quien pide un sitio para construir un molino cerca al puente del camino, real.",source-tei,segment leco:documentsAct focus,review_jurisdiction_context,Revisar autoridad/institución y contexto documental. Solo añadir jurisdicción si está explícita o si se registra como inferencia contextual con procedencia.,pending,
cab-001-055,Warning,sh:MinCountConstraintComponent,leco:withinJurisdiction,"No se ha identificado una jurisdicción para este acto. Es una laguna de completitud, no un error estructural.",https://w3id.org/leco/data/co-ahrb-cab-001-d0055/event_cab-001-055_cab-001-055_s006_a003,leco:Collection,cobrar,https://w3id.org/leco/data/co-ahrb-cab-001-d0055/cab-001-055_s006,cab-001-055_s006,"En este Cabildo, se aprobó cobrar $40 pesos del buen oro en cada un año por los propios de la ciudad, en constancia firmaron los capituladores.",source-tei,segment leco:documentsAct focus,review_jurisdiction_context,Revisar autoridad/institución y contexto documental. Solo añadir jurisdicción si está explícita o si se registra como inferencia contextual con procedencia.,pending,
cab-001-055,Warning,sh:OrConstraintComponent,,No se ha identificado ningún participante del acto. Mantener como incompletitud si la fuente no permite establecerlo.,https://w3id.org/leco/data/co-ahrb-cab-001-d0055/event_cab-001-055_cab-001-055_s002_a002,leco:Presentation,presentó,https://w3id.org/leco/data/co-ahrb-cab-001-d0055/cab-001-055_s002,cab-001-055_s002,"Se llevó a cabo otra reunión del Cabildo, en la que se presentó ua petición de Martin Sanchez Ropero, quien pide un sitio para construir un molino cerca al puente del camino, real.",source-tei,segment leco:documentsAct focus,human_review,"Revisar el warning junto con su evidencia antes de modificar TEI, mapping u ontología.",pending,
cab-001-055,Warning,sh:OrConstraintComponent,,No se ha identificado ningún participante del acto. Mantener como incompletitud si la fuente no permite establecerlo.,https://w3id.org/leco/data/co-ahrb-cab-001-d0055/event_cab-001-055_cab-001-055_s005_a001,leco:OrderAct,ordenó,https://w3id.org/leco/data/co-ahrb-cab-001-d0055/cab-001-055_s005,cab-001-055_s005,Se ordenó dar al pregón en la plaza principal.,source-tei,segment leco:documentsAct focus,human_review,"Revisar el warning junto con su evidencia antes de modificar TEI, mapping u ontología.",pending,
cab-001-056,Warning,sh:MinCountConstraintComponent,leco:decidedBy,No se ha identificado quién decidió esta decisión jurídica.,https://w3id.org/leco/data/co-ahrb-cab-001-d0056/event_cab-001-056_cab-001-056_s002_a001,leco:Approval,aprobó,https://w3id.org/leco/data/co-ahrb-cab-001-d0056/cab-001-056_s002,cab-001-056_s002,"En esta reunión se aprobó tapar los ""oyos"" de la ciudad dentro de un plazo de diez dias so pena de $10 pesos del buen oro por incumplimiento de lo ordenado.",source-tei,segment leco:documentsAct focus,review_deciding_authority,Comprobar quién adopta la decisión en el segmento y su contexto inmediato; no asumir Cabildo automáticamente si el texto no lo permite.,pending,
cab-001-056,Warning,sh:MinCountConstraintComponent,leco:withinJurisdiction,"No se ha identificado una jurisdicción para este acto. Es una laguna de completitud, no un error estructural.",https://w3id.org/leco/data/co-ahrb-cab-001-d0056/event_cab-001-056_cab-001-056_s005_a004,leco:RepartimientoAct,repartimientos,https://w3id.org/leco/data/co-ahrb-cab-001-d0056/cab-001-056_s005,cab-001-056_s005,En este cabildo se acordó no construir más de un monasterio de San Francisco y se mandó realizar los repartimientos a los pobres de la ciudad.,source-tei,segment leco:documentsAct focus,review_jurisdiction_context,Revisar autoridad/institución y contexto documental. Solo añadir jurisdicción si está explícita o si se registra como inferencia contextual con procedencia.,pending,
cab-001-056,Warning,sh:MinCountConstraintComponent,leco:withinJurisdiction,"No se ha identificado una jurisdicción para este acto. Es una laguna de completitud, no un error estructural.",https://w3id.org/leco/data/co-ahrb-cab-001-d0056/event_cab-001-056_cab-001-056_s004_a001,leco:OrderAct,ordenó,https://w3id.org/leco/data/co-ahrb-cab-001-d0056/cab-001-056_s004,cab-001-056_s004,"Para la venta de la harina se debe empacar en mochilas y costales, finalmente se ordenó notificar a los señores de los molinos.",source-tei,segment leco:documentsAct focus,review_jurisdiction_context,Revisar autoridad/institución y contexto documental. Solo añadir jurisdicción si está explícita o si se registra como inferencia contextual con procedencia.,pending,
cab-001-056,Warning,sh:OrConstraintComponent,,No se ha identificado ningún participante del acto. Mantener como incompletitud si la fuente no permite establecerlo.,https://w3id.org/leco/data/co-ahrb-cab-001-d0056/event_cab-001-056_cab-001-056_s002_a001,leco:Approval,aprobó,https://w3id.org/leco/data/co-ahrb-cab-001-d0056/cab-001-056_s002,cab-001-056_s002,"En esta reunión se aprobó tapar los ""oyos"" de la ciudad dentro de un plazo de diez dias so pena de $10 pesos del buen oro por incumplimiento de lo ordenado.",source-tei,segment leco:documentsAct focus,human_review,"Revisar el warning junto con su evidencia antes de modificar TEI, mapping u ontología.",pending,
cab-001-056,Warning,sh:MinCountConstraintComponent,leco:sanctions,No se ha identificado el actor sancionado.,https://w3id.org/leco/data/co-ahrb-cab-001-d0056/event_cab-001-056_cab-001-056_s003_a003,leco:Sanction,pena,https://w3id.org/leco/data/co-ahrb-cab-001-d0056/cab-001-056_s003,cab-001-056_s003,"En este Cabildo mandaron los señores capituladores que los vecinos que tienen molino, lleven un tomin de buen oro ó el trigo, so pena de $2 pesos del buen oro, ademas debe pesar el trigo.",source-tei,segment leco:documentsAct focus,review_sanction_target,Identificar el destinatario de la sanción si está textual o inequívocamente contextualizado; conservar el warning si no puede determinarse.,pending,
cab-001-056,Warning,sh:MinCountConstraintComponent,leco:decidedBy,No se ha identificado quién decidió esta decisión jurídica.,https://w3id.org/leco/data/co-ahrb-cab-001-d0056/event_cab-001-056_cab-001-056_s002_a002,leco:Sanction,pena,https://w3id.org/leco/data/co-ahrb-cab-001-d0056/cab-001-056_s002,cab-001-056_s002,"En esta reunión se aprobó tapar los ""oyos"" de la ciudad dentro de un plazo de diez dias so pena de $10 pesos del buen oro por incumplimiento de lo ordenado.",source-tei,segment leco:documentsAct focus,review_deciding_authority,Comprobar quién adopta la decisión en el segmento y su contexto inmediato; no asumir Cabildo automáticamente si el texto no lo permite.,pending,
cab-001-056,Warning,sh:OrConstraintComponent,,No se ha identificado ningún participante del acto. Mantener como incompletitud si la fuente no permite establecerlo.,https://w3id.org/leco/data/co-ahrb-cab-001-d0056/event_cab-001-056_cab-001-056_s002_a002,leco:Sanction,pena,https://w3id.org/leco/data/co-ahrb-cab-001-d0056/cab-001-056_s002,cab-001-056_s002,"En esta reunión se aprobó tapar los ""oyos"" de la ciudad dentro de un plazo de diez dias so pena de $10 pesos del buen oro por incumplimiento de lo ordenado.",source-tei,segment leco:documentsAct focus,human_review,"Revisar el warning junto con su evidencia antes de modificar TEI, mapping u ontología.",pending,
cab-001-056,Warning,sh:OrConstraintComponent,,No se ha identificado ningún participante del acto. Mantener como incompletitud si la fuente no permite establecerlo.,https://w3id.org/leco/data/co-ahrb-cab-001-d0056/event_cab-001-056_cab-001-056_s004_a001,leco:OrderAct,ordenó,https://w3id.org/leco/data/co-ahrb-cab-001-d0056/cab-001-056_s004,cab-001-056_s004,"Para la venta de la harina se debe empacar en mochilas y costales, finalmente se ordenó notificar a los señores de los molinos.",source-tei,segment leco:documentsAct focus,human_review,"Revisar el warning junto con su evidencia antes de modificar TEI, mapping u ontología.",pending,
cab-001-056,Warning,sh:MinCountConstraintComponent,leco:withinJurisdiction,"No se ha identificado una jurisdicción para este acto. Es una laguna de completitud, no un error estructural.",https://w3id.org/leco/data/co-ahrb-cab-001-d0056/event_cab-001-056_cab-001-056_s002_a002,leco:Sanction,pena,https://w3id.org/leco/data/co-ahrb-cab-001-d0056/cab-001-056_s002,cab-001-056_s002,"En esta reunión se aprobó tapar los ""oyos"" de la ciudad dentro de un plazo de diez dias so pena de $10 pesos del buen oro por incumplimiento de lo ordenado.",source-tei,segment leco:documentsAct focus,review_jurisdiction_context,Revisar autoridad/institución y contexto documental. Solo añadir jurisdicción si está explícita o si se registra como inferencia contextual con procedencia.,pending,
cab-001-056,Warning,sh:MinCountConstraintComponent,leco:decidedBy,No se ha identificado quién decidió esta decisión jurídica.,https://w3id.org/leco/data/co-ahrb-cab-001-d0056/event_cab-001-056_cab-001-056_s003_a003,leco:Sanction,pena,https://w3id.org/leco/data/co-ahrb-cab-001-d0056/cab-001-056_s003,cab-001-056_s003,"En este Cabildo mandaron los señores capituladores que los vecinos que tienen molino, lleven un tomin de buen oro ó el trigo, so pena de $2 pesos del buen oro, ademas debe pesar el trigo.",source-tei,segment leco:documentsAct focus,review_deciding_authority,Comprobar quién adopta la decisión en el segmento y su contexto inmediato; no asumir Cabildo automáticamente si el texto no lo permite.,pending,
cab-001-056,Warning,sh:MinCountConstraintComponent,leco:withinJurisdiction,"No se ha identificado una jurisdicción para este acto. Es una laguna de completitud, no un error estructural.",https://w3id.org/leco/data/co-ahrb-cab-001-d0056/event_cab-001-056_cab-001-056_s003_a003,leco:Sanction,pena,https://w3id.org/leco/data/co-ahrb-cab-001-d0056/cab-001-056_s003,cab-001-056_s003,"En este Cabildo mandaron los señores capituladores que los vecinos que tienen molino, lleven un tomin de buen oro ó el trigo, so pena de $2 pesos del buen oro, ademas debe pesar el trigo.",source-tei,segment leco:documentsAct focus,review_jurisdiction_context,Revisar autoridad/institución y contexto documental. Solo añadir jurisdicción si está explícita o si se registra como inferencia contextual con procedencia.,pending,
cab-001-056,Warning,sh:OrConstraintComponent,,No se ha identificado ningún participante del acto. Mantener como incompletitud si la fuente no permite establecerlo.,https://w3id.org/leco/data/co-ahrb-cab-001-d0056/event_cab-001-056_cab-001-056_s003_a003,leco:Sanction,pena,https://w3id.org/leco/data/co-ahrb-cab-001-d0056/cab-001-056_s003,cab-001-056_s003,"En este Cabildo mandaron los señores capituladores que los vecinos que tienen molino, lleven un tomin de buen oro ó el trigo, so pena de $2 pesos del buen oro, ademas debe pesar el trigo.",source-tei,segment leco:documentsAct focus,human_review,"Revisar el warning junto con su evidencia antes de modificar TEI, mapping u ontología.",pending,
cab-001-056,Warning,sh:MinCountConstraintComponent,leco:decidedBy,No se ha identificado quién decidió esta decisión jurídica.,https://w3id.org/leco/data/co-ahrb-cab-001-d0056/event_cab-001-056_cab-001-056_s004_a001,leco:OrderAct,ordenó,https://w3id.org/leco/data/co-ahrb-cab-001-d0056/cab-001-056_s004,cab-001-056_s004,"Para la venta de la harina se debe empacar en mochilas y costales, finalmente se ordenó notificar a los señores de los molinos.",source-tei,segment leco:documentsAct focus,review_deciding_authority,Comprobar quién adopta la decisión en el segmento y su contexto inmediato; no asumir Cabildo automáticamente si el texto no lo permite.,pending,
cab-001-056,Warning,sh:OrConstraintComponent,,No se ha identificado ningún participante del acto. Mantener como incompletitud si la fuente no permite establecerlo.,https://w3id.org/leco/data/co-ahrb-cab-001-d0056/event_cab-001-056_cab-001-056_s005_a003,leco:OrderAct,mandó,https://w3id.org/leco/data/co-ahrb-cab-001-d0056/cab-001-056_s005,cab-001-056_s005,En este cabildo se acordó no construir más de un monasterio de San Francisco y se mandó realizar los repartimientos a los pobres de la ciudad.,source-tei,segment leco:documentsAct focus,human_review,"Revisar el warning junto con su evidencia antes de modificar TEI, mapping u ontología.",pending,
cab-001-056,Warning,sh:MinCountConstraintComponent,leco:resultsInLegalArrangement,El repartimiento no está enlazado todavía con el arreglo o régimen jurídico resultante.,https://w3id.org/leco/data/co-ahrb-cab-001-d0056/event_cab-001-056_cab-001-056_s005_a004,leco:RepartimientoAct,repartimientos,https://w3id.org/leco/data/co-ahrb-cab-001-d0056/cab-001-056_s005,cab-001-056_s005,En este cabildo se acordó no construir más de un monasterio de San Francisco y se mandó realizar los repartimientos a los pobres de la ciudad.,source-tei,segment leco:documentsAct focus,review_legal_arrangement,Revisar si el acto produce realmente un régimen/arreglo jurídico (p. ej. repartimiento/merced) o si la fuente solo menciona el término.,pending,
cab-001-056,Warning,sh:MinCountConstraintComponent,leco:withinJurisdiction,"No se ha identificado una jurisdicción para este acto. Es una laguna de completitud, no un error estructural.",https://w3id.org/leco/data/co-ahrb-cab-001-d0056/event_cab-001-056_cab-001-056_s005_a003,leco:OrderAct,mandó,https://w3id.org/leco/data/co-ahrb-cab-001-d0056/cab-001-056_s005,cab-001-056_s005,En este cabildo se acordó no construir más de un monasterio de San Francisco y se mandó realizar los repartimientos a los pobres de la ciudad.,source-tei,segment leco:documentsAct focus,review_jurisdiction_context,Revisar autoridad/institución y contexto documental. Solo añadir jurisdicción si está explícita o si se registra como inferencia contextual con procedencia.,pending,
cab-001-056,Warning,sh:MinCountConstraintComponent,leco:decidedBy,No se ha identificado quién decidió esta decisión jurídica.,https://w3id.org/leco/data/co-ahrb-cab-001-d0056/event_cab-001-056_cab-001-056_s005_a003,leco:OrderAct,mandó,https://w3id.org/leco/data/co-ahrb-cab-001-d0056/cab-001-056_s005,cab-001-056_s005,En este cabildo se acordó no construir más de un monasterio de San Francisco y se mandó realizar los repartimientos a los pobres de la ciudad.,source-tei,segment leco:documentsAct focus,review_deciding_authority,Comprobar quién adopta la decisión en el segmento y su contexto inmediato; no asumir Cabildo automáticamente si el texto no lo permite.,pending,
cab-001-056,Warning,sh:OrConstraintComponent,,No se ha identificado ningún participante del acto. Mantener como incompletitud si la fuente no permite establecerlo.,https://w3id.org/leco/data/co-ahrb-cab-001-d0056/event_cab-001-056_cab-001-056_s005_a004,leco:RepartimientoAct,repartimientos,https://w3id.org/leco/data/co-ahrb-cab-001-d0056/cab-001-056_s005,cab-001-056_s005,En este cabildo se acordó no construir más de un monasterio de San Francisco y se mandó realizar los repartimientos a los pobres de la ciudad.,source-tei,segment leco:documentsAct focus,human_review,"Revisar el warning junto con su evidencia antes de modificar TEI, mapping u ontología.",pending,
cab-001-056,Warning,sh:MinCountConstraintComponent,leco:withinJurisdiction,"No se ha identificado una jurisdicción para este acto. Es una laguna de completitud, no un error estructural.",https://w3id.org/leco/data/co-ahrb-cab-001-d0056/event_cab-001-056_cab-001-056_s002_a001,leco:Approval,aprobó,https://w3id.org/leco/data/co-ahrb-cab-001-d0056/cab-001-056_s002,cab-001-056_s002,"En esta reunión se aprobó tapar los ""oyos"" de la ciudad dentro de un plazo de diez dias so pena de $10 pesos del buen oro por incumplimiento de lo ordenado.",source-tei,segment leco:documentsAct focus,review_jurisdiction_context,Revisar autoridad/institución y contexto documental. Solo añadir jurisdicción si está explícita o si se registra como inferencia contextual con procedencia.,pending,
cab-001-056,Warning,sh:MinCountConstraintComponent,leco:sanctions,No se ha identificado el actor sancionado.,https://w3id.org/leco/data/co-ahrb-cab-001-d0056/event_cab-001-056_cab-001-056_s002_a002,leco:Sanction,pena,https://w3id.org/leco/data/co-ahrb-cab-001-d0056/cab-001-056_s002,cab-001-056_s002,"En esta reunión se aprobó tapar los ""oyos"" de la ciudad dentro de un plazo de diez dias so pena de $10 pesos del buen oro por incumplimiento de lo ordenado.",source-tei,segment leco:documentsAct focus,review_sanction_target,Identificar el destinatario de la sanción si está textual o inequívocamente contextualizado; conservar el warning si no puede determinarse.,pending,
