document,report_file,conforms,severity,focus_node,source_shape,constraint,result_path,value,message
cab-001-002,build/shacl_reports_quality/cab-001-002.ttl,True,Warning,https://w3id.org/leco/data/co-ahrb-cab-001-d002/event_cab-001-002_cab-001-002_s005_a001,_:naf187e36a1954bf0befbbe1b19f8e9a3b11,sh:MinCountConstraintComponent,leco:decidedBy,,No se ha identificado quién decidió esta decisión jurídica.
cab-001-002,build/shacl_reports_quality/cab-001-002.ttl,True,Warning,https://w3id.org/leco/data/co-ahrb-cab-001-d002/event_cab-001-002_cab-001-002_s004_a003,https://w3id.org/leco/shapes/quality#JurisdictionalActParticipantQualityShape,sh:OrConstraintComponent,,https://w3id.org/leco/data/co-ahrb-cab-001-d002/event_cab-001-002_cab-001-002_s004_a003,No se ha identificado ningún participante del acto. Mantener como incompletitud si la fuente no permite establecerlo.
cab-001-002,build/shacl_reports_quality/cab-001-002.ttl,True,Warning,https://w3id.org/leco/data/co-ahrb-cab-001-d002/event_cab-001-002_cab-001-002_s005_a003,_:naf187e36a1954bf0befbbe1b19f8e9a3b6,sh:MinCountConstraintComponent,leco:withinJurisdiction,,"No se ha identificado una jurisdicción para este acto. Es una laguna de completitud, no un error estructural."
cab-001-002,build/shacl_reports_quality/cab-001-002.ttl,True,Warning,https://w3id.org/leco/data/co-ahrb-cab-001-d002/event_cab-001-002_cab-001-002_s005_a003,_:naf187e36a1954bf0befbbe1b19f8e9a3b11,sh:MinCountConstraintComponent,leco:decidedBy,,No se ha identificado quién decidió esta decisión jurídica.
cab-001-002,build/shacl_reports_quality/cab-001-002.ttl,True,Warning,https://w3id.org/leco/data/co-ahrb-cab-001-d002/event_cab-001-002_cab-001-002_s005_a002,_:naf187e36a1954bf0befbbe1b19f8e9a3b16,sh:MinCountConstraintComponent,leco:investigates,,"No se ha identificado el objeto, actor o conducta investigada."
cab-001-002,build/shacl_reports_quality/cab-001-002.ttl,True,Warning,https://w3id.org/leco/data/co-ahrb-cab-001-d002/event_cab-001-002_cab-001-002_s003_a002,_:naf187e36a1954bf0befbbe1b19f8e9a3b11,sh:MinCountConstraintComponent,leco:decidedBy,,No se ha identificado quién decidió esta decisión jurídica.
cab-001-002,build/shacl_reports_quality/cab-001-002.ttl,True,Warning,https://w3id.org/leco/data/co-ahrb-cab-001-d002/event_cab-001-002_cab-001-002_s005_a003,https://w3id.org/leco/shapes/quality#JurisdictionalActParticipantQualityShape,sh:OrConstraintComponent,,https://w3id.org/leco/data/co-ahrb-cab-001-d002/event_cab-001-002_cab-001-002_s005_a003,No se ha identificado ningún participante del acto. Mantener como incompletitud si la fuente no permite establecerlo.
cab-001-002,build/shacl_reports_quality/cab-001-002.ttl,True,Warning,https://w3id.org/leco/data/co-ahrb-cab-001-d002/event_cab-001-002_cab-001-002_s003_a002,_:naf187e36a1954bf0befbbe1b19f8e9a3b6,sh:MinCountConstraintComponent,leco:withinJurisdiction,,"No se ha identificado una jurisdicción para este acto. Es una laguna de completitud, no un error estructural."
cab-001-002,build/shacl_reports_quality/cab-001-002.ttl,True,Warning,https://w3id.org/leco/data/co-ahrb-cab-001-d002/event_cab-001-002_cab-001-002_s004_a006,_:naf187e36a1954bf0befbbe1b19f8e9a3b3,sh:MinCountConstraintComponent,leco:appointsToOffice,,No se ha identificado el oficio al que se realiza el nombramiento.
cab-001-002,build/shacl_reports_quality/cab-001-002.ttl,True,Warning,https://w3id.org/leco/data/co-ahrb-cab-001-d002/event_cab-001-002_cab-001-002_s005_a002,_:naf187e36a1954bf0befbbe1b19f8e9a3b6,sh:MinCountConstraintComponent,leco:withinJurisdiction,,"No se ha identificado una jurisdicción para este acto. Es una laguna de completitud, no un error estructural."
cab-001-002,build/shacl_reports_quality/cab-001-002.ttl,True,Warning,https://w3id.org/leco/data/co-ahrb-cab-001-d002/event_cab-001-002_cab-001-002_s004_a006,https://w3id.org/leco/shapes/quality#JurisdictionalActParticipantQualityShape,sh:OrConstraintComponent,,https://w3id.org/leco/data/co-ahrb-cab-001-d002/event_cab-001-002_cab-001-002_s004_a006,No se ha identificado ningún participante del acto. Mantener como incompletitud si la fuente no permite establecerlo.
cab-001-002,build/shacl_reports_quality/cab-001-002.ttl,True,Warning,https://w3id.org/leco/data/co-ahrb-cab-001-d002/event_cab-001-002_cab-001-002_s004_a006,_:naf187e36a1954bf0befbbe1b19f8e9a3b23,sh:MinCountConstraintComponent,leco:appointsPerson,,No se ha identificado la persona nombrada.
cab-001-002,build/shacl_reports_quality/cab-001-002.ttl,True,Warning,https://w3id.org/leco/data/co-ahrb-cab-001-d002/event_cab-001-002_cab-001-002_s003_a002,https://w3id.org/leco/shapes/quality#JurisdictionalActParticipantQualityShape,sh:OrConstraintComponent,,https://w3id.org/leco/data/co-ahrb-cab-001-d002/event_cab-001-002_cab-001-002_s003_a002,No se ha identificado ningún participante del acto. Mantener como incompletitud si la fuente no permite establecerlo.
cab-001-002,build/shacl_reports_quality/cab-001-002.ttl,True,Warning,https://w3id.org/leco/data/co-ahrb-cab-001-d002/event_cab-001-002_cab-001-002_s004_a003,_:naf187e36a1954bf0befbbe1b19f8e9a3b6,sh:MinCountConstraintComponent,leco:withinJurisdiction,,"No se ha identificado una jurisdicción para este acto. Es una laguna de completitud, no un error estructural."
cab-001-002,build/shacl_reports_quality/cab-001-002.ttl,True,Warning,https://w3id.org/leco/data/co-ahrb-cab-001-d002/event_cab-001-002_cab-001-002_s005_a002,https://w3id.org/leco/shapes/quality#JurisdictionalActParticipantQualityShape,sh:OrConstraintComponent,,https://w3id.org/leco/data/co-ahrb-cab-001-d002/event_cab-001-002_cab-001-002_s005_a002,No se ha identificado ningún participante del acto. Mantener como incompletitud si la fuente no permite establecerlo.
cab-001-002,build/shacl_reports_quality/cab-001-002.ttl,True,Warning,https://w3id.org/leco/data/co-ahrb-cab-001-d002/event_cab-001-002_cab-001-002_s005_a001,https://w3id.org/leco/shapes/quality#JurisdictionalActParticipantQualityShape,sh:OrConstraintComponent,,https://w3id.org/leco/data/co-ahrb-cab-001-d002/event_cab-001-002_cab-001-002_s005_a001,No se ha identificado ningún participante del acto. Mantener como incompletitud si la fuente no permite establecerlo.
cab-001-002,build/shacl_reports_quality/cab-001-002.ttl,True,Warning,https://w3id.org/leco/data/co-ahrb-cab-001-d002/event_cab-001-002_cab-001-002_s005_a001,_:naf187e36a1954bf0befbbe1b19f8e9a3b6,sh:MinCountConstraintComponent,leco:withinJurisdiction,,"No se ha identificado una jurisdicción para este acto. Es una laguna de completitud, no un error estructural."
cab-001-002,build/shacl_reports_quality/cab-001-002.ttl,True,Warning,https://w3id.org/leco/data/co-ahrb-cab-001-d002/event_cab-001-002_cab-001-002_s004_a006,_:naf187e36a1954bf0befbbe1b19f8e9a3b6,sh:MinCountConstraintComponent,leco:withinJurisdiction,,"No se ha identificado una jurisdicción para este acto. Es una laguna de completitud, no un error estructural."
cab-001-002,build/shacl_reports_quality/cab-001-002.ttl,True,Warning,https://w3id.org/leco/data/co-ahrb-cab-001-d002/event_cab-001-002_cab-001-002_s003_a002,_:naf187e36a1954bf0befbbe1b19f8e9a3b9,sh:MinCountConstraintComponent,leco:sanctions,,No se ha identificado el actor sancionado.
cab-001-003,build/shacl_reports_quality/cab-001-003.ttl,True,Warning,https://w3id.org/leco/data/co-ahrb-cab-001-d003/event_cab-001-003_cab-001-003_s004_a006,https://w3id.org/leco/shapes/quality#JurisdictionalActParticipantQualityShape,sh:OrConstraintComponent,,https://w3id.org/leco/data/co-ahrb-cab-001-d003/event_cab-001-003_cab-001-003_s004_a006,No se ha identificado ningún participante del acto. Mantener como incompletitud si la fuente no permite establecerlo.
cab-001-003,build/shacl_reports_quality/cab-001-003.ttl,True,Warning,https://w3id.org/leco/data/co-ahrb-cab-001-d003/event_cab-001-003_cab-001-003_s005_a004,_:n9db6b2ee05d64af6a2a7ae16d47fd643b7,sh:MinCountConstraintComponent,leco:withinJurisdiction,,"No se ha identificado una jurisdicción para este acto. Es una laguna de completitud, no un error estructural."
cab-001-003,build/shacl_reports_quality/cab-001-003.ttl,True,Warning,https://w3id.org/leco/data/co-ahrb-cab-001-d003/event_cab-001-003_cab-001-003_s007_a002,https://w3id.org/leco/shapes/quality#JurisdictionalActParticipantQualityShape,sh:OrConstraintComponent,,https://w3id.org/leco/data/co-ahrb-cab-001-d003/event_cab-001-003_cab-001-003_s007_a002,No se ha identificado ningún participante del acto. Mantener como incompletitud si la fuente no permite establecerlo.
cab-001-003,build/shacl_reports_quality/cab-001-003.ttl,True,Warning,https://w3id.org/leco/data/co-ahrb-cab-001-d003/event_cab-001-003_cab-001-003_s005_a001,_:n9db6b2ee05d64af6a2a7ae16d47fd643b7,sh:MinCountConstraintComponent,leco:withinJurisdiction,,"No se ha identificado una jurisdicción para este acto. Es una laguna de completitud, no un error estructural."
cab-001-003,build/shacl_reports_quality/cab-001-003.ttl,True,Warning,https://w3id.org/leco/data/co-ahrb-cab-001-d003/event_cab-001-003_cab-001-003_s004_a006,_:n9db6b2ee05d64af6a2a7ae16d47fd643b7,sh:MinCountConstraintComponent,leco:withinJurisdiction,,"No se ha identificado una jurisdicción para este acto. Es una laguna de completitud, no un error estructural."
cab-001-003,build/shacl_reports_quality/cab-001-003.ttl,True,Warning,https://w3id.org/leco/data/co-ahrb-cab-001-d003/event_cab-001-003_cab-001-003_s007_a001,https://w3id.org/leco/shapes/quality#JurisdictionalActParticipantQualityShape,sh:OrConstraintComponent,,https://w3id.org/leco/data/co-ahrb-cab-001-d003/event_cab-001-003_cab-001-003_s007_a001,No se ha identificado ningún participante del acto. Mantener como incompletitud si la fuente no permite establecerlo.
cab-001-003,build/shacl_reports_quality/cab-001-003.ttl,True,Warning,https://w3id.org/leco/data/co-ahrb-cab-001-d003/event_cab-001-003_cab-001-003_s007_a001,_:n9db6b2ee05d64af6a2a7ae16d47fd643b7,sh:MinCountConstraintComponent,leco:withinJurisdiction,,"No se ha identificado una jurisdicción para este acto. Es una laguna de completitud, no un error estructural."
cab-001-003,build/shacl_reports_quality/cab-001-003.ttl,True,Warning,https://w3id.org/leco/data/co-ahrb-cab-001-d003/event_cab-001-003_cab-001-003_s004_a006,_:n9db6b2ee05d64af6a2a7ae16d47fd643b5,sh:MinCountConstraintComponent,leco:resultsInLegalArrangement,,El repartimiento no está enlazado todavía con el arreglo o régimen jurídico resultante.
cab-001-003,build/shacl_reports_quality/cab-001-003.ttl,True,Warning,https://w3id.org/leco/data/co-ahrb-cab-001-d003/event_cab-001-003_cab-001-003_s005_a003,https://w3id.org/leco/shapes/quality#JurisdictionalActParticipantQualityShape,sh:OrConstraintComponent,,https://w3id.org/leco/data/co-ahrb-cab-001-d003/event_cab-001-003_cab-001-003_s005_a003,No se ha identificado ningún participante del acto. Mantener como incompletitud si la fuente no permite establecerlo.
cab-001-003,build/shacl_reports_quality/cab-001-003.ttl,True,Warning,https://w3id.org/leco/data/co-ahrb-cab-001-d003/event_cab-001-003_cab-001-003_s007_a002,_:n9db6b2ee05d64af6a2a7ae16d47fd643b7,sh:MinCountConstraintComponent,leco:withinJurisdiction,,"No se ha identificado una jurisdicción para este acto. Es una laguna de completitud, no un error estructural."
cab-001-003,build/shacl_reports_quality/cab-001-003.ttl,True,Warning,https://w3id.org/leco/data/co-ahrb-cab-001-d003/concept_use_cab-001-003_cab-001-003_s003_a005,_:n9db6b2ee05d64af6a2a7ae16d47fd643b3,sh:MinCountConstraintComponent,leco:conceptUseJurisdiction,,El uso del concepto histórico no tiene todavía contexto jurisdiccional identificado.
cab-001-003,build/shacl_reports_quality/cab-001-003.ttl,True,Warning,https://w3id.org/leco/data/co-ahrb-cab-001-d003/event_cab-001-003_cab-001-003_s005_a003,_:n9db6b2ee05d64af6a2a7ae16d47fd643b5,sh:MinCountConstraintComponent,leco:resultsInLegalArrangement,,El repartimiento no está enlazado todavía con el arreglo o régimen jurídico resultante.
cab-001-003,build/shacl_reports_quality/cab-001-003.ttl,True,Warning,https://w3id.org/leco/data/co-ahrb-cab-001-d003/event_cab-001-003_cab-001-003_s005_a003,_:n9db6b2ee05d64af6a2a7ae16d47fd643b7,sh:MinCountConstraintComponent,leco:withinJurisdiction,,"No se ha identificado una jurisdicción para este acto. Es una laguna de completitud, no un error estructural."
cab-001-003,build/shacl_reports_quality/cab-001-003.ttl,True,Warning,https://w3id.org/leco/data/co-ahrb-cab-001-d003/event_cab-001-003_cab-001-003_s007_a001,_:n9db6b2ee05d64af6a2a7ae16d47fd643b9,sh:MinCountConstraintComponent,leco:decidedBy,,No se ha identificado quién decidió esta decisión jurídica.
cab-001-004,build/shacl_reports_quality/cab-001-004.ttl,True,Warning,https://w3id.org/leco/data/co-ahrb-cab-001-d004/event_cab-001-004_cab-001-004_s008_a004,_:n1c4bb11895d04853aa4830b6f7e01ebab11,sh:MinCountConstraintComponent,leco:resultsInLegalArrangement,,El repartimiento no está enlazado todavía con el arreglo o régimen jurídico resultante.
cab-001-004,build/shacl_reports_quality/cab-001-004.ttl,True,Warning,https://w3id.org/leco/data/co-ahrb-cab-001-d004/event_cab-001-004_cab-001-004_s005_a004,https://w3id.org/leco/shapes/quality#JurisdictionalActParticipantQualityShape,sh:OrConstraintComponent,,https://w3id.org/leco/data/co-ahrb-cab-001-d004/event_cab-001-004_cab-001-004_s005_a004,No se ha identificado ningún participante del acto. Mantener como incompletitud si la fuente no permite establecerlo.
cab-001-004,build/shacl_reports_quality/cab-001-004.ttl,True,Warning,https://w3id.org/leco/data/co-ahrb-cab-001-d004/event_cab-001-004_cab-001-004_s005_a004,_:n1c4bb11895d04853aa4830b6f7e01ebab7,sh:MinCountConstraintComponent,leco:withinJurisdiction,,"No se ha identificado una jurisdicción para este acto. Es una laguna de completitud, no un error estructural."
cab-001-004,build/shacl_reports_quality/cab-001-004.ttl,True,Warning,https://w3id.org/leco/data/co-ahrb-cab-001-d004/event_cab-001-004_cab-001-004_s010_a004,https://w3id.org/leco/shapes/quality#JurisdictionalActParticipantQualityShape,sh:OrConstraintComponent,,https://w3id.org/leco/data/co-ahrb-cab-001-d004/event_cab-001-004_cab-001-004_s010_a004,No se ha identificado ningún participante del acto. Mantener como incompletitud si la fuente no permite establecerlo.
cab-001-004,build/shacl_reports_quality/cab-001-004.ttl,True,Warning,https://w3id.org/leco/data/co-ahrb-cab-001-d004/event_cab-001-004_cab-001-004_s010_a007,https://w3id.org/leco/shapes/quality#JurisdictionalActParticipantQualityShape,sh:OrConstraintComponent,,https://w3id.org/leco/data/co-ahrb-cab-001-d004/event_cab-001-004_cab-001-004_s010_a007,No se ha identificado ningún participante del acto. Mantener como incompletitud si la fuente no permite establecerlo.
cab-001-004,build/shacl_reports_quality/cab-001-004.ttl,True,Warning,https://w3id.org/leco/data/co-ahrb-cab-001-d004/event_cab-001-004_cab-001-004_s008_a004,_:n1c4bb11895d04853aa4830b6f7e01ebab7,sh:MinCountConstraintComponent,leco:withinJurisdiction,,"No se ha identificado una jurisdicción para este acto. Es una laguna de completitud, no un error estructural."
cab-001-004,build/shacl_reports_quality/cab-001-004.ttl,True,Warning,https://w3id.org/leco/data/co-ahrb-cab-001-d004/event_cab-001-004_cab-001-004_s003_a001,https://w3id.org/leco/shapes/quality#JurisdictionalActParticipantQualityShape,sh:OrConstraintComponent,,https://w3id.org/leco/data/co-ahrb-cab-001-d004/event_cab-001-004_cab-001-004_s003_a001,No se ha identificado ningún participante del acto. Mantener como incompletitud si la fuente no permite establecerlo.
cab-001-004,build/shacl_reports_quality/cab-001-004.ttl,True,Warning,https://w3id.org/leco/data/co-ahrb-cab-001-d004/event_cab-001-004_cab-001-004_s002_a003,https://w3id.org/leco/shapes/quality#JurisdictionalActParticipantQualityShape,sh:OrConstraintComponent,,https://w3id.org/leco/data/co-ahrb-cab-001-d004/event_cab-001-004_cab-001-004_s002_a003,No se ha identificado ningún participante del acto. Mantener como incompletitud si la fuente no permite establecerlo.
cab-001-004,build/shacl_reports_quality/cab-001-004.ttl,True,Warning,https://w3id.org/leco/data/co-ahrb-cab-001-d004/event_cab-001-004_cab-001-004_s008_a004,https://w3id.org/leco/shapes/quality#JurisdictionalActParticipantQualityShape,sh:OrConstraintComponent,,https://w3id.org/leco/data/co-ahrb-cab-001-d004/event_cab-001-004_cab-001-004_s008_a004,No se ha identificado ningún participante del acto. Mantener como incompletitud si la fuente no permite establecerlo.
cab-001-004,build/shacl_reports_quality/cab-001-004.ttl,True,Warning,https://w3id.org/leco/data/co-ahrb-cab-001-d004/event_cab-001-004_cab-001-004_s007_a002,https://w3id.org/leco/shapes/quality#JurisdictionalActParticipantQualityShape,sh:OrConstraintComponent,,https://w3id.org/leco/data/co-ahrb-cab-001-d004/event_cab-001-004_cab-001-004_s007_a002,No se ha identificado ningún participante del acto. Mantener como incompletitud si la fuente no permite establecerlo.
cab-001-004,build/shacl_reports_quality/cab-001-004.ttl,True,Warning,https://w3id.org/leco/data/co-ahrb-cab-001-d004/event_cab-001-004_cab-001-004_s010_a005,_:n1c4bb11895d04853aa4830b6f7e01ebab7,sh:MinCountConstraintComponent,leco:withinJurisdiction,,"No se ha identificado una jurisdicción para este acto. Es una laguna de completitud, no un error estructural."
cab-001-004,build/shacl_reports_quality/cab-001-004.ttl,True,Warning,https://w3id.org/leco/data/co-ahrb-cab-001-d004/event_cab-001-004_cab-001-004_s003_a001,_:n1c4bb11895d04853aa4830b6f7e01ebab22,sh:MinCountConstraintComponent,leco:createsRepresentation,,El otorgamiento de poder no está enlazado todavía con una relación de representación.
cab-001-004,build/shacl_reports_quality/cab-001-004.ttl,True,Warning,https://w3id.org/leco/data/co-ahrb-cab-001-d004/event_cab-001-004_cab-001-004_s009_a003,_:n1c4bb11895d04853aa4830b6f7e01ebab7,sh:MinCountConstraintComponent,leco:withinJurisdiction,,"No se ha identificado una jurisdicción para este acto. Es una laguna de completitud, no un error estructural."
cab-001-004,build/shacl_reports_quality/cab-001-004.ttl,True,Warning,https://w3id.org/leco/data/co-ahrb-cab-001-d004/event_cab-001-004_cab-001-004_s002_a005,_:n1c4bb11895d04853aa4830b6f7e01ebab25,sh:MinCountConstraintComponent,leco:decidedBy,,No se ha identificado quién decidió esta decisión jurídica.
cab-001-004,build/shacl_reports_quality/cab-001-004.ttl,True,Warning,https://w3id.org/leco/data/co-ahrb-cab-001-d004/event_cab-001-004_cab-001-004_s008_a001,https://w3id.org/leco/shapes/quality#JurisdictionalActParticipantQualityShape,sh:OrConstraintComponent,,https://w3id.org/leco/data/co-ahrb-cab-001-d004/event_cab-001-004_cab-001-004_s008_a001,No se ha identificado ningún participante del acto. Mantener como incompletitud si la fuente no permite establecerlo.
cab-001-004,build/shacl_reports_quality/cab-001-004.ttl,True,Warning,https://w3id.org/leco/data/co-ahrb-cab-001-d004/event_cab-001-004_cab-001-004_s002_a008,_:n1c4bb11895d04853aa4830b6f7e01ebab7,sh:MinCountConstraintComponent,leco:withinJurisdiction,,"No se ha identificado una jurisdicción para este acto. Es una laguna de completitud, no un error estructural."
cab-001-004,build/shacl_reports_quality/cab-001-004.ttl,True,Warning,https://w3id.org/leco/data/co-ahrb-cab-001-d004/event_cab-001-004_cab-001-004_s005_a004,_:n1c4bb11895d04853aa4830b6f7e01ebab25,sh:MinCountConstraintComponent,leco:decidedBy,,No se ha identificado quién decidió esta decisión jurídica.
cab-001-004,build/shacl_reports_quality/cab-001-004.ttl,True,Warning,https://w3id.org/leco/data/co-ahrb-cab-001-d004/event_cab-001-004_cab-001-004_s003_a001,_:n1c4bb11895d04853aa4830b6f7e01ebab7,sh:MinCountConstraintComponent,leco:withinJurisdiction,,"No se ha identificado una jurisdicción para este acto. Es una laguna de completitud, no un error estructural."
cab-001-004,build/shacl_reports_quality/cab-001-004.ttl,True,Warning,https://w3id.org/leco/data/co-ahrb-cab-001-d004/event_cab-001-004_cab-001-004_s011_a003,_:n1c4bb11895d04853aa4830b6f7e01ebab4,sh:MinCountConstraintComponent,leco:appointsToOffice,,No se ha identificado el oficio al que se realiza el nombramiento.
cab-001-004,build/shacl_reports_quality/cab-001-004.ttl,True,Warning,https://w3id.org/leco/data/co-ahrb-cab-001-d004/event_cab-001-004_cab-001-004_s007_a004,_:n1c4bb11895d04853aa4830b6f7e01ebab7,sh:MinCountConstraintComponent,leco:withinJurisdiction,,"No se ha identificado una jurisdicción para este acto. Es una laguna de completitud, no un error estructural."
cab-001-004,build/shacl_reports_quality/cab-001-004.ttl,True,Warning,https://w3id.org/leco/data/co-ahrb-cab-001-d004/event_cab-001-004_cab-001-004_s007_a004,https://w3id.org/leco/shapes/quality#JurisdictionalActParticipantQualityShape,sh:OrConstraintComponent,,https://w3id.org/leco/data/co-ahrb-cab-001-d004/event_cab-001-004_cab-001-004_s007_a004,No se ha identificado ningún participante del acto. Mantener como incompletitud si la fuente no permite establecerlo.
cab-001-004,build/shacl_reports_quality/cab-001-004.ttl,True,Warning,https://w3id.org/leco/data/co-ahrb-cab-001-d004/event_cab-001-004_cab-001-004_s002_a005,_:n1c4bb11895d04853aa4830b6f7e01ebab7,sh:MinCountConstraintComponent,leco:withinJurisdiction,,"No se ha identificado una jurisdicción para este acto. Es una laguna de completitud, no un error estructural."
cab-001-004,build/shacl_reports_quality/cab-001-004.ttl,True,Warning,https://w3id.org/leco/data/co-ahrb-cab-001-d004/event_cab-001-004_cab-001-004_s010_a007,_:n1c4bb11895d04853aa4830b6f7e01ebab7,sh:MinCountConstraintComponent,leco:withinJurisdiction,,"No se ha identificado una jurisdicción para este acto. Es una laguna de completitud, no un error estructural."
cab-001-004,build/shacl_reports_quality/cab-001-004.ttl,True,Warning,https://w3id.org/leco/data/co-ahrb-cab-001-d004/event_cab-001-004_cab-001-004_s011_a003,_:n1c4bb11895d04853aa4830b6f7e01ebab7,sh:MinCountConstraintComponent,leco:withinJurisdiction,,"No se ha identificado una jurisdicción para este acto. Es una laguna de completitud, no un error estructural."
cab-001-004,build/shacl_reports_quality/cab-001-004.ttl,True,Warning,https://w3id.org/leco/data/co-ahrb-cab-001-d004/event_cab-001-004_cab-001-004_s002_a008,_:n1c4bb11895d04853aa4830b6f7e01ebab11,sh:MinCountConstraintComponent,leco:resultsInLegalArrangement,,El repartimiento no está enlazado todavía con el arreglo o régimen jurídico resultante.
cab-001-004,build/shacl_reports_quality/cab-001-004.ttl,True,Warning,https://w3id.org/leco/data/co-ahrb-cab-001-d004/event_cab-001-004_cab-001-004_s010_a004,_:n1c4bb11895d04853aa4830b6f7e01ebab7,sh:MinCountConstraintComponent,leco:withinJurisdiction,,"No se ha identificado una jurisdicción para este acto. Es una laguna de completitud, no un error estructural."
cab-001-004,build/shacl_reports_quality/cab-001-004.ttl,True,Warning,https://w3id.org/leco/data/co-ahrb-cab-001-d004/event_cab-001-004_cab-001-004_s002_a005,https://w3id.org/leco/shapes/quality#JurisdictionalActParticipantQualityShape,sh:OrConstraintComponent,,https://w3id.org/leco/data/co-ahrb-cab-001-d004/event_cab-001-004_cab-001-004_s002_a005,No se ha identificado ningún participante del acto. Mantener como incompletitud si la fuente no permite establecerlo.
cab-001-004,build/shacl_reports_quality/cab-001-004.ttl,True,Warning,https://w3id.org/leco/data/co-ahrb-cab-001-d004/event_cab-001-004_cab-001-004_s008_a001,_:n1c4bb11895d04853aa4830b6f7e01ebab7,sh:MinCountConstraintComponent,leco:withinJurisdiction,,"No se ha identificado una jurisdicción para este acto. Es una laguna de completitud, no un error estructural."
cab-001-004,build/shacl_reports_quality/cab-001-004.ttl,True,Warning,https://w3id.org/leco/data/co-ahrb-cab-001-d004/event_cab-001-004_cab-001-004_s002_a003,_:n1c4bb11895d04853aa4830b6f7e01ebab7,sh:MinCountConstraintComponent,leco:withinJurisdiction,,"No se ha identificado una jurisdicción para este acto. Es una laguna de completitud, no un error estructural."
cab-001-004,build/shacl_reports_quality/cab-001-004.ttl,True,Warning,https://w3id.org/leco/data/co-ahrb-cab-001-d004/event_cab-001-004_cab-001-004_s009_a002,https://w3id.org/leco/shapes/quality#JurisdictionalActParticipantQualityShape,sh:OrConstraintComponent,,https://w3id.org/leco/data/co-ahrb-cab-001-d004/event_cab-001-004_cab-001-004_s009_a002,No se ha identificado ningún participante del acto. Mantener como incompletitud si la fuente no permite establecerlo.
cab-001-004,build/shacl_reports_quality/cab-001-004.ttl,True,Warning,https://w3id.org/leco/data/co-ahrb-cab-001-d004/event_cab-001-004_cab-001-004_s009_a002,_:n1c4bb11895d04853aa4830b6f7e01ebab7,sh:MinCountConstraintComponent,leco:withinJurisdiction,,"No se ha identificado una jurisdicción para este acto. Es una laguna de completitud, no un error estructural."
cab-001-004,build/shacl_reports_quality/cab-001-004.ttl,True,Warning,https://w3id.org/leco/data/co-ahrb-cab-001-d004/event_cab-001-004_cab-001-004_s002_a008,https://w3id.org/leco/shapes/quality#JurisdictionalActParticipantQualityShape,sh:OrConstraintComponent,,https://w3id.org/leco/data/co-ahrb-cab-001-d004/event_cab-001-004_cab-001-004_s002_a008,No se ha identificado ningún participante del acto. Mantener como incompletitud si la fuente no permite establecerlo.
cab-001-004,build/shacl_reports_quality/cab-001-004.ttl,True,Warning,https://w3id.org/leco/data/co-ahrb-cab-001-d004/event_cab-001-004_cab-001-004_s007_a002,_:n1c4bb11895d04853aa4830b6f7e01ebab7,sh:MinCountConstraintComponent,leco:withinJurisdiction,,"No se ha identificado una jurisdicción para este acto. Es una laguna de completitud, no un error estructural."
cab-001-006,build/shacl_reports_quality/cab-001-006.ttl,True,Warning,https://w3id.org/leco/data/co-ahrb-cab-001-d006/event_cab-001-006_cab-001-006_s006_a001,_:n730a4be625a1417cba897ceb62df5fcdb11,sh:MinCountConstraintComponent,leco:resultsInLegalArrangement,,El repartimiento no está enlazado todavía con el arreglo o régimen jurídico resultante.
cab-001-006,build/shacl_reports_quality/cab-001-006.ttl,True,Warning,https://w3id.org/leco/data/co-ahrb-cab-001-d006/event_cab-001-006_cab-001-006_s002_a001,_:n730a4be625a1417cba897ceb62df5fcdb13,sh:MinCountConstraintComponent,leco:withinJurisdiction,,"No se ha identificado una jurisdicción para este acto. Es una laguna de completitud, no un error estructural."
cab-001-006,build/shacl_reports_quality/cab-001-006.ttl,True,Warning,https://w3id.org/leco/data/co-ahrb-cab-001-d006/event_cab-001-006_cab-001-006_s005_a002,_:n730a4be625a1417cba897ceb62df5fcdb13,sh:MinCountConstraintComponent,leco:withinJurisdiction,,"No se ha identificado una jurisdicción para este acto. Es una laguna de completitud, no un error estructural."
cab-001-006,build/shacl_reports_quality/cab-001-006.ttl,True,Warning,https://w3id.org/leco/data/co-ahrb-cab-001-d006/event_cab-001-006_cab-001-006_s005_a004,_:n730a4be625a1417cba897ceb62df5fcdb9,sh:MinCountConstraintComponent,leco:sanctions,,No se ha identificado el actor sancionado.
cab-001-006,build/shacl_reports_quality/cab-001-006.ttl,True,Warning,https://w3id.org/leco/data/co-ahrb-cab-001-d006/event_cab-001-006_cab-001-006_s005_a002,_:n730a4be625a1417cba897ceb62df5fcdb17,sh:MinCountConstraintComponent,leco:decidedBy,,No se ha identificado quién decidió esta decisión jurídica.
cab-001-006,build/shacl_reports_quality/cab-001-006.ttl,True,Warning,https://w3id.org/leco/data/co-ahrb-cab-001-d006/event_cab-001-006_cab-001-006_s006_a001,https://w3id.org/leco/shapes/quality#JurisdictionalActParticipantQualityShape,sh:OrConstraintComponent,,https://w3id.org/leco/data/co-ahrb-cab-001-d006/event_cab-001-006_cab-001-006_s006_a001,No se ha identificado ningún participante del acto. Mantener como incompletitud si la fuente no permite establecerlo.
cab-001-006,build/shacl_reports_quality/cab-001-006.ttl,True,Warning,https://w3id.org/leco/data/co-ahrb-cab-001-d006/event_cab-001-006_cab-001-006_s005_a004,https://w3id.org/leco/shapes/quality#JurisdictionalActParticipantQualityShape,sh:OrConstraintComponent,,https://w3id.org/leco/data/co-ahrb-cab-001-d006/event_cab-001-006_cab-001-006_s005_a004,No se ha identificado ningún participante del acto. Mantener como incompletitud si la fuente no permite establecerlo.
cab-001-006,build/shacl_reports_quality/cab-001-006.ttl,True,Warning,https://w3id.org/leco/data/co-ahrb-cab-001-d006/event_cab-001-006_cab-001-006_s002_a001,_:n730a4be625a1417cba897ceb62df5fcdb3,sh:MinCountConstraintComponent,leco:appointsPerson,,No se ha identificado la persona nombrada.
cab-001-006,build/shacl_reports_quality/cab-001-006.ttl,True,Warning,https://w3id.org/leco/data/co-ahrb-cab-001-d006/event_cab-001-006_cab-001-006_s004_a004,https://w3id.org/leco/shapes/quality#JurisdictionalActParticipantQualityShape,sh:OrConstraintComponent,,https://w3id.org/leco/data/co-ahrb-cab-001-d006/event_cab-001-006_cab-001-006_s004_a004,No se ha identificado ningún participante del acto. Mantener como incompletitud si la fuente no permite establecerlo.
cab-001-006,build/shacl_reports_quality/cab-001-006.ttl,True,Warning,https://w3id.org/leco/data/co-ahrb-cab-001-d006/event_cab-001-006_cab-001-006_s004_a004,_:n730a4be625a1417cba897ceb62df5fcdb13,sh:MinCountConstraintComponent,leco:withinJurisdiction,,"No se ha identificado una jurisdicción para este acto. Es una laguna de completitud, no un error estructural."
cab-001-006,build/shacl_reports_quality/cab-001-006.ttl,True,Warning,https://w3id.org/leco/data/co-ahrb-cab-001-d006/event_cab-001-006_cab-001-006_s004_a004,_:n730a4be625a1417cba897ceb62df5fcdb9,sh:MinCountConstraintComponent,leco:sanctions,,No se ha identificado el actor sancionado.
cab-001-006,build/shacl_reports_quality/cab-001-006.ttl,True,Warning,https://w3id.org/leco/data/co-ahrb-cab-001-d006/event_cab-001-006_cab-001-006_s006_a001,_:n730a4be625a1417cba897ceb62df5fcdb13,sh:MinCountConstraintComponent,leco:withinJurisdiction,,"No se ha identificado una jurisdicción para este acto. Es una laguna de completitud, no un error estructural."
cab-001-006,build/shacl_reports_quality/cab-001-006.ttl,True,Warning,https://w3id.org/leco/data/co-ahrb-cab-001-d006/event_cab-001-006_cab-001-006_s005_a002,https://w3id.org/leco/shapes/quality#JurisdictionalActParticipantQualityShape,sh:OrConstraintComponent,,https://w3id.org/leco/data/co-ahrb-cab-001-d006/event_cab-001-006_cab-001-006_s005_a002,No se ha identificado ningún participante del acto. Mantener como incompletitud si la fuente no permite establecerlo.
cab-001-006,build/shacl_reports_quality/cab-001-006.ttl,True,Warning,https://w3id.org/leco/data/co-ahrb-cab-001-d006/event_cab-001-006_cab-001-006_s005_a004,_:n730a4be625a1417cba897ceb62df5fcdb17,sh:MinCountConstraintComponent,leco:decidedBy,,No se ha identificado quién decidió esta decisión jurídica.
cab-001-006,build/shacl_reports_quality/cab-001-006.ttl,True,Warning,https://w3id.org/leco/data/co-ahrb-cab-001-d006/event_cab-001-006_cab-001-006_s002_a001,https://w3id.org/leco/shapes/quality#JurisdictionalActParticipantQualityShape,sh:OrConstraintComponent,,https://w3id.org/leco/data/co-ahrb-cab-001-d006/event_cab-001-006_cab-001-006_s002_a001,No se ha identificado ningún participante del acto. Mantener como incompletitud si la fuente no permite establecerlo.
cab-001-006,build/shacl_reports_quality/cab-001-006.ttl,True,Warning,https://w3id.org/leco/data/co-ahrb-cab-001-d006/concept_use_cab-001-006_cab-001-006_s005_a001,_:n730a4be625a1417cba897ceb62df5fcdb7,sh:MinCountConstraintComponent,leco:conceptUseTime,,El uso del concepto histórico no tiene todavía contexto temporal identificado. Mantener como incompletitud si la fuente o los metadatos no permiten fecharlo.
cab-001-006,build/shacl_reports_quality/cab-001-006.ttl,True,Warning,https://w3id.org/leco/data/co-ahrb-cab-001-d006/event_cab-001-006_cab-001-006_s004_a004,_:n730a4be625a1417cba897ceb62df5fcdb17,sh:MinCountConstraintComponent,leco:decidedBy,,No se ha identificado quién decidió esta decisión jurídica.
cab-001-006,build/shacl_reports_quality/cab-001-006.ttl,True,Warning,https://w3id.org/leco/data/co-ahrb-cab-001-d006/event_cab-001-006_cab-001-006_s005_a004,_:n730a4be625a1417cba897ceb62df5fcdb13,sh:MinCountConstraintComponent,leco:withinJurisdiction,,"No se ha identificado una jurisdicción para este acto. Es una laguna de completitud, no un error estructural."
cab-001-006,build/shacl_reports_quality/cab-001-006.ttl,True,Warning,https://w3id.org/leco/data/co-ahrb-cab-001-d006/event_cab-001-006_cab-001-006_s002_a001,_:n730a4be625a1417cba897ceb62df5fcdb5,sh:MinCountConstraintComponent,leco:appointsToOffice,,No se ha identificado el oficio al que se realiza el nombramiento.
cab-001-006,build/shacl_reports_quality/cab-001-006.ttl,True,Warning,https://w3id.org/leco/data/co-ahrb-cab-001-d006/concept_use_cab-001-006_cab-001-006_s003_a001,_:n730a4be625a1417cba897ceb62df5fcdb7,sh:MinCountConstraintComponent,leco:conceptUseTime,,El uso del concepto histórico no tiene todavía contexto temporal identificado. Mantener como incompletitud si la fuente o los metadatos no permiten fecharlo.
cab-001-006,build/shacl_reports_quality/cab-001-006.ttl,True,Warning,https://w3id.org/leco/data/co-ahrb-cab-001-d006/event_cab-001-006_cab-001-006_s005_a002,_:n730a4be625a1417cba897ceb62df5fcdb9,sh:MinCountConstraintComponent,leco:sanctions,,No se ha identificado el actor sancionado.
cab-001-007,build/shacl_reports_quality/cab-001-007.ttl,True,Warning,https://w3id.org/leco/data/co-ahrb-cab-001-d007/event_cab-001-007_cab-001-007_s002_a002,https://w3id.org/leco/shapes/quality#JurisdictionalActParticipantQualityShape,sh:OrConstraintComponent,,https://w3id.org/leco/data/co-ahrb-cab-001-d007/event_cab-001-007_cab-001-007_s002_a002,No se ha identificado ningún participante del acto. Mantener como incompletitud si la fuente no permite establecerlo.
cab-001-007,build/shacl_reports_quality/cab-001-007.ttl,True,Warning,https://w3id.org/leco/data/co-ahrb-cab-001-d007/event_cab-001-007_cab-001-007_s002_a001,https://w3id.org/leco/shapes/quality#JurisdictionalActParticipantQualityShape,sh:OrConstraintComponent,,https://w3id.org/leco/data/co-ahrb-cab-001-d007/event_cab-001-007_cab-001-007_s002_a001,No se ha identificado ningún participante del acto. Mantener como incompletitud si la fuente no permite establecerlo.
cab-001-007,build/shacl_reports_quality/cab-001-007.ttl,True,Warning,https://w3id.org/leco/data/co-ahrb-cab-001-d007/event_cab-001-007_cab-001-007_s002_a002,_:n3603d9f99704409da35625fb0716564bb14,sh:MinCountConstraintComponent,leco:appealsAgainst,,No se ha identificado la decisión apelada.
cab-001-007,build/shacl_reports_quality/cab-001-007.ttl,True,Warning,https://w3id.org/leco/data/co-ahrb-cab-001-d007/event_cab-001-007_cab-001-007_s003_a002,_:n3603d9f99704409da35625fb0716564bb8,sh:MinCountConstraintComponent,leco:withinJurisdiction,,"No se ha identificado una jurisdicción para este acto. Es una laguna de completitud, no un error estructural."
cab-001-007,build/shacl_reports_quality/cab-001-007.ttl,True,Warning,https://w3id.org/leco/data/co-ahrb-cab-001-d007/event_cab-001-007_cab-001-007_s001_a003,https://w3id.org/leco/shapes/quality#JurisdictionalActParticipantQualityShape,sh:OrConstraintComponent,,https://w3id.org/leco/data/co-ahrb-cab-001-d007/event_cab-001-007_cab-001-007_s001_a003,No se ha identificado ningún participante del acto. Mantener como incompletitud si la fuente no permite establecerlo.
cab-001-007,build/shacl_reports_quality/cab-001-007.ttl,True,Warning,https://w3id.org/leco/data/co-ahrb-cab-001-d007/event_cab-001-007_cab-001-007_s003_a005,_:n3603d9f99704409da35625fb0716564bb8,sh:MinCountConstraintComponent,leco:withinJurisdiction,,"No se ha identificado una jurisdicción para este acto. Es una laguna de completitud, no un error estructural."
cab-001-007,build/shacl_reports_quality/cab-001-007.ttl,True,Warning,https://w3id.org/leco/data/co-ahrb-cab-001-d007/event_cab-001-007_cab-001-007_s002_a002,_:n3603d9f99704409da35625fb0716564bb8,sh:MinCountConstraintComponent,leco:withinJurisdiction,,"No se ha identificado una jurisdicción para este acto. Es una laguna de completitud, no un error estructural."
cab-001-007,build/shacl_reports_quality/cab-001-007.ttl,True,Warning,https://w3id.org/leco/data/co-ahrb-cab-001-d007/event_cab-001-007_cab-001-007_s001_a003,_:n3603d9f99704409da35625fb0716564bb8,sh:MinCountConstraintComponent,leco:withinJurisdiction,,"No se ha identificado una jurisdicción para este acto. Es una laguna de completitud, no un error estructural."
cab-001-007,build/shacl_reports_quality/cab-001-007.ttl,True,Warning,https://w3id.org/leco/data/co-ahrb-cab-001-d007/event_cab-001-007_cab-001-007_s003_a005,https://w3id.org/leco/shapes/quality#JurisdictionalActParticipantQualityShape,sh:OrConstraintComponent,,https://w3id.org/leco/data/co-ahrb-cab-001-d007/event_cab-001-007_cab-001-007_s003_a005,No se ha identificado ningún participante del acto. Mantener como incompletitud si la fuente no permite establecerlo.
cab-001-007,build/shacl_reports_quality/cab-001-007.ttl,True,Warning,https://w3id.org/leco/data/co-ahrb-cab-001-d007/event_cab-001-007_cab-001-007_s001_a003,_:n3603d9f99704409da35625fb0716564bb4,sh:MinCountConstraintComponent,leco:createsRepresentation,,El otorgamiento de poder no está enlazado todavía con una relación de representación.
cab-001-007,build/shacl_reports_quality/cab-001-007.ttl,True,Warning,https://w3id.org/leco/data/co-ahrb-cab-001-d007/event_cab-001-007_cab-001-007_s003_a002,https://w3id.org/leco/shapes/quality#JurisdictionalActParticipantQualityShape,sh:OrConstraintComponent,,https://w3id.org/leco/data/co-ahrb-cab-001-d007/event_cab-001-007_cab-001-007_s003_a002,No se ha identificado ningún participante del acto. Mantener como incompletitud si la fuente no permite establecerlo.
cab-001-007,build/shacl_reports_quality/cab-001-007.ttl,True,Warning,https://w3id.org/leco/data/co-ahrb-cab-001-d007/event_cab-001-007_cab-001-007_s003_a005,_:n3603d9f99704409da35625fb0716564bb4,sh:MinCountConstraintComponent,leco:createsRepresentation,,El otorgamiento de poder no está enlazado todavía con una relación de representación.
cab-001-007,build/shacl_reports_quality/cab-001-007.ttl,True,Warning,https://w3id.org/leco/data/co-ahrb-cab-001-d007/event_cab-001-007_cab-001-007_s002_a001,_:n3603d9f99704409da35625fb0716564bb8,sh:MinCountConstraintComponent,leco:withinJurisdiction,,"No se ha identificado una jurisdicción para este acto. Es una laguna de completitud, no un error estructural."
cab-001-007,build/shacl_reports_quality/cab-001-007.ttl,True,Warning,https://w3id.org/leco/data/co-ahrb-cab-001-d007/event_cab-001-007_cab-001-007_s002_a002,_:n3603d9f99704409da35625fb0716564bb10,sh:MinCountConstraintComponent,leco:beforeAuthority,,No se ha identificado la autoridad ante la cual se presenta la apelación.
cab-001-008,build/shacl_reports_quality/cab-001-008.ttl,True,Warning,https://w3id.org/leco/data/co-ahrb-cab-001-d008/event_cab-001-008_cab-001-008_s005_a003,https://w3id.org/leco/shapes/quality#JurisdictionalActParticipantQualityShape,sh:OrConstraintComponent,,https://w3id.org/leco/data/co-ahrb-cab-001-d008/event_cab-001-008_cab-001-008_s005_a003,No se ha identificado ningún participante del acto. Mantener como incompletitud si la fuente no permite establecerlo.
cab-001-008,build/shacl_reports_quality/cab-001-008.ttl,True,Warning,https://w3id.org/leco/data/co-ahrb-cab-001-d008/event_cab-001-008_cab-001-008_s003_a002,_:nd0ed988d9cd84786865fa77a129728a3b12,sh:MinCountConstraintComponent,leco:appointsPerson,,No se ha identificado la persona nombrada.
cab-001-008,build/shacl_reports_quality/cab-001-008.ttl,True,Warning,https://w3id.org/leco/data/co-ahrb-cab-001-d008/event_cab-001-008_cab-001-008_s003_a002,https://w3id.org/leco/shapes/quality#JurisdictionalActParticipantQualityShape,sh:OrConstraintComponent,,https://w3id.org/leco/data/co-ahrb-cab-001-d008/event_cab-001-008_cab-001-008_s003_a002,No se ha identificado ningún participante del acto. Mantener como incompletitud si la fuente no permite establecerlo.
cab-001-008,build/shacl_reports_quality/cab-001-008.ttl,True,Warning,https://w3id.org/leco/data/co-ahrb-cab-001-d008/event_cab-001-008_cab-001-008_s003_a002,_:nd0ed988d9cd84786865fa77a129728a3b3,sh:MinCountConstraintComponent,leco:withinJurisdiction,,"No se ha identificado una jurisdicción para este acto. Es una laguna de completitud, no un error estructural."
cab-001-008,build/shacl_reports_quality/cab-001-008.ttl,True,Warning,https://w3id.org/leco/data/co-ahrb-cab-001-d008/event_cab-001-008_cab-001-008_s003_a002,_:nd0ed988d9cd84786865fa77a129728a3b5,sh:MinCountConstraintComponent,leco:appointsToOffice,,No se ha identificado el oficio al que se realiza el nombramiento.
cab-001-008,build/shacl_reports_quality/cab-001-008.ttl,True,Warning,https://w3id.org/leco/data/co-ahrb-cab-001-d008/event_cab-001-008_cab-001-008_s005_a003,_:nd0ed988d9cd84786865fa77a129728a3b3,sh:MinCountConstraintComponent,leco:withinJurisdiction,,"No se ha identificado una jurisdicción para este acto. Es una laguna de completitud, no un error estructural."
cab-001-008,build/shacl_reports_quality/cab-001-008.ttl,True,Warning,https://w3id.org/leco/data/co-ahrb-cab-001-d008/event_cab-001-008_cab-001-008_s005_a004,_:nd0ed988d9cd84786865fa77a129728a3b3,sh:MinCountConstraintComponent,leco:withinJurisdiction,,"No se ha identificado una jurisdicción para este acto. Es una laguna de completitud, no un error estructural."
cab-001-008,build/shacl_reports_quality/cab-001-008.ttl,True,Warning,https://w3id.org/leco/data/co-ahrb-cab-001-d008/event_cab-001-008_cab-001-008_s005_a005,_:nd0ed988d9cd84786865fa77a129728a3b3,sh:MinCountConstraintComponent,leco:withinJurisdiction,,"No se ha identificado una jurisdicción para este acto. Es una laguna de completitud, no un error estructural."
cab-001-008,build/shacl_reports_quality/cab-001-008.ttl,True,Warning,https://w3id.org/leco/data/co-ahrb-cab-001-d008/event_cab-001-008_cab-001-008_s005_a005,_:nd0ed988d9cd84786865fa77a129728a3b5,sh:MinCountConstraintComponent,leco:appointsToOffice,,No se ha identificado el oficio al que se realiza el nombramiento.
cab-001-011,build/shacl_reports_quality/cab-001-011.ttl,True,Warning,https://w3id.org/leco/data/co-ahrb-cab-001-d0011/event_cab-001-011_cab-001-011_s004_a003,https://w3id.org/leco/shapes/quality#JurisdictionalActParticipantQualityShape,sh:OrConstraintComponent,,https://w3id.org/leco/data/co-ahrb-cab-001-d0011/event_cab-001-011_cab-001-011_s004_a003,No se ha identificado ningún participante del acto. Mantener como incompletitud si la fuente no permite establecerlo.
cab-001-011,build/shacl_reports_quality/cab-001-011.ttl,True,Warning,https://w3id.org/leco/data/co-ahrb-cab-001-d0011/event_cab-001-011_cab-001-011_s001_a007,_:ne142db36d05c42d79f46ed815d93c3dfb3,sh:MinCountConstraintComponent,leco:withinJurisdiction,,"No se ha identificado una jurisdicción para este acto. Es una laguna de completitud, no un error estructural."
cab-001-011,build/shacl_reports_quality/cab-001-011.ttl,True,Warning,https://w3id.org/leco/data/co-ahrb-cab-001-d0011/event_cab-001-011_cab-001-011_s003_a002,_:ne142db36d05c42d79f46ed815d93c3dfb3,sh:MinCountConstraintComponent,leco:withinJurisdiction,,"No se ha identificado una jurisdicción para este acto. Es una laguna de completitud, no un error estructural."
cab-001-011,build/shacl_reports_quality/cab-001-011.ttl,True,Warning,https://w3id.org/leco/data/co-ahrb-cab-001-d0011/event_cab-001-011_cab-001-011_s004_a003,_:ne142db36d05c42d79f46ed815d93c3dfb3,sh:MinCountConstraintComponent,leco:withinJurisdiction,,"No se ha identificado una jurisdicción para este acto. Es una laguna de completitud, no un error estructural."
cab-001-011,build/shacl_reports_quality/cab-001-011.ttl,True,Warning,https://w3id.org/leco/data/co-ahrb-cab-001-d0011/event_cab-001-011_cab-001-011_s002_a002,https://w3id.org/leco/shapes/quality#JurisdictionalActParticipantQualityShape,sh:OrConstraintComponent,,https://w3id.org/leco/data/co-ahrb-cab-001-d0011/event_cab-001-011_cab-001-011_s002_a002,No se ha identificado ningún participante del acto. Mantener como incompletitud si la fuente no permite establecerlo.
cab-001-011,build/shacl_reports_quality/cab-001-011.ttl,True,Warning,https://w3id.org/leco/data/co-ahrb-cab-001-d0011/event_cab-001-011_cab-001-011_s003_a002,https://w3id.org/leco/shapes/quality#JurisdictionalActParticipantQualityShape,sh:OrConstraintComponent,,https://w3id.org/leco/data/co-ahrb-cab-001-d0011/event_cab-001-011_cab-001-011_s003_a002,No se ha identificado ningún participante del acto. Mantener como incompletitud si la fuente no permite establecerlo.
cab-001-011,build/shacl_reports_quality/cab-001-011.ttl,True,Warning,https://w3id.org/leco/data/co-ahrb-cab-001-d0011/event_cab-001-011_cab-001-011_s001_a007,_:ne142db36d05c42d79f46ed815d93c3dfb7,sh:MinCountConstraintComponent,leco:decidedBy,,No se ha identificado quién decidió esta decisión jurídica.
cab-001-011,build/shacl_reports_quality/cab-001-011.ttl,True,Warning,https://w3id.org/leco/data/co-ahrb-cab-001-d0011/event_cab-001-011_cab-001-011_s002_a001,_:ne142db36d05c42d79f46ed815d93c3dfb3,sh:MinCountConstraintComponent,leco:withinJurisdiction,,"No se ha identificado una jurisdicción para este acto. Es una laguna de completitud, no un error estructural."
cab-001-011,build/shacl_reports_quality/cab-001-011.ttl,True,Warning,https://w3id.org/leco/data/co-ahrb-cab-001-d0011/event_cab-001-011_cab-001-011_s001_a005,https://w3id.org/leco/shapes/quality#JurisdictionalActParticipantQualityShape,sh:OrConstraintComponent,,https://w3id.org/leco/data/co-ahrb-cab-001-d0011/event_cab-001-011_cab-001-011_s001_a005,No se ha identificado ningún participante del acto. Mantener como incompletitud si la fuente no permite establecerlo.
cab-001-011,build/shacl_reports_quality/cab-001-011.ttl,True,Warning,https://w3id.org/leco/data/co-ahrb-cab-001-d0011/event_cab-001-011_cab-001-011_s002_a002,_:ne142db36d05c42d79f46ed815d93c3dfb3,sh:MinCountConstraintComponent,leco:withinJurisdiction,,"No se ha identificado una jurisdicción para este acto. Es una laguna de completitud, no un error estructural."
cab-001-011,build/shacl_reports_quality/cab-001-011.ttl,True,Warning,https://w3id.org/leco/data/co-ahrb-cab-001-d0011/event_cab-001-011_cab-001-011_s001_a005,_:ne142db36d05c42d79f46ed815d93c3dfb3,sh:MinCountConstraintComponent,leco:withinJurisdiction,,"No se ha identificado una jurisdicción para este acto. Es una laguna de completitud, no un error estructural."
cab-001-011,build/shacl_reports_quality/cab-001-011.ttl,True,Warning,https://w3id.org/leco/data/co-ahrb-cab-001-d0011/event_cab-001-011_cab-001-011_s004_a003,_:ne142db36d05c42d79f46ed815d93c3dfb5,sh:MinCountConstraintComponent,leco:sanctions,,No se ha identificado el actor sancionado.
cab-001-011,build/shacl_reports_quality/cab-001-011.ttl,True,Warning,https://w3id.org/leco/data/co-ahrb-cab-001-d0011/event_cab-001-011_cab-001-011_s002_a001,https://w3id.org/leco/shapes/quality#JurisdictionalActParticipantQualityShape,sh:OrConstraintComponent,,https://w3id.org/leco/data/co-ahrb-cab-001-d0011/event_cab-001-011_cab-001-011_s002_a001,No se ha identificado ningún participante del acto. Mantener como incompletitud si la fuente no permite establecerlo.
cab-001-011,build/shacl_reports_quality/cab-001-011.ttl,True,Warning,https://w3id.org/leco/data/co-ahrb-cab-001-d0011/event_cab-001-011_cab-001-011_s004_a003,_:ne142db36d05c42d79f46ed815d93c3dfb7,sh:MinCountConstraintComponent,leco:decidedBy,,No se ha identificado quién decidió esta decisión jurídica.
cab-001-011,build/shacl_reports_quality/cab-001-011.ttl,True,Warning,https://w3id.org/leco/data/co-ahrb-cab-001-d0011/event_cab-001-011_cab-001-011_s001_a007,_:ne142db36d05c42d79f46ed815d93c3dfb5,sh:MinCountConstraintComponent,leco:sanctions,,No se ha identificado el actor sancionado.
cab-001-011,build/shacl_reports_quality/cab-001-011.ttl,True,Warning,https://w3id.org/leco/data/co-ahrb-cab-001-d0011/event_cab-001-011_cab-001-011_s002_a001,_:ne142db36d05c42d79f46ed815d93c3dfb7,sh:MinCountConstraintComponent,leco:decidedBy,,No se ha identificado quién decidió esta decisión jurídica.
cab-001-011,build/shacl_reports_quality/cab-001-011.ttl,True,Warning,https://w3id.org/leco/data/co-ahrb-cab-001-d0011/event_cab-001-011_cab-001-011_s001_a007,https://w3id.org/leco/shapes/quality#JurisdictionalActParticipantQualityShape,sh:OrConstraintComponent,,https://w3id.org/leco/data/co-ahrb-cab-001-d0011/event_cab-001-011_cab-001-011_s001_a007,No se ha identificado ningún participante del acto. Mantener como incompletitud si la fuente no permite establecerlo.
cab-001-011,build/shacl_reports_quality/cab-001-011.ttl,True,Warning,https://w3id.org/leco/data/co-ahrb-cab-001-d0011/event_cab-001-011_cab-001-011_s001_a005,_:ne142db36d05c42d79f46ed815d93c3dfb7,sh:MinCountConstraintComponent,leco:decidedBy,,No se ha identificado quién decidió esta decisión jurídica.
cab-001-012,build/shacl_reports_quality/cab-001-012.ttl,True,Warning,https://w3id.org/leco/data/co-ahrb-cab-001-d0012/event_cab-001-012_cab-001-012_s002_a006,_:n13b1555d84834e5c99ee2e0b1ab3a97bb5,sh:MinCountConstraintComponent,leco:withinJurisdiction,,"No se ha identificado una jurisdicción para este acto. Es una laguna de completitud, no un error estructural."
cab-001-012,build/shacl_reports_quality/cab-001-012.ttl,True,Warning,https://w3id.org/leco/data/co-ahrb-cab-001-d0012/event_cab-001-012_cab-001-012_s002_a003,https://w3id.org/leco/shapes/quality#JurisdictionalActParticipantQualityShape,sh:OrConstraintComponent,,https://w3id.org/leco/data/co-ahrb-cab-001-d0012/event_cab-001-012_cab-001-012_s002_a003,No se ha identificado ningún participante del acto. Mantener como incompletitud si la fuente no permite establecerlo.
cab-001-012,build/shacl_reports_quality/cab-001-012.ttl,True,Warning,https://w3id.org/leco/data/co-ahrb-cab-001-d0012/event_cab-001-012_cab-001-012_s004_a002,_:n13b1555d84834e5c99ee2e0b1ab3a97bb10,sh:MinCountConstraintComponent,leco:decidedBy,,No se ha identificado quién decidió esta decisión jurídica.
cab-001-012,build/shacl_reports_quality/cab-001-012.ttl,True,Warning,https://w3id.org/leco/data/co-ahrb-cab-001-d0012/event_cab-001-012_cab-001-012_s006_a004,https://w3id.org/leco/shapes/quality#JurisdictionalActParticipantQualityShape,sh:OrConstraintComponent,,https://w3id.org/leco/data/co-ahrb-cab-001-d0012/event_cab-001-012_cab-001-012_s006_a004,No se ha identificado ningún participante del acto. Mantener como incompletitud si la fuente no permite establecerlo.
cab-001-012,build/shacl_reports_quality/cab-001-012.ttl,True,Warning,https://w3id.org/leco/data/co-ahrb-cab-001-d0012/event_cab-001-012_cab-001-012_s005_a002,_:n13b1555d84834e5c99ee2e0b1ab3a97bb5,sh:MinCountConstraintComponent,leco:withinJurisdiction,,"No se ha identificado una jurisdicción para este acto. Es una laguna de completitud, no un error estructural."
cab-001-012,build/shacl_reports_quality/cab-001-012.ttl,True,Warning,https://w3id.org/leco/data/co-ahrb-cab-001-d0012/event_cab-001-012_cab-001-012_s003_a003,_:n13b1555d84834e5c99ee2e0b1ab3a97bb10,sh:MinCountConstraintComponent,leco:decidedBy,,No se ha identificado quién decidió esta decisión jurídica.
cab-001-012,build/shacl_reports_quality/cab-001-012.ttl,True,Warning,https://w3id.org/leco/data/co-ahrb-cab-001-d0012/event_cab-001-012_cab-001-012_s005_a002,https://w3id.org/leco/shapes/quality#JurisdictionalActParticipantQualityShape,sh:OrConstraintComponent,,https://w3id.org/leco/data/co-ahrb-cab-001-d0012/event_cab-001-012_cab-001-012_s005_a002,No se ha identificado ningún participante del acto. Mantener como incompletitud si la fuente no permite establecerlo.
cab-001-012,build/shacl_reports_quality/cab-001-012.ttl,True,Warning,https://w3id.org/leco/data/co-ahrb-cab-001-d0012/event_cab-001-012_cab-001-012_s006_a004,_:n13b1555d84834e5c99ee2e0b1ab3a97bb19,sh:MinCountConstraintComponent,leco:createsRepresentation,,El otorgamiento de poder no está enlazado todavía con una relación de representación.
cab-001-012,build/shacl_reports_quality/cab-001-012.ttl,True,Warning,https://w3id.org/leco/data/co-ahrb-cab-001-d0012/event_cab-001-012_cab-001-012_s002_a006,https://w3id.org/leco/shapes/quality#JurisdictionalActParticipantQualityShape,sh:OrConstraintComponent,,https://w3id.org/leco/data/co-ahrb-cab-001-d0012/event_cab-001-012_cab-001-012_s002_a006,No se ha identificado ningún participante del acto. Mantener como incompletitud si la fuente no permite establecerlo.
cab-001-012,build/shacl_reports_quality/cab-001-012.ttl,True,Warning,https://w3id.org/leco/data/co-ahrb-cab-001-d0012/event_cab-001-012_cab-001-012_s006_a004,_:n13b1555d84834e5c99ee2e0b1ab3a97bb5,sh:MinCountConstraintComponent,leco:withinJurisdiction,,"No se ha identificado una jurisdicción para este acto. Es una laguna de completitud, no un error estructural."
cab-001-012,build/shacl_reports_quality/cab-001-012.ttl,True,Warning,https://w3id.org/leco/data/co-ahrb-cab-001-d0012/event_cab-001-012_cab-001-012_s003_a004,_:n13b1555d84834e5c99ee2e0b1ab3a97bb5,sh:MinCountConstraintComponent,leco:withinJurisdiction,,"No se ha identificado una jurisdicción para este acto. Es una laguna de completitud, no un error estructural."
cab-001-012,build/shacl_reports_quality/cab-001-012.ttl,True,Warning,https://w3id.org/leco/data/co-ahrb-cab-001-d0012/event_cab-001-012_cab-001-012_s003_a005,https://w3id.org/leco/shapes/quality#JurisdictionalActParticipantQualityShape,sh:OrConstraintComponent,,https://w3id.org/leco/data/co-ahrb-cab-001-d0012/event_cab-001-012_cab-001-012_s003_a005,No se ha identificado ningún participante del acto. Mantener como incompletitud si la fuente no permite establecerlo.
cab-001-012,build/shacl_reports_quality/cab-001-012.ttl,True,Warning,https://w3id.org/leco/data/co-ahrb-cab-001-d0012/event_cab-001-012_cab-001-012_s004_a002,_:n13b1555d84834e5c99ee2e0b1ab3a97bb5,sh:MinCountConstraintComponent,leco:withinJurisdiction,,"No se ha identificado una jurisdicción para este acto. Es una laguna de completitud, no un error estructural."
cab-001-012,build/shacl_reports_quality/cab-001-012.ttl,True,Warning,https://w3id.org/leco/data/co-ahrb-cab-001-d0012/event_cab-001-012_cab-001-012_s003_a005,_:n13b1555d84834e5c99ee2e0b1ab3a97bb5,sh:MinCountConstraintComponent,leco:withinJurisdiction,,"No se ha identificado una jurisdicción para este acto. Es una laguna de completitud, no un error estructural."
cab-001-012,build/shacl_reports_quality/cab-001-012.ttl,True,Warning,https://w3id.org/leco/data/co-ahrb-cab-001-d0012/event_cab-001-012_cab-001-012_s003_a003,_:n13b1555d84834e5c99ee2e0b1ab3a97bb26,sh:MinCountConstraintComponent,leco:sanctions,,No se ha identificado el actor sancionado.
cab-001-012,build/shacl_reports_quality/cab-001-012.ttl,True,Warning,https://w3id.org/leco/data/co-ahrb-cab-001-d0012/event_cab-001-012_cab-001-012_s004_a002,https://w3id.org/leco/shapes/quality#JurisdictionalActParticipantQualityShape,sh:OrConstraintComponent,,https://w3id.org/leco/data/co-ahrb-cab-001-d0012/event_cab-001-012_cab-001-012_s004_a002,No se ha identificado ningún participante del acto. Mantener como incompletitud si la fuente no permite establecerlo.
cab-001-012,build/shacl_reports_quality/cab-001-012.ttl,True,Warning,https://w3id.org/leco/data/co-ahrb-cab-001-d0012/event_cab-001-012_cab-001-012_s004_a003,https://w3id.org/leco/shapes/quality#JurisdictionalActParticipantQualityShape,sh:OrConstraintComponent,,https://w3id.org/leco/data/co-ahrb-cab-001-d0012/event_cab-001-012_cab-001-012_s004_a003,No se ha identificado ningún participante del acto. Mantener como incompletitud si la fuente no permite establecerlo.
cab-001-012,build/shacl_reports_quality/cab-001-012.ttl,True,Warning,https://w3id.org/leco/data/co-ahrb-cab-001-d0012/event_cab-001-012_cab-001-012_s002_a001,_:n13b1555d84834e5c99ee2e0b1ab3a97bb5,sh:MinCountConstraintComponent,leco:withinJurisdiction,,"No se ha identificado una jurisdicción para este acto. Es una laguna de completitud, no un error estructural."
cab-001-012,build/shacl_reports_quality/cab-001-012.ttl,True,Warning,https://w3id.org/leco/data/co-ahrb-cab-001-d0012/event_cab-001-012_cab-001-012_s003_a003,https://w3id.org/leco/shapes/quality#JurisdictionalActParticipantQualityShape,sh:OrConstraintComponent,,https://w3id.org/leco/data/co-ahrb-cab-001-d0012/event_cab-001-012_cab-001-012_s003_a003,No se ha identificado ningún participante del acto. Mantener como incompletitud si la fuente no permite establecerlo.
cab-001-012,build/shacl_reports_quality/cab-001-012.ttl,True,Warning,https://w3id.org/leco/data/co-ahrb-cab-001-d0012/event_cab-001-012_cab-001-012_s004_a003,_:n13b1555d84834e5c99ee2e0b1ab3a97bb5,sh:MinCountConstraintComponent,leco:withinJurisdiction,,"No se ha identificado una jurisdicción para este acto. Es una laguna de completitud, no un error estructural."
cab-001-012,build/shacl_reports_quality/cab-001-012.ttl,True,Warning,https://w3id.org/leco/data/co-ahrb-cab-001-d0012/event_cab-001-012_cab-001-012_s003_a004,https://w3id.org/leco/shapes/quality#JurisdictionalActParticipantQualityShape,sh:OrConstraintComponent,,https://w3id.org/leco/data/co-ahrb-cab-001-d0012/event_cab-001-012_cab-001-012_s003_a004,No se ha identificado ningún participante del acto. Mantener como incompletitud si la fuente no permite establecerlo.
cab-001-012,build/shacl_reports_quality/cab-001-012.ttl,True,Warning,https://w3id.org/leco/data/co-ahrb-cab-001-d0012/event_cab-001-012_cab-001-012_s002_a003,_:n13b1555d84834e5c99ee2e0b1ab3a97bb5,sh:MinCountConstraintComponent,leco:withinJurisdiction,,"No se ha identificado una jurisdicción para este acto. Es una laguna de completitud, no un error estructural."
cab-001-012,build/shacl_reports_quality/cab-001-012.ttl,True,Warning,https://w3id.org/leco/data/co-ahrb-cab-001-d0012/event_cab-001-012_cab-001-012_s003_a003,_:n13b1555d84834e5c99ee2e0b1ab3a97bb5,sh:MinCountConstraintComponent,leco:withinJurisdiction,,"No se ha identificado una jurisdicción para este acto. Es una laguna de completitud, no un error estructural."
cab-001-012,build/shacl_reports_quality/cab-001-012.ttl,True,Warning,https://w3id.org/leco/data/co-ahrb-cab-001-d0012/event_cab-001-012_cab-001-012_s003_a004,_:n13b1555d84834e5c99ee2e0b1ab3a97bb10,sh:MinCountConstraintComponent,leco:decidedBy,,No se ha identificado quién decidió esta decisión jurídica.
cab-001-016,build/shacl_reports_quality/cab-001-016.ttl,True,Warning,https://w3id.org/leco/data/co-ahrb-cab-001-d0016/event_cab-001-016_cab-001-016_s003_a003,https://w3id.org/leco/shapes/quality#JurisdictionalActParticipantQualityShape,sh:OrConstraintComponent,,https://w3id.org/leco/data/co-ahrb-cab-001-d0016/event_cab-001-016_cab-001-016_s003_a003,No se ha identificado ningún participante del acto. Mantener como incompletitud si la fuente no permite establecerlo.
cab-001-016,build/shacl_reports_quality/cab-001-016.ttl,True,Warning,https://w3id.org/leco/data/co-ahrb-cab-001-d0016/event_cab-001-016_cab-001-016_s002_a001,https://w3id.org/leco/shapes/quality#JurisdictionalActParticipantQualityShape,sh:OrConstraintComponent,,https://w3id.org/leco/data/co-ahrb-cab-001-d0016/event_cab-001-016_cab-001-016_s002_a001,No se ha identificado ningún participante del acto. Mantener como incompletitud si la fuente no permite establecerlo.
cab-001-016,build/shacl_reports_quality/cab-001-016.ttl,True,Warning,https://w3id.org/leco/data/co-ahrb-cab-001-d0016/event_cab-001-016_cab-001-016_s002_a005,https://w3id.org/leco/shapes/quality#JurisdictionalActParticipantQualityShape,sh:OrConstraintComponent,,https://w3id.org/leco/data/co-ahrb-cab-001-d0016/event_cab-001-016_cab-001-016_s002_a005,No se ha identificado ningún participante del acto. Mantener como incompletitud si la fuente no permite establecerlo.
cab-001-016,build/shacl_reports_quality/cab-001-016.ttl,True,Warning,https://w3id.org/leco/data/co-ahrb-cab-001-d0016/event_cab-001-016_cab-001-016_s003_a003,_:ne1fb5a8fa6ab4e3b91f9799d10da11a3b3,sh:MinCountConstraintComponent,leco:withinJurisdiction,,"No se ha identificado una jurisdicción para este acto. Es una laguna de completitud, no un error estructural."
cab-001-016,build/shacl_reports_quality/cab-001-016.ttl,True,Warning,https://w3id.org/leco/data/co-ahrb-cab-001-d0016/event_cab-001-016_cab-001-016_s004_a003,_:ne1fb5a8fa6ab4e3b91f9799d10da11a3b3,sh:MinCountConstraintComponent,leco:withinJurisdiction,,"No se ha identificado una jurisdicción para este acto. Es una laguna de completitud, no un error estructural."
cab-001-016,build/shacl_reports_quality/cab-001-016.ttl,True,Warning,https://w3id.org/leco/data/co-ahrb-cab-001-d0016/event_cab-001-016_cab-001-016_s004_a004,_:ne1fb5a8fa6ab4e3b91f9799d10da11a3b3,sh:MinCountConstraintComponent,leco:withinJurisdiction,,"No se ha identificado una jurisdicción para este acto. Es una laguna de completitud, no un error estructural."
cab-001-016,build/shacl_reports_quality/cab-001-016.ttl,True,Warning,https://w3id.org/leco/data/co-ahrb-cab-001-d0016/event_cab-001-016_cab-001-016_s006_a001,_:ne1fb5a8fa6ab4e3b91f9799d10da11a3b3,sh:MinCountConstraintComponent,leco:withinJurisdiction,,"No se ha identificado una jurisdicción para este acto. Es una laguna de completitud, no un error estructural."
cab-001-016,build/shacl_reports_quality/cab-001-016.ttl,True,Warning,https://w3id.org/leco/data/co-ahrb-cab-001-d0016/event_cab-001-016_cab-001-016_s004_a004,https://w3id.org/leco/shapes/quality#JurisdictionalActParticipantQualityShape,sh:OrConstraintComponent,,https://w3id.org/leco/data/co-ahrb-cab-001-d0016/event_cab-001-016_cab-001-016_s004_a004,No se ha identificado ningún participante del acto. Mantener como incompletitud si la fuente no permite establecerlo.
cab-001-016,build/shacl_reports_quality/cab-001-016.ttl,True,Warning,https://w3id.org/leco/data/co-ahrb-cab-001-d0016/event_cab-001-016_cab-001-016_s004_a003,https://w3id.org/leco/shapes/quality#JurisdictionalActParticipantQualityShape,sh:OrConstraintComponent,,https://w3id.org/leco/data/co-ahrb-cab-001-d0016/event_cab-001-016_cab-001-016_s004_a003,No se ha identificado ningún participante del acto. Mantener como incompletitud si la fuente no permite establecerlo.
cab-001-016,build/shacl_reports_quality/cab-001-016.ttl,True,Warning,https://w3id.org/leco/data/co-ahrb-cab-001-d0016/event_cab-001-016_cab-001-016_s004_a001,_:ne1fb5a8fa6ab4e3b91f9799d10da11a3b5,sh:MinCountConstraintComponent,leco:decidedBy,,No se ha identificado quién decidió esta decisión jurídica.
cab-001-016,build/shacl_reports_quality/cab-001-016.ttl,True,Warning,https://w3id.org/leco/data/co-ahrb-cab-001-d0016/event_cab-001-016_cab-001-016_s004_a001,_:ne1fb5a8fa6ab4e3b91f9799d10da11a3b3,sh:MinCountConstraintComponent,leco:withinJurisdiction,,"No se ha identificado una jurisdicción para este acto. Es una laguna de completitud, no un error estructural."
cab-001-016,build/shacl_reports_quality/cab-001-016.ttl,True,Warning,https://w3id.org/leco/data/co-ahrb-cab-001-d0016/event_cab-001-016_cab-001-016_s006_a001,https://w3id.org/leco/shapes/quality#JurisdictionalActParticipantQualityShape,sh:OrConstraintComponent,,https://w3id.org/leco/data/co-ahrb-cab-001-d0016/event_cab-001-016_cab-001-016_s006_a001,No se ha identificado ningún participante del acto. Mantener como incompletitud si la fuente no permite establecerlo.
cab-001-016,build/shacl_reports_quality/cab-001-016.ttl,True,Warning,https://w3id.org/leco/data/co-ahrb-cab-001-d0016/event_cab-001-016_cab-001-016_s002_a005,_:ne1fb5a8fa6ab4e3b91f9799d10da11a3b3,sh:MinCountConstraintComponent,leco:withinJurisdiction,,"No se ha identificado una jurisdicción para este acto. Es una laguna de completitud, no un error estructural."
cab-001-016,build/shacl_reports_quality/cab-001-016.ttl,True,Warning,https://w3id.org/leco/data/co-ahrb-cab-001-d0016/event_cab-001-016_cab-001-016_s003_a004,_:ne1fb5a8fa6ab4e3b91f9799d10da11a3b3,sh:MinCountConstraintComponent,leco:withinJurisdiction,,"No se ha identificado una jurisdicción para este acto. Es una laguna de completitud, no un error estructural."
cab-001-016,build/shacl_reports_quality/cab-001-016.ttl,True,Warning,https://w3id.org/leco/data/co-ahrb-cab-001-d0016/event_cab-001-016_cab-001-016_s002_a006,_:ne1fb5a8fa6ab4e3b91f9799d10da11a3b3,sh:MinCountConstraintComponent,leco:withinJurisdiction,,"No se ha identificado una jurisdicción para este acto. Es una laguna de completitud, no un error estructural."
cab-001-016,build/shacl_reports_quality/cab-001-016.ttl,True,Warning,https://w3id.org/leco/data/co-ahrb-cab-001-d0016/event_cab-001-016_cab-001-016_s004_a003,_:ne1fb5a8fa6ab4e3b91f9799d10da11a3b5,sh:MinCountConstraintComponent,leco:decidedBy,,No se ha identificado quién decidió esta decisión jurídica.
cab-001-016,build/shacl_reports_quality/cab-001-016.ttl,True,Warning,https://w3id.org/leco/data/co-ahrb-cab-001-d0016/event_cab-001-016_cab-001-016_s004_a001,https://w3id.org/leco/shapes/quality#JurisdictionalActParticipantQualityShape,sh:OrConstraintComponent,,https://w3id.org/leco/data/co-ahrb-cab-001-d0016/event_cab-001-016_cab-001-016_s004_a001,No se ha identificado ningún participante del acto. Mantener como incompletitud si la fuente no permite establecerlo.
cab-001-016,build/shacl_reports_quality/cab-001-016.ttl,True,Warning,https://w3id.org/leco/data/co-ahrb-cab-001-d0016/event_cab-001-016_cab-001-016_s002_a006,https://w3id.org/leco/shapes/quality#JurisdictionalActParticipantQualityShape,sh:OrConstraintComponent,,https://w3id.org/leco/data/co-ahrb-cab-001-d0016/event_cab-001-016_cab-001-016_s002_a006,No se ha identificado ningún participante del acto. Mantener como incompletitud si la fuente no permite establecerlo.
cab-001-016,build/shacl_reports_quality/cab-001-016.ttl,True,Warning,https://w3id.org/leco/data/co-ahrb-cab-001-d0016/event_cab-001-016_cab-001-016_s006_a001,_:ne1fb5a8fa6ab4e3b91f9799d10da11a3b5,sh:MinCountConstraintComponent,leco:decidedBy,,No se ha identificado quién decidió esta decisión jurídica.
cab-001-016,build/shacl_reports_quality/cab-001-016.ttl,True,Warning,https://w3id.org/leco/data/co-ahrb-cab-001-d0016/event_cab-001-016_cab-001-016_s002_a001,_:ne1fb5a8fa6ab4e3b91f9799d10da11a3b3,sh:MinCountConstraintComponent,leco:withinJurisdiction,,"No se ha identificado una jurisdicción para este acto. Es una laguna de completitud, no un error estructural."
cab-001-018,build/shacl_reports_quality/cab-001-018.ttl,True,Warning,https://w3id.org/leco/data/co-ahrb-cab-001-d0018/event_cab-001-018_cab-001-018_s003_a002,_:nc5a2f648625847deb24509431d755fefb11,sh:MinCountConstraintComponent,leco:sanctions,,No se ha identificado el actor sancionado.
cab-001-018,build/shacl_reports_quality/cab-001-018.ttl,True,Warning,https://w3id.org/leco/data/co-ahrb-cab-001-d0018/event_cab-001-018_cab-001-018_s002_a001,_:nc5a2f648625847deb24509431d755fefb3,sh:MinCountConstraintComponent,leco:withinJurisdiction,,"No se ha identificado una jurisdicción para este acto. Es una laguna de completitud, no un error estructural."
cab-001-018,build/shacl_reports_quality/cab-001-018.ttl,True,Warning,https://w3id.org/leco/data/co-ahrb-cab-001-d0018/event_cab-001-018_cab-001-018_s003_a002,_:nc5a2f648625847deb24509431d755fefb14,sh:MinCountConstraintComponent,leco:decidedBy,,No se ha identificado quién decidió esta decisión jurídica.
cab-001-018,build/shacl_reports_quality/cab-001-018.ttl,True,Warning,https://w3id.org/leco/data/co-ahrb-cab-001-d0018/event_cab-001-018_cab-001-018_s003_a002,https://w3id.org/leco/shapes/quality#JurisdictionalActParticipantQualityShape,sh:OrConstraintComponent,,https://w3id.org/leco/data/co-ahrb-cab-001-d0018/event_cab-001-018_cab-001-018_s003_a002,No se ha identificado ningún participante del acto. Mantener como incompletitud si la fuente no permite establecerlo.
cab-001-018,build/shacl_reports_quality/cab-001-018.ttl,True,Warning,https://w3id.org/leco/data/co-ahrb-cab-001-d0018/event_cab-001-018_cab-001-018_s004_a002,_:nc5a2f648625847deb24509431d755fefb3,sh:MinCountConstraintComponent,leco:withinJurisdiction,,"No se ha identificado una jurisdicción para este acto. Es una laguna de completitud, no un error estructural."
cab-001-018,build/shacl_reports_quality/cab-001-018.ttl,True,Warning,https://w3id.org/leco/data/co-ahrb-cab-001-d0018/event_cab-001-018_cab-001-018_s001_a009,_:nc5a2f648625847deb24509431d755fefb3,sh:MinCountConstraintComponent,leco:withinJurisdiction,,"No se ha identificado una jurisdicción para este acto. Es una laguna de completitud, no un error estructural."
cab-001-018,build/shacl_reports_quality/cab-001-018.ttl,True,Warning,https://w3id.org/leco/data/co-ahrb-cab-001-d0018/event_cab-001-018_cab-001-018_s001_a009,_:nc5a2f648625847deb24509431d755fefb5,sh:MinCountConstraintComponent,leco:createsRepresentation,,El otorgamiento de poder no está enlazado todavía con una relación de representación.
cab-001-018,build/shacl_reports_quality/cab-001-018.ttl,True,Warning,https://w3id.org/leco/data/co-ahrb-cab-001-d0018/event_cab-001-018_cab-001-018_s003_a002,_:nc5a2f648625847deb24509431d755fefb3,sh:MinCountConstraintComponent,leco:withinJurisdiction,,"No se ha identificado una jurisdicción para este acto. Es una laguna de completitud, no un error estructural."
cab-001-018,build/shacl_reports_quality/cab-001-018.ttl,True,Warning,https://w3id.org/leco/data/co-ahrb-cab-001-d0018/event_cab-001-018_cab-001-018_s002_a001,https://w3id.org/leco/shapes/quality#JurisdictionalActParticipantQualityShape,sh:OrConstraintComponent,,https://w3id.org/leco/data/co-ahrb-cab-001-d0018/event_cab-001-018_cab-001-018_s002_a001,No se ha identificado ningún participante del acto. Mantener como incompletitud si la fuente no permite establecerlo.
cab-001-018,build/shacl_reports_quality/cab-001-018.ttl,True,Warning,https://w3id.org/leco/data/co-ahrb-cab-001-d0018/event_cab-001-018_cab-001-018_s004_a002,https://w3id.org/leco/shapes/quality#JurisdictionalActParticipantQualityShape,sh:OrConstraintComponent,,https://w3id.org/leco/data/co-ahrb-cab-001-d0018/event_cab-001-018_cab-001-018_s004_a002,No se ha identificado ningún participante del acto. Mantener como incompletitud si la fuente no permite establecerlo.
cab-001-018,build/shacl_reports_quality/cab-001-018.ttl,True,Warning,https://w3id.org/leco/data/co-ahrb-cab-001-d0018/event_cab-001-018_cab-001-018_s001_a009,https://w3id.org/leco/shapes/quality#JurisdictionalActParticipantQualityShape,sh:OrConstraintComponent,,https://w3id.org/leco/data/co-ahrb-cab-001-d0018/event_cab-001-018_cab-001-018_s001_a009,No se ha identificado ningún participante del acto. Mantener como incompletitud si la fuente no permite establecerlo.
cab-001-019,build/shacl_reports_quality/cab-001-019.ttl,True,Warning,https://w3id.org/leco/data/co-ahrb-cab-001-d0019/event_cab-001-019_cab-001-019_s003_a001,_:n2bf161cb43bf4a8cbf967cb6a55f10ffb11,sh:MinCountConstraintComponent,leco:sanctions,,No se ha identificado el actor sancionado.
cab-001-019,build/shacl_reports_quality/cab-001-019.ttl,True,Warning,https://w3id.org/leco/data/co-ahrb-cab-001-d0019/event_cab-001-019_cab-001-019_s003_a001,_:n2bf161cb43bf4a8cbf967cb6a55f10ffb5,sh:MinCountConstraintComponent,leco:withinJurisdiction,,"No se ha identificado una jurisdicción para este acto. Es una laguna de completitud, no un error estructural."
cab-001-019,build/shacl_reports_quality/cab-001-019.ttl,True,Warning,https://w3id.org/leco/data/co-ahrb-cab-001-d0019/event_cab-001-019_cab-001-019_s004_a001,_:n2bf161cb43bf4a8cbf967cb6a55f10ffb5,sh:MinCountConstraintComponent,leco:withinJurisdiction,,"No se ha identificado una jurisdicción para este acto. Es una laguna de completitud, no un error estructural."
cab-001-019,build/shacl_reports_quality/cab-001-019.ttl,True,Warning,https://w3id.org/leco/data/co-ahrb-cab-001-d0019/event_cab-001-019_cab-001-019_s004_a001,https://w3id.org/leco/shapes/quality#JurisdictionalActParticipantQualityShape,sh:OrConstraintComponent,,https://w3id.org/leco/data/co-ahrb-cab-001-d0019/event_cab-001-019_cab-001-019_s004_a001,No se ha identificado ningún participante del acto. Mantener como incompletitud si la fuente no permite establecerlo.
cab-001-019,build/shacl_reports_quality/cab-001-019.ttl,True,Warning,https://w3id.org/leco/data/co-ahrb-cab-001-d0019/event_cab-001-019_cab-001-019_s004_a004,_:n2bf161cb43bf4a8cbf967cb6a55f10ffb16,sh:MinCountConstraintComponent,leco:appealsAgainst,,No se ha identificado la decisión apelada.
cab-001-019,build/shacl_reports_quality/cab-001-019.ttl,True,Warning,https://w3id.org/leco/data/co-ahrb-cab-001-d0019/event_cab-001-019_cab-001-019_s004_a004,_:n2bf161cb43bf4a8cbf967cb6a55f10ffb5,sh:MinCountConstraintComponent,leco:withinJurisdiction,,"No se ha identificado una jurisdicción para este acto. Es una laguna de completitud, no un error estructural."
cab-001-019,build/shacl_reports_quality/cab-001-019.ttl,True,Warning,https://w3id.org/leco/data/co-ahrb-cab-001-d0019/event_cab-001-019_cab-001-019_s003_a001,https://w3id.org/leco/shapes/quality#JurisdictionalActParticipantQualityShape,sh:OrConstraintComponent,,https://w3id.org/leco/data/co-ahrb-cab-001-d0019/event_cab-001-019_cab-001-019_s003_a001,No se ha identificado ningún participante del acto. Mantener como incompletitud si la fuente no permite establecerlo.
cab-001-019,build/shacl_reports_quality/cab-001-019.ttl,True,Warning,https://w3id.org/leco/data/co-ahrb-cab-001-d0019/event_cab-001-019_cab-001-019_s001_a003,https://w3id.org/leco/shapes/quality#JurisdictionalActParticipantQualityShape,sh:OrConstraintComponent,,https://w3id.org/leco/data/co-ahrb-cab-001-d0019/event_cab-001-019_cab-001-019_s001_a003,No se ha identificado ningún participante del acto. Mantener como incompletitud si la fuente no permite establecerlo.
cab-001-019,build/shacl_reports_quality/cab-001-019.ttl,True,Warning,https://w3id.org/leco/data/co-ahrb-cab-001-d0019/event_cab-001-019_cab-001-019_s004_a004,_:n2bf161cb43bf4a8cbf967cb6a55f10ffb3,sh:MinCountConstraintComponent,leco:beforeAuthority,,No se ha identificado la autoridad ante la cual se presenta la apelación.
cab-001-019,build/shacl_reports_quality/cab-001-019.ttl,True,Warning,https://w3id.org/leco/data/co-ahrb-cab-001-d0019/event_cab-001-019_cab-001-019_s004_a001,_:n2bf161cb43bf4a8cbf967cb6a55f10ffb21,sh:MinCountConstraintComponent,leco:createsRepresentation,,El otorgamiento de poder no está enlazado todavía con una relación de representación.
cab-001-019,build/shacl_reports_quality/cab-001-019.ttl,True,Warning,https://w3id.org/leco/data/co-ahrb-cab-001-d0019/event_cab-001-019_cab-001-019_s001_a003,_:n2bf161cb43bf4a8cbf967cb6a55f10ffb5,sh:MinCountConstraintComponent,leco:withinJurisdiction,,"No se ha identificado una jurisdicción para este acto. Es una laguna de completitud, no un error estructural."
cab-001-019,build/shacl_reports_quality/cab-001-019.ttl,True,Warning,https://w3id.org/leco/data/co-ahrb-cab-001-d0019/event_cab-001-019_cab-001-019_s004_a005,https://w3id.org/leco/shapes/quality#JurisdictionalActParticipantQualityShape,sh:OrConstraintComponent,,https://w3id.org/leco/data/co-ahrb-cab-001-d0019/event_cab-001-019_cab-001-019_s004_a005,No se ha identificado ningún participante del acto. Mantener como incompletitud si la fuente no permite establecerlo.
cab-001-019,build/shacl_reports_quality/cab-001-019.ttl,True,Warning,https://w3id.org/leco/data/co-ahrb-cab-001-d0019/event_cab-001-019_cab-001-019_s003_a001,_:n2bf161cb43bf4a8cbf967cb6a55f10ffb8,sh:MinCountConstraintComponent,leco:decidedBy,,No se ha identificado quién decidió esta decisión jurídica.
cab-001-019,build/shacl_reports_quality/cab-001-019.ttl,True,Warning,https://w3id.org/leco/data/co-ahrb-cab-001-d0019/event_cab-001-019_cab-001-019_s004_a005,_:n2bf161cb43bf4a8cbf967cb6a55f10ffb5,sh:MinCountConstraintComponent,leco:withinJurisdiction,,"No se ha identificado una jurisdicción para este acto. Es una laguna de completitud, no un error estructural."
cab-001-038,build/shacl_reports_quality/cab-001-038.ttl,True,Warning,https://w3id.org/leco/data/co-ahrb-cab-001-d0038/event_cab-001-038_cab-001-038_s006_a006,https://w3id.org/leco/shapes/quality#JurisdictionalActParticipantQualityShape,sh:OrConstraintComponent,,https://w3id.org/leco/data/co-ahrb-cab-001-d0038/event_cab-001-038_cab-001-038_s006_a006,No se ha identificado ningún participante del acto. Mantener como incompletitud si la fuente no permite establecerlo.
cab-001-038,build/shacl_reports_quality/cab-001-038.ttl,True,Warning,https://w3id.org/leco/data/co-ahrb-cab-001-d0038/event_cab-001-038_cab-001-038_s006_a002,_:n0c7a959596924343938046f9674a35afb12,sh:MinCountConstraintComponent,leco:appointsToOffice,,No se ha identificado el oficio al que se realiza el nombramiento.
cab-001-038,build/shacl_reports_quality/cab-001-038.ttl,True,Warning,https://w3id.org/leco/data/co-ahrb-cab-001-d0038/event_cab-001-038_cab-001-038_s002_a003,_:n0c7a959596924343938046f9674a35afb3,sh:MinCountConstraintComponent,leco:withinJurisdiction,,"No se ha identificado una jurisdicción para este acto. Es una laguna de completitud, no un error estructural."
cab-001-038,build/shacl_reports_quality/cab-001-038.ttl,True,Warning,https://w3id.org/leco/data/co-ahrb-cab-001-d0038/event_cab-001-038_cab-001-038_s003_a003,https://w3id.org/leco/shapes/quality#JurisdictionalActParticipantQualityShape,sh:OrConstraintComponent,,https://w3id.org/leco/data/co-ahrb-cab-001-d0038/event_cab-001-038_cab-001-038_s003_a003,No se ha identificado ningún participante del acto. Mantener como incompletitud si la fuente no permite establecerlo.
cab-001-038,build/shacl_reports_quality/cab-001-038.ttl,True,Warning,https://w3id.org/leco/data/co-ahrb-cab-001-d0038/event_cab-001-038_cab-001-038_s003_a003,_:n0c7a959596924343938046f9674a35afb16,sh:MinCountConstraintComponent,leco:createsRepresentation,,El otorgamiento de poder no está enlazado todavía con una relación de representación.
cab-001-038,build/shacl_reports_quality/cab-001-038.ttl,True,Warning,https://w3id.org/leco/data/co-ahrb-cab-001-d0038/event_cab-001-038_cab-001-038_s005_a002,https://w3id.org/leco/shapes/quality#JurisdictionalActParticipantQualityShape,sh:OrConstraintComponent,,https://w3id.org/leco/data/co-ahrb-cab-001-d0038/event_cab-001-038_cab-001-038_s005_a002,No se ha identificado ningún participante del acto. Mantener como incompletitud si la fuente no permite establecerlo.
cab-001-038,build/shacl_reports_quality/cab-001-038.ttl,True,Warning,https://w3id.org/leco/data/co-ahrb-cab-001-d0038/event_cab-001-038_cab-001-038_s002_a003,_:n0c7a959596924343938046f9674a35afb19,sh:MinCountConstraintComponent,leco:sanctions,,No se ha identificado el actor sancionado.
cab-001-038,build/shacl_reports_quality/cab-001-038.ttl,True,Warning,https://w3id.org/leco/data/co-ahrb-cab-001-d0038/event_cab-001-038_cab-001-038_s006_a002,_:n0c7a959596924343938046f9674a35afb3,sh:MinCountConstraintComponent,leco:withinJurisdiction,,"No se ha identificado una jurisdicción para este acto. Es una laguna de completitud, no un error estructural."
cab-001-038,build/shacl_reports_quality/cab-001-038.ttl,True,Warning,https://w3id.org/leco/data/co-ahrb-cab-001-d0038/event_cab-001-038_cab-001-038_s004_a005,https://w3id.org/leco/shapes/quality#JurisdictionalActParticipantQualityShape,sh:OrConstraintComponent,,https://w3id.org/leco/data/co-ahrb-cab-001-d0038/event_cab-001-038_cab-001-038_s004_a005,No se ha identificado ningún participante del acto. Mantener como incompletitud si la fuente no permite establecerlo.
cab-001-038,build/shacl_reports_quality/cab-001-038.ttl,True,Warning,https://w3id.org/leco/data/co-ahrb-cab-001-d0038/event_cab-001-038_cab-001-038_s004_a009,_:n0c7a959596924343938046f9674a35afb3,sh:MinCountConstraintComponent,leco:withinJurisdiction,,"No se ha identificado una jurisdicción para este acto. Es una laguna de completitud, no un error estructural."
cab-001-038,build/shacl_reports_quality/cab-001-038.ttl,True,Warning,https://w3id.org/leco/data/co-ahrb-cab-001-d0038/event_cab-001-038_cab-001-038_s004_a002,_:n0c7a959596924343938046f9674a35afb3,sh:MinCountConstraintComponent,leco:withinJurisdiction,,"No se ha identificado una jurisdicción para este acto. Es una laguna de completitud, no un error estructural."
cab-001-038,build/shacl_reports_quality/cab-001-038.ttl,True,Warning,https://w3id.org/leco/data/co-ahrb-cab-001-d0038/event_cab-001-038_cab-001-038_s003_a003,_:n0c7a959596924343938046f9674a35afb3,sh:MinCountConstraintComponent,leco:withinJurisdiction,,"No se ha identificado una jurisdicción para este acto. Es una laguna de completitud, no un error estructural."
cab-001-038,build/shacl_reports_quality/cab-001-038.ttl,True,Warning,https://w3id.org/leco/data/co-ahrb-cab-001-d0038/event_cab-001-038_cab-001-038_s007_a003,_:n0c7a959596924343938046f9674a35afb3,sh:MinCountConstraintComponent,leco:withinJurisdiction,,"No se ha identificado una jurisdicción para este acto. Es una laguna de completitud, no un error estructural."
cab-001-038,build/shacl_reports_quality/cab-001-038.ttl,True,Warning,https://w3id.org/leco/data/co-ahrb-cab-001-d0038/event_cab-001-038_cab-001-038_s005_a002,_:n0c7a959596924343938046f9674a35afb3,sh:MinCountConstraintComponent,leco:withinJurisdiction,,"No se ha identificado una jurisdicción para este acto. Es una laguna de completitud, no un error estructural."
cab-001-038,build/shacl_reports_quality/cab-001-038.ttl,True,Warning,https://w3id.org/leco/data/co-ahrb-cab-001-d0038/event_cab-001-038_cab-001-038_s004_a003,_:n0c7a959596924343938046f9674a35afb3,sh:MinCountConstraintComponent,leco:withinJurisdiction,,"No se ha identificado una jurisdicción para este acto. Es una laguna de completitud, no un error estructural."
cab-001-038,build/shacl_reports_quality/cab-001-038.ttl,True,Warning,https://w3id.org/leco/data/co-ahrb-cab-001-d0038/event_cab-001-038_cab-001-038_s006_a006,_:n0c7a959596924343938046f9674a35afb3,sh:MinCountConstraintComponent,leco:withinJurisdiction,,"No se ha identificado una jurisdicción para este acto. Es una laguna de completitud, no un error estructural."
cab-001-038,build/shacl_reports_quality/cab-001-038.ttl,True,Warning,https://w3id.org/leco/data/co-ahrb-cab-001-d0038/event_cab-001-038_cab-001-038_s002_a002,https://w3id.org/leco/shapes/quality#JurisdictionalActParticipantQualityShape,sh:OrConstraintComponent,,https://w3id.org/leco/data/co-ahrb-cab-001-d0038/event_cab-001-038_cab-001-038_s002_a002,No se ha identificado ningún participante del acto. Mantener como incompletitud si la fuente no permite establecerlo.
cab-001-038,build/shacl_reports_quality/cab-001-038.ttl,True,Warning,https://w3id.org/leco/data/co-ahrb-cab-001-d0038/event_cab-001-038_cab-001-038_s007_a010,_:n0c7a959596924343938046f9674a35afb3,sh:MinCountConstraintComponent,leco:withinJurisdiction,,"No se ha identificado una jurisdicción para este acto. Es una laguna de completitud, no un error estructural."
cab-001-038,build/shacl_reports_quality/cab-001-038.ttl,True,Warning,https://w3id.org/leco/data/co-ahrb-cab-001-d0038/event_cab-001-038_cab-001-038_s004_a002,https://w3id.org/leco/shapes/quality#JurisdictionalActParticipantQualityShape,sh:OrConstraintComponent,,https://w3id.org/leco/data/co-ahrb-cab-001-d0038/event_cab-001-038_cab-001-038_s004_a002,No se ha identificado ningún participante del acto. Mantener como incompletitud si la fuente no permite establecerlo.
cab-001-038,build/shacl_reports_quality/cab-001-038.ttl,True,Warning,https://w3id.org/leco/data/co-ahrb-cab-001-d0038/event_cab-001-038_cab-001-038_s004_a009,https://w3id.org/leco/shapes/quality#JurisdictionalActParticipantQualityShape,sh:OrConstraintComponent,,https://w3id.org/leco/data/co-ahrb-cab-001-d0038/event_cab-001-038_cab-001-038_s004_a009,No se ha identificado ningún participante del acto. Mantener como incompletitud si la fuente no permite establecerlo.
cab-001-038,build/shacl_reports_quality/cab-001-038.ttl,True,Warning,https://w3id.org/leco/data/co-ahrb-cab-001-d0038/event_cab-001-038_cab-001-038_s004_a005,_:n0c7a959596924343938046f9674a35afb3,sh:MinCountConstraintComponent,leco:withinJurisdiction,,"No se ha identificado una jurisdicción para este acto. Es una laguna de completitud, no un error estructural."
cab-001-038,build/shacl_reports_quality/cab-001-038.ttl,True,Warning,https://w3id.org/leco/data/co-ahrb-cab-001-d0038/event_cab-001-038_cab-001-038_s002_a003,https://w3id.org/leco/shapes/quality#JurisdictionalActParticipantQualityShape,sh:OrConstraintComponent,,https://w3id.org/leco/data/co-ahrb-cab-001-d0038/event_cab-001-038_cab-001-038_s002_a003,No se ha identificado ningún participante del acto. Mantener como incompletitud si la fuente no permite establecerlo.
cab-001-038,build/shacl_reports_quality/cab-001-038.ttl,True,Warning,https://w3id.org/leco/data/co-ahrb-cab-001-d0038/event_cab-001-038_cab-001-038_s007_a003,https://w3id.org/leco/shapes/quality#JurisdictionalActParticipantQualityShape,sh:OrConstraintComponent,,https://w3id.org/leco/data/co-ahrb-cab-001-d0038/event_cab-001-038_cab-001-038_s007_a003,No se ha identificado ningún participante del acto. Mantener como incompletitud si la fuente no permite establecerlo.
cab-001-038,build/shacl_reports_quality/cab-001-038.ttl,True,Warning,https://w3id.org/leco/data/co-ahrb-cab-001-d0038/event_cab-001-038_cab-001-038_s006_a006,_:n0c7a959596924343938046f9674a35afb5,sh:MinCountConstraintComponent,leco:decidedBy,,No se ha identificado quién decidió esta decisión jurídica.
cab-001-038,build/shacl_reports_quality/cab-001-038.ttl,True,Warning,https://w3id.org/leco/data/co-ahrb-cab-001-d0038/event_cab-001-038_cab-001-038_s007_a004,_:n0c7a959596924343938046f9674a35afb3,sh:MinCountConstraintComponent,leco:withinJurisdiction,,"No se ha identificado una jurisdicción para este acto. Es una laguna de completitud, no un error estructural."
cab-001-038,build/shacl_reports_quality/cab-001-038.ttl,True,Warning,https://w3id.org/leco/data/co-ahrb-cab-001-d0038/event_cab-001-038_cab-001-038_s002_a003,_:n0c7a959596924343938046f9674a35afb5,sh:MinCountConstraintComponent,leco:decidedBy,,No se ha identificado quién decidió esta decisión jurídica.
cab-001-038,build/shacl_reports_quality/cab-001-038.ttl,True,Warning,https://w3id.org/leco/data/co-ahrb-cab-001-d0038/event_cab-001-038_cab-001-038_s002_a002,_:n0c7a959596924343938046f9674a35afb3,sh:MinCountConstraintComponent,leco:withinJurisdiction,,"No se ha identificado una jurisdicción para este acto. Es una laguna de completitud, no un error estructural."
cab-001-038,build/shacl_reports_quality/cab-001-038.ttl,True,Warning,https://w3id.org/leco/data/co-ahrb-cab-001-d0038/event_cab-001-038_cab-001-038_s007_a010,https://w3id.org/leco/shapes/quality#JurisdictionalActParticipantQualityShape,sh:OrConstraintComponent,,https://w3id.org/leco/data/co-ahrb-cab-001-d0038/event_cab-001-038_cab-001-038_s007_a010,No se ha identificado ningún participante del acto. Mantener como incompletitud si la fuente no permite establecerlo.
cab-001-039,build/shacl_reports_quality/cab-001-039.ttl,True,Warning,https://w3id.org/leco/data/co-ahrb-cab-001-d0039/event_cab-001-039_cab-001-039_s005_a006,https://w3id.org/leco/shapes/quality#JurisdictionalActParticipantQualityShape,sh:OrConstraintComponent,,https://w3id.org/leco/data/co-ahrb-cab-001-d0039/event_cab-001-039_cab-001-039_s005_a006,No se ha identificado ningún participante del acto. Mantener como incompletitud si la fuente no permite establecerlo.
cab-001-039,build/shacl_reports_quality/cab-001-039.ttl,True,Warning,https://w3id.org/leco/data/co-ahrb-cab-001-d0039/event_cab-001-039_cab-001-039_s003_a004,https://w3id.org/leco/shapes/quality#JurisdictionalActParticipantQualityShape,sh:OrConstraintComponent,,https://w3id.org/leco/data/co-ahrb-cab-001-d0039/event_cab-001-039_cab-001-039_s003_a004,No se ha identificado ningún participante del acto. Mantener como incompletitud si la fuente no permite establecerlo.
cab-001-039,build/shacl_reports_quality/cab-001-039.ttl,True,Warning,https://w3id.org/leco/data/co-ahrb-cab-001-d0039/event_cab-001-039_cab-001-039_s005_a008,_:nd0e33d8444e445e8bf9fb84a776b8260b3,sh:MinCountConstraintComponent,leco:withinJurisdiction,,"No se ha identificado una jurisdicción para este acto. Es una laguna de completitud, no un error estructural."
cab-001-039,build/shacl_reports_quality/cab-001-039.ttl,True,Warning,https://w3id.org/leco/data/co-ahrb-cab-001-d0039/event_cab-001-039_cab-001-039_s005_a006,_:nd0e33d8444e445e8bf9fb84a776b8260b3,sh:MinCountConstraintComponent,leco:withinJurisdiction,,"No se ha identificado una jurisdicción para este acto. Es una laguna de completitud, no un error estructural."
cab-001-039,build/shacl_reports_quality/cab-001-039.ttl,True,Warning,https://w3id.org/leco/data/co-ahrb-cab-001-d0039/event_cab-001-039_cab-001-039_s005_a005,_:nd0e33d8444e445e8bf9fb84a776b8260b3,sh:MinCountConstraintComponent,leco:withinJurisdiction,,"No se ha identificado una jurisdicción para este acto. Es una laguna de completitud, no un error estructural."
cab-001-039,build/shacl_reports_quality/cab-001-039.ttl,True,Warning,https://w3id.org/leco/data/co-ahrb-cab-001-d0039/event_cab-001-039_cab-001-039_s005_a004,https://w3id.org/leco/shapes/quality#JurisdictionalActParticipantQualityShape,sh:OrConstraintComponent,,https://w3id.org/leco/data/co-ahrb-cab-001-d0039/event_cab-001-039_cab-001-039_s005_a004,No se ha identificado ningún participante del acto. Mantener como incompletitud si la fuente no permite establecerlo.
cab-001-039,build/shacl_reports_quality/cab-001-039.ttl,True,Warning,https://w3id.org/leco/data/co-ahrb-cab-001-d0039/event_cab-001-039_cab-001-039_s002_a002,_:nd0e33d8444e445e8bf9fb84a776b8260b3,sh:MinCountConstraintComponent,leco:withinJurisdiction,,"No se ha identificado una jurisdicción para este acto. Es una laguna de completitud, no un error estructural."
cab-001-039,build/shacl_reports_quality/cab-001-039.ttl,True,Warning,https://w3id.org/leco/data/co-ahrb-cab-001-d0039/event_cab-001-039_cab-001-039_s005_a007,_:nd0e33d8444e445e8bf9fb84a776b8260b18,sh:MinCountConstraintComponent,leco:decidedBy,,No se ha identificado quién decidió esta decisión jurídica.
cab-001-039,build/shacl_reports_quality/cab-001-039.ttl,True,Warning,https://w3id.org/leco/data/co-ahrb-cab-001-d0039/event_cab-001-039_cab-001-039_s005_a007,_:nd0e33d8444e445e8bf9fb84a776b8260b3,sh:MinCountConstraintComponent,leco:withinJurisdiction,,"No se ha identificado una jurisdicción para este acto. Es una laguna de completitud, no un error estructural."
cab-001-039,build/shacl_reports_quality/cab-001-039.ttl,True,Warning,https://w3id.org/leco/data/co-ahrb-cab-001-d0039/event_cab-001-039_cab-001-039_s005_a007,https://w3id.org/leco/shapes/quality#JurisdictionalActParticipantQualityShape,sh:OrConstraintComponent,,https://w3id.org/leco/data/co-ahrb-cab-001-d0039/event_cab-001-039_cab-001-039_s005_a007,No se ha identificado ningún participante del acto. Mantener como incompletitud si la fuente no permite establecerlo.
cab-001-039,build/shacl_reports_quality/cab-001-039.ttl,True,Warning,https://w3id.org/leco/data/co-ahrb-cab-001-d0039/event_cab-001-039_cab-001-039_s002_a002,https://w3id.org/leco/shapes/quality#JurisdictionalActParticipantQualityShape,sh:OrConstraintComponent,,https://w3id.org/leco/data/co-ahrb-cab-001-d0039/event_cab-001-039_cab-001-039_s002_a002,No se ha identificado ningún participante del acto. Mantener como incompletitud si la fuente no permite establecerlo.
cab-001-039,build/shacl_reports_quality/cab-001-039.ttl,True,Warning,https://w3id.org/leco/data/co-ahrb-cab-001-d0039/event_cab-001-039_cab-001-039_s005_a004,_:nd0e33d8444e445e8bf9fb84a776b8260b3,sh:MinCountConstraintComponent,leco:withinJurisdiction,,"No se ha identificado una jurisdicción para este acto. Es una laguna de completitud, no un error estructural."
cab-001-039,build/shacl_reports_quality/cab-001-039.ttl,True,Warning,https://w3id.org/leco/data/co-ahrb-cab-001-d0039/event_cab-001-039_cab-001-039_s005_a008,https://w3id.org/leco/shapes/quality#JurisdictionalActParticipantQualityShape,sh:OrConstraintComponent,,https://w3id.org/leco/data/co-ahrb-cab-001-d0039/event_cab-001-039_cab-001-039_s005_a008,No se ha identificado ningún participante del acto. Mantener como incompletitud si la fuente no permite establecerlo.
cab-001-039,build/shacl_reports_quality/cab-001-039.ttl,True,Warning,https://w3id.org/leco/data/co-ahrb-cab-001-d0039/event_cab-001-039_cab-001-039_s003_a004,_:nd0e33d8444e445e8bf9fb84a776b8260b3,sh:MinCountConstraintComponent,leco:withinJurisdiction,,"No se ha identificado una jurisdicción para este acto. Es una laguna de completitud, no un error estructural."
cab-001-039,build/shacl_reports_quality/cab-001-039.ttl,True,Warning,https://w3id.org/leco/data/co-ahrb-cab-001-d0039/event_cab-001-039_cab-001-039_s006_a001,_:nd0e33d8444e445e8bf9fb84a776b8260b3,sh:MinCountConstraintComponent,leco:withinJurisdiction,,"No se ha identificado una jurisdicción para este acto. Es una laguna de completitud, no un error estructural."
cab-001-040,build/shacl_reports_quality/cab-001-040.ttl,True,Warning,https://w3id.org/leco/data/co-ahrb-cab-001-d0040/event_cab-001-040_cab-001-040_s003_a005,_:nc8e318bb8743440b8ce403f8c73d8ddfb10,sh:MinCountConstraintComponent,leco:withinJurisdiction,,"No se ha identificado una jurisdicción para este acto. Es una laguna de completitud, no un error estructural."
cab-001-040,build/shacl_reports_quality/cab-001-040.ttl,True,Warning,https://w3id.org/leco/data/co-ahrb-cab-001-d0040/event_cab-001-040_cab-001-040_s003_a008,_:nc8e318bb8743440b8ce403f8c73d8ddfb10,sh:MinCountConstraintComponent,leco:withinJurisdiction,,"No se ha identificado una jurisdicción para este acto. Es una laguna de completitud, no un error estructural."
cab-001-040,build/shacl_reports_quality/cab-001-040.ttl,True,Warning,https://w3id.org/leco/data/co-ahrb-cab-001-d0040/event_cab-001-040_cab-001-040_s003_a009,https://w3id.org/leco/shapes/quality#JurisdictionalActParticipantQualityShape,sh:OrConstraintComponent,,https://w3id.org/leco/data/co-ahrb-cab-001-d0040/event_cab-001-040_cab-001-040_s003_a009,No se ha identificado ningún participante del acto. Mantener como incompletitud si la fuente no permite establecerlo.
cab-001-040,build/shacl_reports_quality/cab-001-040.ttl,True,Warning,https://w3id.org/leco/data/co-ahrb-cab-001-d0040/event_cab-001-040_cab-001-040_s003_a005,https://w3id.org/leco/shapes/quality#JurisdictionalActParticipantQualityShape,sh:OrConstraintComponent,,https://w3id.org/leco/data/co-ahrb-cab-001-d0040/event_cab-001-040_cab-001-040_s003_a005,No se ha identificado ningún participante del acto. Mantener como incompletitud si la fuente no permite establecerlo.
cab-001-040,build/shacl_reports_quality/cab-001-040.ttl,True,Warning,https://w3id.org/leco/data/co-ahrb-cab-001-d0040/event_cab-001-040_cab-001-040_s003_a008,https://w3id.org/leco/shapes/quality#JurisdictionalActParticipantQualityShape,sh:OrConstraintComponent,,https://w3id.org/leco/data/co-ahrb-cab-001-d0040/event_cab-001-040_cab-001-040_s003_a008,No se ha identificado ningún participante del acto. Mantener como incompletitud si la fuente no permite establecerlo.
cab-001-040,build/shacl_reports_quality/cab-001-040.ttl,True,Warning,https://w3id.org/leco/data/co-ahrb-cab-001-d0040/event_cab-001-040_cab-001-040_s003_a005,_:nc8e318bb8743440b8ce403f8c73d8ddfb6,sh:MinCountConstraintComponent,leco:createsRepresentation,,El otorgamiento de poder no está enlazado todavía con una relación de representación.
cab-001-040,build/shacl_reports_quality/cab-001-040.ttl,True,Warning,https://w3id.org/leco/data/co-ahrb-cab-001-d0040/event_cab-001-040_cab-001-040_s003_a008,_:nc8e318bb8743440b8ce403f8c73d8ddfb8,sh:MinCountConstraintComponent,leco:decidedBy,,No se ha identificado quién decidió esta decisión jurídica.
cab-001-040,build/shacl_reports_quality/cab-001-040.ttl,True,Warning,https://w3id.org/leco/data/co-ahrb-cab-001-d0040/event_cab-001-040_cab-001-040_s003_a009,_:nc8e318bb8743440b8ce403f8c73d8ddfb10,sh:MinCountConstraintComponent,leco:withinJurisdiction,,"No se ha identificado una jurisdicción para este acto. Es una laguna de completitud, no un error estructural."
cab-001-042,build/shacl_reports_quality/cab-001-042.ttl,True,Warning,https://w3id.org/leco/data/co-ahrb-cab-001-d0042/event_cab-001-042_cab-001-042_s008_a002,https://w3id.org/leco/shapes/quality#JurisdictionalActParticipantQualityShape,sh:OrConstraintComponent,,https://w3id.org/leco/data/co-ahrb-cab-001-d0042/event_cab-001-042_cab-001-042_s008_a002,No se ha identificado ningún participante del acto. Mantener como incompletitud si la fuente no permite establecerlo.
cab-001-042,build/shacl_reports_quality/cab-001-042.ttl,True,Warning,https://w3id.org/leco/data/co-ahrb-cab-001-d0042/event_cab-001-042_cab-001-042_s001_a006,_:nc1273016a20b4c7b8732fb4f8ee1d1a1b8,sh:MinCountConstraintComponent,leco:withinJurisdiction,,"No se ha identificado una jurisdicción para este acto. Es una laguna de completitud, no un error estructural."
cab-001-042,build/shacl_reports_quality/cab-001-042.ttl,True,Warning,https://w3id.org/leco/data/co-ahrb-cab-001-d0042/event_cab-001-042_cab-001-042_s008_a002,_:nc1273016a20b4c7b8732fb4f8ee1d1a1b8,sh:MinCountConstraintComponent,leco:withinJurisdiction,,"No se ha identificado una jurisdicción para este acto. Es una laguna de completitud, no un error estructural."
cab-001-042,build/shacl_reports_quality/cab-001-042.ttl,True,Warning,https://w3id.org/leco/data/co-ahrb-cab-001-d0042/event_cab-001-042_cab-001-042_s007_a003,_:nc1273016a20b4c7b8732fb4f8ee1d1a1b8,sh:MinCountConstraintComponent,leco:withinJurisdiction,,"No se ha identificado una jurisdicción para este acto. Es una laguna de completitud, no un error estructural."
cab-001-042,build/shacl_reports_quality/cab-001-042.ttl,True,Warning,https://w3id.org/leco/data/co-ahrb-cab-001-d0042/event_cab-001-042_cab-001-042_s001_a006,https://w3id.org/leco/shapes/quality#JurisdictionalActParticipantQualityShape,sh:OrConstraintComponent,,https://w3id.org/leco/data/co-ahrb-cab-001-d0042/event_cab-001-042_cab-001-042_s001_a006,No se ha identificado ningún participante del acto. Mantener como incompletitud si la fuente no permite establecerlo.
cab-001-042,build/shacl_reports_quality/cab-001-042.ttl,True,Warning,https://w3id.org/leco/data/co-ahrb-cab-001-d0042/event_cab-001-042_cab-001-042_s003_a001,_:nc1273016a20b4c7b8732fb4f8ee1d1a1b8,sh:MinCountConstraintComponent,leco:withinJurisdiction,,"No se ha identificado una jurisdicción para este acto. Es una laguna de completitud, no un error estructural."
cab-001-042,build/shacl_reports_quality/cab-001-042.ttl,True,Warning,https://w3id.org/leco/data/co-ahrb-cab-001-d0042/event_cab-001-042_cab-001-042_s002_a001,_:nc1273016a20b4c7b8732fb4f8ee1d1a1b6,sh:MinCountConstraintComponent,leco:decidedBy,,No se ha identificado quién decidió esta decisión jurídica.
cab-001-042,build/shacl_reports_quality/cab-001-042.ttl,True,Warning,https://w3id.org/leco/data/co-ahrb-cab-001-d0042/event_cab-001-042_cab-001-042_s007_a002,_:nc1273016a20b4c7b8732fb4f8ee1d1a1b8,sh:MinCountConstraintComponent,leco:withinJurisdiction,,"No se ha identificado una jurisdicción para este acto. Es una laguna de completitud, no un error estructural."
cab-001-042,build/shacl_reports_quality/cab-001-042.ttl,True,Warning,https://w3id.org/leco/data/co-ahrb-cab-001-d0042/event_cab-001-042_cab-001-042_s002_a001,_:nc1273016a20b4c7b8732fb4f8ee1d1a1b8,sh:MinCountConstraintComponent,leco:withinJurisdiction,,"No se ha identificado una jurisdicción para este acto. Es una laguna de completitud, no un error estructural."
cab-001-042,build/shacl_reports_quality/cab-001-042.ttl,True,Warning,https://w3id.org/leco/data/co-ahrb-cab-001-d0042/event_cab-001-042_cab-001-042_s007_a002,https://w3id.org/leco/shapes/quality#JurisdictionalActParticipantQualityShape,sh:OrConstraintComponent,,https://w3id.org/leco/data/co-ahrb-cab-001-d0042/event_cab-001-042_cab-001-042_s007_a002,No se ha identificado ningún participante del acto. Mantener como incompletitud si la fuente no permite establecerlo.
cab-001-042,build/shacl_reports_quality/cab-001-042.ttl,True,Warning,https://w3id.org/leco/data/co-ahrb-cab-001-d0042/event_cab-001-042_cab-001-042_s003_a001,https://w3id.org/leco/shapes/quality#JurisdictionalActParticipantQualityShape,sh:OrConstraintComponent,,https://w3id.org/leco/data/co-ahrb-cab-001-d0042/event_cab-001-042_cab-001-042_s003_a001,No se ha identificado ningún participante del acto. Mantener como incompletitud si la fuente no permite establecerlo.
cab-001-042,build/shacl_reports_quality/cab-001-042.ttl,True,Warning,https://w3id.org/leco/data/co-ahrb-cab-001-d0042/event_cab-001-042_cab-001-042_s008_a001,https://w3id.org/leco/shapes/quality#JurisdictionalActParticipantQualityShape,sh:OrConstraintComponent,,https://w3id.org/leco/data/co-ahrb-cab-001-d0042/event_cab-001-042_cab-001-042_s008_a001,No se ha identificado ningún participante del acto. Mantener como incompletitud si la fuente no permite establecerlo.
cab-001-042,build/shacl_reports_quality/cab-001-042.ttl,True,Warning,https://w3id.org/leco/data/co-ahrb-cab-001-d0042/event_cab-001-042_cab-001-042_s002_a001,https://w3id.org/leco/shapes/quality#JurisdictionalActParticipantQualityShape,sh:OrConstraintComponent,,https://w3id.org/leco/data/co-ahrb-cab-001-d0042/event_cab-001-042_cab-001-042_s002_a001,No se ha identificado ningún participante del acto. Mantener como incompletitud si la fuente no permite establecerlo.
cab-001-042,build/shacl_reports_quality/cab-001-042.ttl,True,Warning,https://w3id.org/leco/data/co-ahrb-cab-001-d0042/event_cab-001-042_cab-001-042_s003_a001,_:nc1273016a20b4c7b8732fb4f8ee1d1a1b6,sh:MinCountConstraintComponent,leco:decidedBy,,No se ha identificado quién decidió esta decisión jurídica.
cab-001-042,build/shacl_reports_quality/cab-001-042.ttl,True,Warning,https://w3id.org/leco/data/co-ahrb-cab-001-d0042/event_cab-001-042_cab-001-042_s008_a001,_:nc1273016a20b4c7b8732fb4f8ee1d1a1b8,sh:MinCountConstraintComponent,leco:withinJurisdiction,,"No se ha identificado una jurisdicción para este acto. Es una laguna de completitud, no un error estructural."
cab-001-042,build/shacl_reports_quality/cab-001-042.ttl,True,Warning,https://w3id.org/leco/data/co-ahrb-cab-001-d0042/event_cab-001-042_cab-001-042_s003_a001,_:nc1273016a20b4c7b8732fb4f8ee1d1a1b10,sh:MinCountConstraintComponent,leco:sanctions,,No se ha identificado el actor sancionado.
cab-001-046,build/shacl_reports_quality/cab-001-046.ttl,True,Warning,https://w3id.org/leco/data/co-ahrb-cab-001-d0046/event_cab-001-046_cab-001-046_s002_a003,_:nf8298d50828d4d5baea6c4f4a6551349b5,sh:MinCountConstraintComponent,leco:withinJurisdiction,,"No se ha identificado una jurisdicción para este acto. Es una laguna de completitud, no un error estructural."
cab-001-046,build/shacl_reports_quality/cab-001-046.ttl,True,Warning,https://w3id.org/leco/data/co-ahrb-cab-001-d0046/concept_use_cab-001-046_cab-001-046_s013_a002,_:nf8298d50828d4d5baea6c4f4a6551349b12,sh:MinCountConstraintComponent,leco:conceptUseJurisdiction,,El uso del concepto histórico no tiene todavía contexto jurisdiccional identificado.
cab-001-046,build/shacl_reports_quality/cab-001-046.ttl,True,Warning,https://w3id.org/leco/data/co-ahrb-cab-001-d0046/event_cab-001-046_cab-001-046_s002_a002,https://w3id.org/leco/shapes/quality#JurisdictionalActParticipantQualityShape,sh:OrConstraintComponent,,https://w3id.org/leco/data/co-ahrb-cab-001-d0046/event_cab-001-046_cab-001-046_s002_a002,No se ha identificado ningún participante del acto. Mantener como incompletitud si la fuente no permite establecerlo.
cab-001-046,build/shacl_reports_quality/cab-001-046.ttl,True,Warning,https://w3id.org/leco/data/co-ahrb-cab-001-d0046/event_cab-001-046_cab-001-046_s001_a005,_:nf8298d50828d4d5baea6c4f4a6551349b3,sh:MinCountConstraintComponent,leco:decidedBy,,No se ha identificado quién decidió esta decisión jurídica.
cab-001-046,build/shacl_reports_quality/cab-001-046.ttl,True,Warning,https://w3id.org/leco/data/co-ahrb-cab-001-d0046/event_cab-001-046_cab-001-046_s001_a005,_:nf8298d50828d4d5baea6c4f4a6551349b5,sh:MinCountConstraintComponent,leco:withinJurisdiction,,"No se ha identificado una jurisdicción para este acto. Es una laguna de completitud, no un error estructural."
cab-001-046,build/shacl_reports_quality/cab-001-046.ttl,True,Warning,https://w3id.org/leco/data/co-ahrb-cab-001-d0046/event_cab-001-046_cab-001-046_s002_a002,_:nf8298d50828d4d5baea6c4f4a6551349b5,sh:MinCountConstraintComponent,leco:withinJurisdiction,,"No se ha identificado una jurisdicción para este acto. Es una laguna de completitud, no un error estructural."
cab-001-046,build/shacl_reports_quality/cab-001-046.ttl,True,Warning,https://w3id.org/leco/data/co-ahrb-cab-001-d0046/event_cab-001-046_cab-001-046_s001_a005,https://w3id.org/leco/shapes/quality#JurisdictionalActParticipantQualityShape,sh:OrConstraintComponent,,https://w3id.org/leco/data/co-ahrb-cab-001-d0046/event_cab-001-046_cab-001-046_s001_a005,No se ha identificado ningún participante del acto. Mantener como incompletitud si la fuente no permite establecerlo.
cab-001-046,build/shacl_reports_quality/cab-001-046.ttl,True,Warning,https://w3id.org/leco/data/co-ahrb-cab-001-d0046/event_cab-001-046_cab-001-046_s002_a002,_:nf8298d50828d4d5baea6c4f4a6551349b3,sh:MinCountConstraintComponent,leco:decidedBy,,No se ha identificado quién decidió esta decisión jurídica.
cab-001-046,build/shacl_reports_quality/cab-001-046.ttl,True,Warning,https://w3id.org/leco/data/co-ahrb-cab-001-d0046/event_cab-001-046_cab-001-046_s002_a003,https://w3id.org/leco/shapes/quality#JurisdictionalActParticipantQualityShape,sh:OrConstraintComponent,,https://w3id.org/leco/data/co-ahrb-cab-001-d0046/event_cab-001-046_cab-001-046_s002_a003,No se ha identificado ningún participante del acto. Mantener como incompletitud si la fuente no permite establecerlo.
cab-001-055,build/shacl_reports_quality/cab-001-055.ttl,True,Warning,https://w3id.org/leco/data/co-ahrb-cab-001-d0055/event_cab-001-055_cab-001-055_s004_a002,_:n212c7b4b8f214023ac504565bb5eb719b5,sh:MinCountConstraintComponent,leco:decidedBy,,No se ha identificado quién decidió esta decisión jurídica.
cab-001-055,build/shacl_reports_quality/cab-001-055.ttl,True,Warning,https://w3id.org/leco/data/co-ahrb-cab-001-d0055/event_cab-001-055_cab-001-055_s002_a002,_:n212c7b4b8f214023ac504565bb5eb719b3,sh:MinCountConstraintComponent,leco:withinJurisdiction,,"No se ha identificado una jurisdicción para este acto. Es una laguna de completitud, no un error estructural."
cab-001-055,build/shacl_reports_quality/cab-001-055.ttl,True,Warning,https://w3id.org/leco/data/co-ahrb-cab-001-d0055/event_cab-001-055_cab-001-055_s003_a001,_:n212c7b4b8f214023ac504565bb5eb719b3,sh:MinCountConstraintComponent,leco:withinJurisdiction,,"No se ha identificado una jurisdicción para este acto. Es una laguna de completitud, no un error estructural."
cab-001-055,build/shacl_reports_quality/cab-001-055.ttl,True,Warning,https://w3id.org/leco/data/co-ahrb-cab-001-d0055/event_cab-001-055_cab-001-055_s005_a001,_:n212c7b4b8f214023ac504565bb5eb719b5,sh:MinCountConstraintComponent,leco:decidedBy,,No se ha identificado quién decidió esta decisión jurídica.
cab-001-055,build/shacl_reports_quality/cab-001-055.ttl,True,Warning,https://w3id.org/leco/data/co-ahrb-cab-001-d0055/event_cab-001-055_cab-001-055_s005_a001,_:n212c7b4b8f214023ac504565bb5eb719b3,sh:MinCountConstraintComponent,leco:withinJurisdiction,,"No se ha identificado una jurisdicción para este acto. Es una laguna de completitud, no un error estructural."
cab-001-055,build/shacl_reports_quality/cab-001-055.ttl,True,Warning,https://w3id.org/leco/data/co-ahrb-cab-001-d0055/event_cab-001-055_cab-001-055_s006_a002,_:n212c7b4b8f214023ac504565bb5eb719b3,sh:MinCountConstraintComponent,leco:withinJurisdiction,,"No se ha identificado una jurisdicción para este acto. Es una laguna de completitud, no un error estructural."
cab-001-055,build/shacl_reports_quality/cab-001-055.ttl,True,Warning,https://w3id.org/leco/data/co-ahrb-cab-001-d0055/event_cab-001-055_cab-001-055_s004_a002,https://w3id.org/leco/shapes/quality#JurisdictionalActParticipantQualityShape,sh:OrConstraintComponent,,https://w3id.org/leco/data/co-ahrb-cab-001-d0055/event_cab-001-055_cab-001-055_s004_a002,No se ha identificado ningún participante del acto. Mantener como incompletitud si la fuente no permite establecerlo.
cab-001-055,build/shacl_reports_quality/cab-001-055.ttl,True,Warning,https://w3id.org/leco/data/co-ahrb-cab-001-d0055/event_cab-001-055_cab-001-055_s006_a003,https://w3id.org/leco/shapes/quality#JurisdictionalActParticipantQualityShape,sh:OrConstraintComponent,,https://w3id.org/leco/data/co-ahrb-cab-001-d0055/event_cab-001-055_cab-001-055_s006_a003,No se ha identificado ningún participante del acto. Mantener como incompletitud si la fuente no permite establecerlo.
cab-001-055,build/shacl_reports_quality/cab-001-055.ttl,True,Warning,https://w3id.org/leco/data/co-ahrb-cab-001-d0055/event_cab-001-055_cab-001-055_s005_a002,_:n212c7b4b8f214023ac504565bb5eb719b3,sh:MinCountConstraintComponent,leco:withinJurisdiction,,"No se ha identificado una jurisdicción para este acto. Es una laguna de completitud, no un error estructural."
cab-001-055,build/shacl_reports_quality/cab-001-055.ttl,True,Warning,https://w3id.org/leco/data/co-ahrb-cab-001-d0055/event_cab-001-055_cab-001-055_s006_a002,https://w3id.org/leco/shapes/quality#JurisdictionalActParticipantQualityShape,sh:OrConstraintComponent,,https://w3id.org/leco/data/co-ahrb-cab-001-d0055/event_cab-001-055_cab-001-055_s006_a002,No se ha identificado ningún participante del acto. Mantener como incompletitud si la fuente no permite establecerlo.
cab-001-055,build/shacl_reports_quality/cab-001-055.ttl,True,Warning,https://w3id.org/leco/data/co-ahrb-cab-001-d0055/event_cab-001-055_cab-001-055_s004_a002,_:n212c7b4b8f214023ac504565bb5eb719b3,sh:MinCountConstraintComponent,leco:withinJurisdiction,,"No se ha identificado una jurisdicción para este acto. Es una laguna de completitud, no un error estructural."
cab-001-055,build/shacl_reports_quality/cab-001-055.ttl,True,Warning,https://w3id.org/leco/data/co-ahrb-cab-001-d0055/event_cab-001-055_cab-001-055_s005_a002,https://w3id.org/leco/shapes/quality#JurisdictionalActParticipantQualityShape,sh:OrConstraintComponent,,https://w3id.org/leco/data/co-ahrb-cab-001-d0055/event_cab-001-055_cab-001-055_s005_a002,No se ha identificado ningún participante del acto. Mantener como incompletitud si la fuente no permite establecerlo.
cab-001-055,build/shacl_reports_quality/cab-001-055.ttl,True,Warning,https://w3id.org/leco/data/co-ahrb-cab-001-d0055/event_cab-001-055_cab-001-055_s006_a002,_:n212c7b4b8f214023ac504565bb5eb719b5,sh:MinCountConstraintComponent,leco:decidedBy,,No se ha identificado quién decidió esta decisión jurídica.
cab-001-055,build/shacl_reports_quality/cab-001-055.ttl,True,Warning,https://w3id.org/leco/data/co-ahrb-cab-001-d0055/event_cab-001-055_cab-001-055_s002_a003,_:n212c7b4b8f214023ac504565bb5eb719b3,sh:MinCountConstraintComponent,leco:withinJurisdiction,,"No se ha identificado una jurisdicción para este acto. Es una laguna de completitud, no un error estructural."
cab-001-055,build/shacl_reports_quality/cab-001-055.ttl,True,Warning,https://w3id.org/leco/data/co-ahrb-cab-001-d0055/event_cab-001-055_cab-001-055_s006_a003,_:n212c7b4b8f214023ac504565bb5eb719b3,sh:MinCountConstraintComponent,leco:withinJurisdiction,,"No se ha identificado una jurisdicción para este acto. Es una laguna de completitud, no un error estructural."
cab-001-055,build/shacl_reports_quality/cab-001-055.ttl,True,Warning,https://w3id.org/leco/data/co-ahrb-cab-001-d0055/event_cab-001-055_cab-001-055_s002_a002,https://w3id.org/leco/shapes/quality#JurisdictionalActParticipantQualityShape,sh:OrConstraintComponent,,https://w3id.org/leco/data/co-ahrb-cab-001-d0055/event_cab-001-055_cab-001-055_s002_a002,No se ha identificado ningún participante del acto. Mantener como incompletitud si la fuente no permite establecerlo.
cab-001-055,build/shacl_reports_quality/cab-001-055.ttl,True,Warning,https://w3id.org/leco/data/co-ahrb-cab-001-d0055/event_cab-001-055_cab-001-055_s005_a001,https://w3id.org/leco/shapes/quality#JurisdictionalActParticipantQualityShape,sh:OrConstraintComponent,,https://w3id.org/leco/data/co-ahrb-cab-001-d0055/event_cab-001-055_cab-001-055_s005_a001,No se ha identificado ningún participante del acto. Mantener como incompletitud si la fuente no permite establecerlo.
cab-001-056,build/shacl_reports_quality/cab-001-056.ttl,True,Warning,https://w3id.org/leco/data/co-ahrb-cab-001-d0056/event_cab-001-056_cab-001-056_s002_a001,_:nab2bc781148f4f92a66e9c5016f65409b5,sh:MinCountConstraintComponent,leco:decidedBy,,No se ha identificado quién decidió esta decisión jurídica.
cab-001-056,build/shacl_reports_quality/cab-001-056.ttl,True,Warning,https://w3id.org/leco/data/co-ahrb-cab-001-d0056/event_cab-001-056_cab-001-056_s005_a004,_:nab2bc781148f4f92a66e9c5016f65409b3,sh:MinCountConstraintComponent,leco:withinJurisdiction,,"No se ha identificado una jurisdicción para este acto. Es una laguna de completitud, no un error estructural."
cab-001-056,build/shacl_reports_quality/cab-001-056.ttl,True,Warning,https://w3id.org/leco/data/co-ahrb-cab-001-d0056/event_cab-001-056_cab-001-056_s004_a001,_:nab2bc781148f4f92a66e9c5016f65409b3,sh:MinCountConstraintComponent,leco:withinJurisdiction,,"No se ha identificado una jurisdicción para este acto. Es una laguna de completitud, no un error estructural."
cab-001-056,build/shacl_reports_quality/cab-001-056.ttl,True,Warning,https://w3id.org/leco/data/co-ahrb-cab-001-d0056/event_cab-001-056_cab-001-056_s002_a001,https://w3id.org/leco/shapes/quality#JurisdictionalActParticipantQualityShape,sh:OrConstraintComponent,,https://w3id.org/leco/data/co-ahrb-cab-001-d0056/event_cab-001-056_cab-001-056_s002_a001,No se ha identificado ningún participante del acto. Mantener como incompletitud si la fuente no permite establecerlo.
cab-001-056,build/shacl_reports_quality/cab-001-056.ttl,True,Warning,https://w3id.org/leco/data/co-ahrb-cab-001-d0056/event_cab-001-056_cab-001-056_s003_a003,_:nab2bc781148f4f92a66e9c5016f65409b9,sh:MinCountConstraintComponent,leco:sanctions,,No se ha identificado el actor sancionado.
cab-001-056,build/shacl_reports_quality/cab-001-056.ttl,True,Warning,https://w3id.org/leco/data/co-ahrb-cab-001-d0056/event_cab-001-056_cab-001-056_s002_a002,_:nab2bc781148f4f92a66e9c5016f65409b5,sh:MinCountConstraintComponent,leco:decidedBy,,No se ha identificado quién decidió esta decisión jurídica.
cab-001-056,build/shacl_reports_quality/cab-001-056.ttl,True,Warning,https://w3id.org/leco/data/co-ahrb-cab-001-d0056/event_cab-001-056_cab-001-056_s002_a002,https://w3id.org/leco/shapes/quality#JurisdictionalActParticipantQualityShape,sh:OrConstraintComponent,,https://w3id.org/leco/data/co-ahrb-cab-001-d0056/event_cab-001-056_cab-001-056_s002_a002,No se ha identificado ningún participante del acto. Mantener como incompletitud si la fuente no permite establecerlo.
cab-001-056,build/shacl_reports_quality/cab-001-056.ttl,True,Warning,https://w3id.org/leco/data/co-ahrb-cab-001-d0056/event_cab-001-056_cab-001-056_s004_a001,https://w3id.org/leco/shapes/quality#JurisdictionalActParticipantQualityShape,sh:OrConstraintComponent,,https://w3id.org/leco/data/co-ahrb-cab-001-d0056/event_cab-001-056_cab-001-056_s004_a001,No se ha identificado ningún participante del acto. Mantener como incompletitud si la fuente no permite establecerlo.
cab-001-056,build/shacl_reports_quality/cab-001-056.ttl,True,Warning,https://w3id.org/leco/data/co-ahrb-cab-001-d0056/event_cab-001-056_cab-001-056_s002_a002,_:nab2bc781148f4f92a66e9c5016f65409b3,sh:MinCountConstraintComponent,leco:withinJurisdiction,,"No se ha identificado una jurisdicción para este acto. Es una laguna de completitud, no un error estructural."
cab-001-056,build/shacl_reports_quality/cab-001-056.ttl,True,Warning,https://w3id.org/leco/data/co-ahrb-cab-001-d0056/event_cab-001-056_cab-001-056_s003_a003,_:nab2bc781148f4f92a66e9c5016f65409b5,sh:MinCountConstraintComponent,leco:decidedBy,,No se ha identificado quién decidió esta decisión jurídica.
cab-001-056,build/shacl_reports_quality/cab-001-056.ttl,True,Warning,https://w3id.org/leco/data/co-ahrb-cab-001-d0056/event_cab-001-056_cab-001-056_s003_a003,_:nab2bc781148f4f92a66e9c5016f65409b3,sh:MinCountConstraintComponent,leco:withinJurisdiction,,"No se ha identificado una jurisdicción para este acto. Es una laguna de completitud, no un error estructural."
cab-001-056,build/shacl_reports_quality/cab-001-056.ttl,True,Warning,https://w3id.org/leco/data/co-ahrb-cab-001-d0056/event_cab-001-056_cab-001-056_s003_a003,https://w3id.org/leco/shapes/quality#JurisdictionalActParticipantQualityShape,sh:OrConstraintComponent,,https://w3id.org/leco/data/co-ahrb-cab-001-d0056/event_cab-001-056_cab-001-056_s003_a003,No se ha identificado ningún participante del acto. Mantener como incompletitud si la fuente no permite establecerlo.
cab-001-056,build/shacl_reports_quality/cab-001-056.ttl,True,Warning,https://w3id.org/leco/data/co-ahrb-cab-001-d0056/event_cab-001-056_cab-001-056_s004_a001,_:nab2bc781148f4f92a66e9c5016f65409b5,sh:MinCountConstraintComponent,leco:decidedBy,,No se ha identificado quién decidió esta decisión jurídica.
cab-001-056,build/shacl_reports_quality/cab-001-056.ttl,True,Warning,https://w3id.org/leco/data/co-ahrb-cab-001-d0056/event_cab-001-056_cab-001-056_s005_a003,https://w3id.org/leco/shapes/quality#JurisdictionalActParticipantQualityShape,sh:OrConstraintComponent,,https://w3id.org/leco/data/co-ahrb-cab-001-d0056/event_cab-001-056_cab-001-056_s005_a003,No se ha identificado ningún participante del acto. Mantener como incompletitud si la fuente no permite establecerlo.
cab-001-056,build/shacl_reports_quality/cab-001-056.ttl,True,Warning,https://w3id.org/leco/data/co-ahrb-cab-001-d0056/event_cab-001-056_cab-001-056_s005_a004,_:nab2bc781148f4f92a66e9c5016f65409b24,sh:MinCountConstraintComponent,leco:resultsInLegalArrangement,,El repartimiento no está enlazado todavía con el arreglo o régimen jurídico resultante.
cab-001-056,build/shacl_reports_quality/cab-001-056.ttl,True,Warning,https://w3id.org/leco/data/co-ahrb-cab-001-d0056/event_cab-001-056_cab-001-056_s005_a003,_:nab2bc781148f4f92a66e9c5016f65409b3,sh:MinCountConstraintComponent,leco:withinJurisdiction,,"No se ha identificado una jurisdicción para este acto. Es una laguna de completitud, no un error estructural."
cab-001-056,build/shacl_reports_quality/cab-001-056.ttl,True,Warning,https://w3id.org/leco/data/co-ahrb-cab-001-d0056/event_cab-001-056_cab-001-056_s005_a003,_:nab2bc781148f4f92a66e9c5016f65409b5,sh:MinCountConstraintComponent,leco:decidedBy,,No se ha identificado quién decidió esta decisión jurídica.
cab-001-056,build/shacl_reports_quality/cab-001-056.ttl,True,Warning,https://w3id.org/leco/data/co-ahrb-cab-001-d0056/event_cab-001-056_cab-001-056_s005_a004,https://w3id.org/leco/shapes/quality#JurisdictionalActParticipantQualityShape,sh:OrConstraintComponent,,https://w3id.org/leco/data/co-ahrb-cab-001-d0056/event_cab-001-056_cab-001-056_s005_a004,No se ha identificado ningún participante del acto. Mantener como incompletitud si la fuente no permite establecerlo.
cab-001-056,build/shacl_reports_quality/cab-001-056.ttl,True,Warning,https://w3id.org/leco/data/co-ahrb-cab-001-d0056/event_cab-001-056_cab-001-056_s002_a001,_:nab2bc781148f4f92a66e9c5016f65409b3,sh:MinCountConstraintComponent,leco:withinJurisdiction,,"No se ha identificado una jurisdicción para este acto. Es una laguna de completitud, no un error estructural."
cab-001-056,build/shacl_reports_quality/cab-001-056.ttl,True,Warning,https://w3id.org/leco/data/co-ahrb-cab-001-d0056/event_cab-001-056_cab-001-056_s002_a002,_:nab2bc781148f4f92a66e9c5016f65409b9,sh:MinCountConstraintComponent,leco:sanctions,,No se ha identificado el actor sancionado.
